issue_id,severity,sheet,record_id,issue_type,description,suggested_fix,status
AI0001,MEDIUM,PEOPLE,PEOPLE,person/founder ID reused across companies,"37 person_id values appear at multiple companies [('P0018', 2), ('P0050', 2), ('P0051', 2), ('P0060', 2), ('P0079', 2)] — verified same individual by name",review only if the same ID maps to different people,resolved
AI0002,MEDIUM,FOUNDERS,FOUNDERS,person/founder ID reused across companies,"21 person_id values appear at multiple companies [('P0049', 2), ('P0060', 2), ('P0122', 2), ('P0167', 2), ('P0190', 2)] — verified same individual by name",review only if the same ID maps to different people,resolved
AI0003,MEDIUM,STARTUPS.total_funding_disclosed,S0001,DERIVED summary in free text,"'13962.0 Mn INR (equity, DERIVED)' carries equity/debt/derivation breakdown; numeric equity round money is in FUNDING.amount_inr_mn",use FUNDING for numeric totals; keep breakdown as documented note,resolved
AI0004,MEDIUM,STARTUPS.total_funding_disclosed,S0002,DERIVED summary in free text,"'69069.3 Mn INR (equity, DERIVED)' carries equity/debt/derivation breakdown; numeric equity round money is in FUNDING.amount_inr_mn",use FUNDING for numeric totals; keep breakdown as documented note,resolved
AI0005,MEDIUM,STARTUPS.total_funding_disclosed,S0003,DERIVED summary in free text,"'74670.0 Mn INR (equity, DERIVED)' carries equity/debt/derivation breakdown; numeric equity round money is in FUNDING.amount_inr_mn",use FUNDING for numeric totals; keep breakdown as documented note,resolved
AI0006,MEDIUM,STARTUPS.total_funding_disclosed,S0004,DERIVED summary in free text,"'53707.5 Mn INR (equity, DERIVED)' carries equity/debt/derivation breakdown; numeric equity round money is in FUNDING.amount_inr_mn",use FUNDING for numeric totals; keep breakdown as documented note,resolved
AI0007,MEDIUM,STARTUPS.total_funding_disclosed,S0005,DERIVED summary in free text,"'190233.5 Mn INR (equity, DERIVED)' carries equity/debt/derivation breakdown; numeric equity round money is in FUNDING.amount_inr_mn",use FUNDING for numeric totals; keep breakdown as documented note,resolved
AI0008,MEDIUM,STARTUPS.total_funding_disclosed,S0006,DERIVED summary in free text,"'108585.0 Mn INR (equity, DERIVED) + 52200.0 Mn INR (debt)' carries equity/debt/derivation breakdown; numeric equity round money is in FUNDING.amount_inr_mn",use FUNDING for numeric totals; keep breakdown as documented note,resolved
AI0009,MEDIUM,STARTUPS.total_funding_disclosed,S0007,DERIVED summary in free text,"'7850.0 Mn INR (equity, DERIVED) | IPO issue 195.05 USDMn (excluded from private equity total)' carries equity/debt/derivation breakdown; numeric equity round money is in FUNDING.amount_inr_mn",use FUNDING for numeric totals; keep breakdown as documented note,resolved
AI0010,MEDIUM,STARTUPS.total_funding_disclosed,S0008,DERIVED summary in free text,"'29689.5 Mn INR (equity, DERIVED)' carries equity/debt/derivation breakdown; numeric equity round money is in FUNDING.amount_inr_mn",use FUNDING for numeric totals; keep breakdown as documented note,resolved
AI0011,MEDIUM,STARTUPS.total_funding_disclosed,S0009,DERIVED summary in free text,"'21078.0 Mn INR (equity, DERIVED)' carries equity/debt/derivation breakdown; numeric equity round money is in FUNDING.amount_inr_mn",use FUNDING for numeric totals; keep breakdown as documented note,resolved
AI0012,MEDIUM,STARTUPS.total_funding_disclosed,S0010,DERIVED summary in free text,"'19957.0 Mn INR (equity, DERIVED)' carries equity/debt/derivation breakdown; numeric equity round money is in FUNDING.amount_inr_mn",use FUNDING for numeric totals; keep breakdown as documented note,resolved
AI0013,HIGH,STARTUPS.employee_estimate,S0011,non-numeric value,'1415 (Tracxn official) / ~2610-2655 (Inc42/GetLatka 2025)' is a string,split into value/unit/currency,open
AI0014,MEDIUM,STARTUPS.total_funding_disclosed,S0011,DERIVED summary in free text,"'42753.3 Mn INR (equity, DERIVED) | IPO issue 6632.3 INRMn (excluded from private equity total)' carries equity/debt/derivation breakdown; numeric equity round money is in FUNDING.amount_inr_mn",use FUNDING for numeric totals; keep breakdown as documented note,resolved
AI0015,HIGH,STARTUPS.employee_estimate,S0012,non-numeric value,'~900-963' is a string,split into value/unit/currency,open
AI0016,MEDIUM,STARTUPS.total_funding_disclosed,S0012,DERIVED summary in free text,"'30472.0 Mn INR (equity, DERIVED) + 5142.0 Mn INR (debt)' carries equity/debt/derivation breakdown; numeric equity round money is in FUNDING.amount_inr_mn",use FUNDING for numeric totals; keep breakdown as documented note,resolved
AI0017,HIGH,STARTUPS.employee_estimate,S0013,non-numeric value,'~222-234 (early 2026; down from ~640-660 mid-2025 post-layoffs)' is a string,split into value/unit/currency,open
AI0018,MEDIUM,STARTUPS.total_funding_disclosed,S0013,DERIVED summary in free text,"'23896.0 Mn INR (equity, DERIVED) + 1987.2 Mn INR (debt)' carries equity/debt/derivation breakdown; numeric equity round money is in FUNDING.amount_inr_mn",use FUNDING for numeric totals; keep breakdown as documented note,resolved
AI0019,HIGH,STARTUPS.employee_estimate,S0014,non-numeric value,'~114-168' is a string,split into value/unit/currency,open
AI0020,MEDIUM,STARTUPS.total_funding_disclosed,S0014,DERIVED summary in free text,"'30277.8 Mn INR (equity, DERIVED)' carries equity/debt/derivation breakdown; numeric equity round money is in FUNDING.amount_inr_mn",use FUNDING for numeric totals; keep breakdown as documented note,resolved
AI0021,MEDIUM,STARTUPS.total_funding_disclosed,S0015,DERIVED summary in free text,"'34504.0 Mn INR (equity, DERIVED)' carries equity/debt/derivation breakdown; numeric equity round money is in FUNDING.amount_inr_mn",use FUNDING for numeric totals; keep breakdown as documented note,resolved
AI0022,MEDIUM,STARTUPS.total_funding_disclosed,S0016,DERIVED summary in free text,"'36726.5 Mn INR (equity, DERIVED)' carries equity/debt/derivation breakdown; numeric equity round money is in FUNDING.amount_inr_mn",use FUNDING for numeric totals; keep breakdown as documented note,resolved
AI0023,MEDIUM,STARTUPS.total_funding_disclosed,S0017,DERIVED summary in free text,"'19200.0 Mn INR (equity, DERIVED)' carries equity/debt/derivation breakdown; numeric equity round money is in FUNDING.amount_inr_mn",use FUNDING for numeric totals; keep breakdown as documented note,resolved
AI0024,MEDIUM,STARTUPS.total_funding_disclosed,S0018,DERIVED summary in free text,"'12011.0 Mn INR (equity, DERIVED)' carries equity/debt/derivation breakdown; numeric equity round money is in FUNDING.amount_inr_mn",use FUNDING for numeric totals; keep breakdown as documented note,resolved
AI0025,MEDIUM,STARTUPS.total_funding_disclosed,S0019,DERIVED summary in free text,"'19779.2 Mn INR (equity, DERIVED) + 1700.0 Mn INR (debt)' carries equity/debt/derivation breakdown; numeric equity round money is in FUNDING.amount_inr_mn",use FUNDING for numeric totals; keep breakdown as documented note,resolved
AI0026,MEDIUM,STARTUPS.total_funding_disclosed,S0020,DERIVED summary in free text,"'13867.6 Mn INR (equity, DERIVED) + 3155.1 Mn INR (debt)' carries equity/debt/derivation breakdown; numeric equity round money is in FUNDING.amount_inr_mn",use FUNDING for numeric totals; keep breakdown as documented note,resolved
AI0027,MEDIUM,STARTUPS.total_funding_disclosed,S0021,DERIVED summary in free text,"'4012.5 Mn INR (equity, DERIVED)' carries equity/debt/derivation breakdown; numeric equity round money is in FUNDING.amount_inr_mn",use FUNDING for numeric totals; keep breakdown as documented note,resolved
AI0028,MEDIUM,STARTUPS.total_funding_disclosed,S0022,DERIVED summary in free text,"'30117.3 Mn INR (equity, DERIVED)' carries equity/debt/derivation breakdown; numeric equity round money is in FUNDING.amount_inr_mn",use FUNDING for numeric totals; keep breakdown as documented note,resolved
AI0029,MEDIUM,STARTUPS.total_funding_disclosed,S0023,DERIVED summary in free text,"'32639.5 Mn INR (equity, DERIVED)' carries equity/debt/derivation breakdown; numeric equity round money is in FUNDING.amount_inr_mn",use FUNDING for numeric totals; keep breakdown as documented note,resolved
AI0030,MEDIUM,STARTUPS.total_funding_disclosed,S0024,DERIVED summary in free text,"'22350.0 Mn INR (equity, DERIVED)' carries equity/debt/derivation breakdown; numeric equity round money is in FUNDING.amount_inr_mn",use FUNDING for numeric totals; keep breakdown as documented note,resolved
AI0031,MEDIUM,STARTUPS.total_funding_disclosed,S0025,DERIVED summary in free text,"'21821.2 Mn INR (equity, DERIVED)' carries equity/debt/derivation breakdown; numeric equity round money is in FUNDING.amount_inr_mn",use FUNDING for numeric totals; keep breakdown as documented note,resolved
AI0032,MEDIUM,STARTUPS.total_funding_disclosed,S0026,DERIVED summary in free text,"'1043.0 Mn INR (equity, DERIVED)' carries equity/debt/derivation breakdown; numeric equity round money is in FUNDING.amount_inr_mn",use FUNDING for numeric totals; keep breakdown as documented note,resolved
AI0033,MEDIUM,STARTUPS.total_funding_disclosed,S0027,DERIVED summary in free text,"'10570.2 Mn INR (equity, DERIVED)' carries equity/debt/derivation breakdown; numeric equity round money is in FUNDING.amount_inr_mn",use FUNDING for numeric totals; keep breakdown as documented note,resolved
AI0034,MEDIUM,STARTUPS.total_funding_disclosed,S0028,DERIVED summary in free text,"'20135.0 Mn INR (equity, DERIVED)' carries equity/debt/derivation breakdown; numeric equity round money is in FUNDING.amount_inr_mn",use FUNDING for numeric totals; keep breakdown as documented note,resolved
AI0035,MEDIUM,STARTUPS.total_funding_disclosed,S0029,DERIVED summary in free text,"'15612.1 Mn INR (equity, DERIVED)' carries equity/debt/derivation breakdown; numeric equity round money is in FUNDING.amount_inr_mn",use FUNDING for numeric totals; keep breakdown as documented note,resolved
AI0036,MEDIUM,STARTUPS.total_funding_disclosed,S0030,DERIVED summary in free text,"'30040.5 Mn INR (equity, DERIVED)' carries equity/debt/derivation breakdown; numeric equity round money is in FUNDING.amount_inr_mn",use FUNDING for numeric totals; keep breakdown as documented note,resolved
AI0037,MEDIUM,STARTUPS.total_funding_disclosed,S0031,DERIVED summary in free text,"'7253.7 Mn INR (equity, DERIVED) + 977.0 Mn INR (debt)' carries equity/debt/derivation breakdown; numeric equity round money is in FUNDING.amount_inr_mn",use FUNDING for numeric totals; keep breakdown as documented note,resolved
AI0038,MEDIUM,STARTUPS.total_funding_disclosed,S0032,DERIVED summary in free text,"'29494.2 Mn INR (equity, DERIVED)' carries equity/debt/derivation breakdown; numeric equity round money is in FUNDING.amount_inr_mn",use FUNDING for numeric totals; keep breakdown as documented note,resolved
AI0039,MEDIUM,STARTUPS.total_funding_disclosed,S0033,DERIVED summary in free text,"'27354.8 Mn INR (equity, DERIVED) + 5102.5 Mn INR (debt)' carries equity/debt/derivation breakdown; numeric equity round money is in FUNDING.amount_inr_mn",use FUNDING for numeric totals; keep breakdown as documented note,resolved
AI0040,MEDIUM,STARTUPS.total_funding_disclosed,S0034,DERIVED summary in free text,"'32934.5 Mn INR (equity, DERIVED)' carries equity/debt/derivation breakdown; numeric equity round money is in FUNDING.amount_inr_mn",use FUNDING for numeric totals; keep breakdown as documented note,resolved
AI0041,HIGH,STARTUPS.employee_estimate,S0035,non-numeric value,'UNKNOWN' is a string,split into value/unit/currency,open
AI0042,MEDIUM,STARTUPS.total_funding_disclosed,S0035,DERIVED summary in free text,"'48175.0 Mn INR (equity, DERIVED)' carries equity/debt/derivation breakdown; numeric equity round money is in FUNDING.amount_inr_mn",use FUNDING for numeric totals; keep breakdown as documented note,resolved
AI0043,HIGH,STARTUPS.employee_estimate,S0036,non-numeric value,'UNKNOWN' is a string,split into value/unit/currency,open
AI0044,MEDIUM,STARTUPS.total_funding_disclosed,S0036,DERIVED summary in free text,"'3153712.5 Mn INR (equity, DERIVED)' carries equity/debt/derivation breakdown; numeric equity round money is in FUNDING.amount_inr_mn",use FUNDING for numeric totals; keep breakdown as documented note,resolved
AI0045,HIGH,STARTUPS.employee_estimate,S0037,non-numeric value,'UNKNOWN' is a string,split into value/unit/currency,open
AI0046,MEDIUM,STARTUPS.total_funding_disclosed,S0037,DERIVED summary in free text,"'41317.7 Mn INR (equity, DERIVED)' carries equity/debt/derivation breakdown; numeric equity round money is in FUNDING.amount_inr_mn",use FUNDING for numeric totals; keep breakdown as documented note,resolved
AI0047,HIGH,STARTUPS.employee_estimate,S0038,non-numeric value,'UNKNOWN' is a string,split into value/unit/currency,open
AI0048,MEDIUM,STARTUPS.total_funding_disclosed,S0038,DERIVED summary in free text,"'82022.0 Mn INR (equity, DERIVED)' carries equity/debt/derivation breakdown; numeric equity round money is in FUNDING.amount_inr_mn",use FUNDING for numeric totals; keep breakdown as documented note,resolved
AI0049,HIGH,STARTUPS.employee_estimate,S0039,non-numeric value,'UNKNOWN' is a string,split into value/unit/currency,open
AI0050,MEDIUM,STARTUPS.total_funding_disclosed,S0039,DERIVED summary in free text,"'15792.7 Mn INR (equity, DERIVED)' carries equity/debt/derivation breakdown; numeric equity round money is in FUNDING.amount_inr_mn",use FUNDING for numeric totals; keep breakdown as documented note,resolved
AI0051,HIGH,STARTUPS.employee_estimate,S0040,non-numeric value,'UNKNOWN' is a string,split into value/unit/currency,open
AI0052,MEDIUM,STARTUPS.total_funding_disclosed,S0040,DERIVED summary in free text,"'167220.0 Mn INR (equity, DERIVED)' carries equity/debt/derivation breakdown; numeric equity round money is in FUNDING.amount_inr_mn",use FUNDING for numeric totals; keep breakdown as documented note,resolved
AI0053,MEDIUM,STARTUPS.total_funding_disclosed,S0041,DERIVED summary in free text,"'117816.6 Mn INR (equity, DERIVED)' carries equity/debt/derivation breakdown; numeric equity round money is in FUNDING.amount_inr_mn",use FUNDING for numeric totals; keep breakdown as documented note,resolved
AI0054,HIGH,STARTUPS.employee_estimate,S0042,non-numeric value,'estimated 1000-2000' is a string,split into value/unit/currency,open
AI0055,MEDIUM,STARTUPS.total_funding_disclosed,S0042,DERIVED summary in free text,"'96471.2 Mn INR (equity, DERIVED) + 38365.0 Mn INR (debt)' carries equity/debt/derivation breakdown; numeric equity round money is in FUNDING.amount_inr_mn",use FUNDING for numeric totals; keep breakdown as documented note,resolved
AI0056,HIGH,STARTUPS.total_funding_disclosed,S0043,non-numeric value,' | IPO issue 53520.0 INRMn (excluded from private equity total)' is a string,split into value/unit/currency,open
AI0057,MEDIUM,STARTUPS.total_funding_disclosed,S0044,DERIVED summary in free text,"'34899.5 Mn INR (equity, DERIVED)' carries equity/debt/derivation breakdown; numeric equity round money is in FUNDING.amount_inr_mn",use FUNDING for numeric totals; keep breakdown as documented note,resolved
AI0058,HIGH,STARTUPS.employee_estimate,S0045,non-numeric value,'3400-4195 (PitchBook 3400 as of 2025; Tracxn official 4195)' is a string,split into value/unit/currency,open
AI0059,MEDIUM,STARTUPS.total_funding_disclosed,S0045,DERIVED summary in free text,"'4968.0 Mn INR (equity, DERIVED)' carries equity/debt/derivation breakdown; numeric equity round money is in FUNDING.amount_inr_mn",use FUNDING for numeric totals; keep breakdown as documented note,resolved
AI0060,MEDIUM,STARTUPS.total_funding_disclosed,S0046,DERIVED summary in free text,"'68629.0 Mn INR (equity, DERIVED)' carries equity/debt/derivation breakdown; numeric equity round money is in FUNDING.amount_inr_mn",use FUNDING for numeric totals; keep breakdown as documented note,resolved
AI0061,HIGH,STARTUPS.employee_estimate,S0047,non-numeric value,"'446 (Tracxn official) to ~1435 (Inc42, likely incl. field staff)' is a string",split into value/unit/currency,open
AI0062,MEDIUM,STARTUPS.total_funding_disclosed,S0047,DERIVED summary in free text,"'27744.0 Mn INR (equity, DERIVED) + 1112.8 Mn INR (debt)' carries equity/debt/derivation breakdown; numeric equity round money is in FUNDING.amount_inr_mn",use FUNDING for numeric totals; keep breakdown as documented note,resolved
AI0063,HIGH,STARTUPS.employee_estimate,S0048,non-numeric value,'6500 (PitchBook 2026)' is a string,split into value/unit/currency,open
AI0064,MEDIUM,STARTUPS.total_funding_disclosed,S0048,DERIVED summary in free text,"'56137.9 Mn INR (equity, DERIVED)' carries equity/debt/derivation breakdown; numeric equity round money is in FUNDING.amount_inr_mn",use FUNDING for numeric totals; keep breakdown as documented note,resolved
AI0065,HIGH,STARTUPS.employee_estimate,S0049,non-numeric value,'2082 (Tracxn official)' is a string,split into value/unit/currency,open
AI0066,MEDIUM,STARTUPS.total_funding_disclosed,S0049,DERIVED summary in free text,"'98729.8 Mn INR (equity, DERIVED) | IPO issue 606.0 USDMn (excluded from private equity total)' carries equity/debt/derivation breakdown; numeric equity round money is in FUNDING.amount_inr_mn",use FUNDING for numeric totals; keep breakdown as documented note,resolved
AI0067,HIGH,STARTUPS.employee_estimate,S0050,non-numeric value,"'3724 (Tracxn official); ANI legal entity 306 (Mar 2026, Tracxn)' is a string",split into value/unit/currency,open
AI0068,MEDIUM,STARTUPS.total_funding_disclosed,S0050,DERIVED summary in free text,"'47605.5 Mn INR (equity, DERIVED)' carries equity/debt/derivation breakdown; numeric equity round money is in FUNDING.amount_inr_mn",use FUNDING for numeric totals; keep breakdown as documented note,resolved
AI0069,HIGH,STARTUPS.employee_estimate,S0051,non-numeric value,'817 (Tracxn official)' is a string,split into value/unit/currency,open
AI0070,MEDIUM,STARTUPS.total_funding_disclosed,S0051,DERIVED summary in free text,"'101276.8 Mn INR (equity, DERIVED)' carries equity/debt/derivation breakdown; numeric equity round money is in FUNDING.amount_inr_mn",use FUNDING for numeric totals; keep breakdown as documented note,resolved
AI0071,HIGH,STARTUPS.employee_estimate,S0052,non-numeric value,'UNKNOWN' is a string,split into value/unit/currency,open
AI0072,MEDIUM,STARTUPS.total_funding_disclosed,S0052,DERIVED summary in free text,"'142593.0 Mn INR (equity, DERIVED) + 26343.0 Mn INR (debt)' carries equity/debt/derivation breakdown; numeric equity round money is in FUNDING.amount_inr_mn",use FUNDING for numeric totals; keep breakdown as documented note,resolved
AI0073,HIGH,STARTUPS.employee_estimate,S0053,non-numeric value,'1605 (PitchBook profile; UNVERIFIED)' is a string,split into value/unit/currency,open
AI0074,MEDIUM,STARTUPS.total_funding_disclosed,S0053,DERIVED summary in free text,"'13854.2 Mn INR (equity, DERIVED)' carries equity/debt/derivation breakdown; numeric equity round money is in FUNDING.amount_inr_mn",use FUNDING for numeric totals; keep breakdown as documented note,resolved
AI0075,MEDIUM,STARTUPS.total_funding_disclosed,S0054,DERIVED summary in free text,"'41161.0 Mn INR (equity, DERIVED) + 1285.5 Mn INR (debt)' carries equity/debt/derivation breakdown; numeric equity round money is in FUNDING.amount_inr_mn",use FUNDING for numeric totals; keep breakdown as documented note,resolved
AI0076,HIGH,STARTUPS.employee_estimate,S0055,non-numeric value,'447 (per The Company Check; UNVERIFIED)' is a string,split into value/unit/currency,open
AI0077,MEDIUM,STARTUPS.total_funding_disclosed,S0055,DERIVED summary in free text,"'22765.5 Mn INR (equity, DERIVED) + 1964.0 Mn INR (debt)' carries equity/debt/derivation breakdown; numeric equity round money is in FUNDING.amount_inr_mn",use FUNDING for numeric totals; keep breakdown as documented note,resolved
AI0078,HIGH,STARTUPS.employee_estimate,S0056,non-numeric value,"'510 (Inc42 profile; LinkedIn reports 1063 — UNVERIFIED, conflict noted)' is a string",split into value/unit/currency,open
AI0079,MEDIUM,STARTUPS.total_funding_disclosed,S0056,DERIVED summary in free text,"'8635.0 Mn INR (equity, DERIVED)' carries equity/debt/derivation breakdown; numeric equity round money is in FUNDING.amount_inr_mn",use FUNDING for numeric totals; keep breakdown as documented note,resolved
AI0080,MEDIUM,STARTUPS.total_funding_disclosed,S0057,DERIVED summary in free text,"'42565.0 Mn INR (equity, DERIVED)' carries equity/debt/derivation breakdown; numeric equity round money is in FUNDING.amount_inr_mn",use FUNDING for numeric totals; keep breakdown as documented note,resolved
AI0081,HIGH,STARTUPS.employee_estimate,S0058,non-numeric value,"'300 (Revelio Labs, Mar 2026) / 387 (Inc42 Datalabs, 2026)' is a string",split into value/unit/currency,open
AI0082,MEDIUM,STARTUPS.total_funding_disclosed,S0058,DERIVED summary in free text,"'16196.0 Mn INR (equity, DERIVED)' carries equity/debt/derivation breakdown; numeric equity round money is in FUNDING.amount_inr_mn",use FUNDING for numeric totals; keep breakdown as documented note,resolved
AI0083,MEDIUM,STARTUPS.total_funding_disclosed,S0059,DERIVED summary in free text,"'4705.0 Mn INR (equity, DERIVED) + 1305.0 Mn INR (debt)' carries equity/debt/derivation breakdown; numeric equity round money is in FUNDING.amount_inr_mn",use FUNDING for numeric totals; keep breakdown as documented note,resolved
AI0084,MEDIUM,STARTUPS.total_funding_disclosed,S0060,DERIVED summary in free text,"'17666.3 Mn INR (equity, DERIVED)' carries equity/debt/derivation breakdown; numeric equity round money is in FUNDING.amount_inr_mn",use FUNDING for numeric totals; keep breakdown as documented note,resolved
AI0085,MEDIUM,STARTUPS.total_funding_disclosed,S0061,DERIVED summary in free text,"'5257.9 Mn INR (equity, DERIVED)' carries equity/debt/derivation breakdown; numeric equity round money is in FUNDING.amount_inr_mn",use FUNDING for numeric totals; keep breakdown as documented note,resolved
AI0086,MEDIUM,STARTUPS.total_funding_disclosed,S0062,DERIVED summary in free text,"'14905.6 Mn INR (equity, DERIVED)' carries equity/debt/derivation breakdown; numeric equity round money is in FUNDING.amount_inr_mn",use FUNDING for numeric totals; keep breakdown as documented note,resolved
AI0087,HIGH,STARTUPS.employee_estimate,S0063,non-numeric value,'UNKNOWN' is a string,split into value/unit/currency,open
AI0088,MEDIUM,STARTUPS.total_funding_disclosed,S0063,DERIVED summary in free text,"'16019.0 Mn INR (equity, DERIVED)' carries equity/debt/derivation breakdown; numeric equity round money is in FUNDING.amount_inr_mn",use FUNDING for numeric totals; keep breakdown as documented note,resolved
AI0089,HIGH,STARTUPS.employee_estimate,S0064,non-numeric value,'1001-5000 (Crunchbase range; UNVERIFIED)' is a string,split into value/unit/currency,open
AI0090,MEDIUM,STARTUPS.total_funding_disclosed,S0064,DERIVED summary in free text,"'58519.5 Mn INR (equity, DERIVED)' carries equity/debt/derivation breakdown; numeric equity round money is in FUNDING.amount_inr_mn",use FUNDING for numeric totals; keep breakdown as documented note,resolved
AI0091,MEDIUM,STARTUPS.total_funding_disclosed,S0065,DERIVED summary in free text,"'11853.8 Mn INR (equity, DERIVED)' carries equity/debt/derivation breakdown; numeric equity round money is in FUNDING.amount_inr_mn",use FUNDING for numeric totals; keep breakdown as documented note,resolved
AI0092,HIGH,STARTUPS.employee_estimate,S0066,non-numeric value,'UNKNOWN' is a string,split into value/unit/currency,open
AI0093,MEDIUM,STARTUPS.total_funding_disclosed,S0066,DERIVED summary in free text,"'5466.9 Mn INR (equity, DERIVED)' carries equity/debt/derivation breakdown; numeric equity round money is in FUNDING.amount_inr_mn",use FUNDING for numeric totals; keep breakdown as documented note,resolved
AI0094,MEDIUM,STARTUPS.total_funding_disclosed,S0067,DERIVED summary in free text,"'20184.9 Mn INR (equity, DERIVED)' carries equity/debt/derivation breakdown; numeric equity round money is in FUNDING.amount_inr_mn",use FUNDING for numeric totals; keep breakdown as documented note,resolved
AI0095,MEDIUM,STARTUPS.total_funding_disclosed,S0068,DERIVED summary in free text,"'81369.2 Mn INR (equity, DERIVED) + 19540.0 Mn INR (debt)' carries equity/debt/derivation breakdown; numeric equity round money is in FUNDING.amount_inr_mn",use FUNDING for numeric totals; keep breakdown as documented note,resolved
AI0096,HIGH,STARTUPS.employee_estimate,S0069,non-numeric value,'~100' is a string,split into value/unit/currency,open
AI0097,MEDIUM,STARTUPS.total_funding_disclosed,S0069,DERIVED summary in free text,"'2607.5 Mn INR (equity, DERIVED)' carries equity/debt/derivation breakdown; numeric equity round money is in FUNDING.amount_inr_mn",use FUNDING for numeric totals; keep breakdown as documented note,resolved
AI0098,MEDIUM,STARTUPS.total_funding_disclosed,S0070,DERIVED summary in free text,"'21635.6 Mn INR (equity, DERIVED) + 4935.6 Mn INR (debt)' carries equity/debt/derivation breakdown; numeric equity round money is in FUNDING.amount_inr_mn",use FUNDING for numeric totals; keep breakdown as documented note,resolved
AI0099,MEDIUM,STARTUPS.total_funding_disclosed,S0071,DERIVED summary in free text,"'34269.2 Mn INR (equity, DERIVED)' carries equity/debt/derivation breakdown; numeric equity round money is in FUNDING.amount_inr_mn",use FUNDING for numeric totals; keep breakdown as documented note,resolved
AI0100,MEDIUM,STARTUPS.total_funding_disclosed,S0072,DERIVED summary in free text,"'142586.6 Mn INR (equity, DERIVED) | IPO issue 3900.0 USDMn (excluded from private equity total) | IPO issue 2600.0 USDMn (excluded from private equity total)' carries equity/debt/derivation breakdown; numeric equity round money is in FUNDING.amount_inr_mn",use FUNDING for numeric totals; keep breakdown as documented note,resolved
AI0101,MEDIUM,STARTUPS.total_funding_disclosed,S0073,DERIVED summary in free text,"'15030.0 Mn INR (equity, DERIVED) + 10440.0 Mn INR (debt)' carries equity/debt/derivation breakdown; numeric equity round money is in FUNDING.amount_inr_mn",use FUNDING for numeric totals; keep breakdown as documented note,resolved
AI0102,MEDIUM,STARTUPS.total_funding_disclosed,S0074,DERIVED summary in free text,"'8641.8 Mn INR (equity, DERIVED)' carries equity/debt/derivation breakdown; numeric equity round money is in FUNDING.amount_inr_mn",use FUNDING for numeric totals; keep breakdown as documented note,resolved
AI0103,MEDIUM,STARTUPS.total_funding_disclosed,S0075,DERIVED summary in free text,"'24783.2 Mn INR (equity, DERIVED) + 100.0 Mn INR (debt)' carries equity/debt/derivation breakdown; numeric equity round money is in FUNDING.amount_inr_mn",use FUNDING for numeric totals; keep breakdown as documented note,resolved
AI0104,MEDIUM,STARTUPS.total_funding_disclosed,S0076,DERIVED summary in free text,"'5809.5 Mn INR (equity, DERIVED)' carries equity/debt/derivation breakdown; numeric equity round money is in FUNDING.amount_inr_mn",use FUNDING for numeric totals; keep breakdown as documented note,resolved
AI0105,MEDIUM,STARTUPS.total_funding_disclosed,S0077,DERIVED summary in free text,"'21425.0 Mn INR (equity, DERIVED) + 21425.0 Mn INR (debt)' carries equity/debt/derivation breakdown; numeric equity round money is in FUNDING.amount_inr_mn",use FUNDING for numeric totals; keep breakdown as documented note,resolved
AI0106,MEDIUM,STARTUPS.total_funding_disclosed,S0078,DERIVED summary in free text,"'89676.5 Mn INR (equity, DERIVED)' carries equity/debt/derivation breakdown; numeric equity round money is in FUNDING.amount_inr_mn",use FUNDING for numeric totals; keep breakdown as documented note,resolved
AI0107,MEDIUM,STARTUPS.total_funding_disclosed,S0079,DERIVED summary in free text,"'23084.5 Mn INR (equity, DERIVED)' carries equity/debt/derivation breakdown; numeric equity round money is in FUNDING.amount_inr_mn",use FUNDING for numeric totals; keep breakdown as documented note,resolved
AI0108,MEDIUM,STARTUPS.total_funding_disclosed,S0080,DERIVED summary in free text,"'3960.3 Mn INR (equity, DERIVED)' carries equity/debt/derivation breakdown; numeric equity round money is in FUNDING.amount_inr_mn",use FUNDING for numeric totals; keep breakdown as documented note,resolved
AI0109,MEDIUM,STARTUPS.total_funding_disclosed,S0081,DERIVED summary in free text,"'3187.8 Mn INR (equity, DERIVED)' carries equity/debt/derivation breakdown; numeric equity round money is in FUNDING.amount_inr_mn",use FUNDING for numeric totals; keep breakdown as documented note,resolved
AI0110,MEDIUM,STARTUPS.total_funding_disclosed,S0082,DERIVED summary in free text,"'4350.0 Mn INR (equity, DERIVED)' carries equity/debt/derivation breakdown; numeric equity round money is in FUNDING.amount_inr_mn",use FUNDING for numeric totals; keep breakdown as documented note,resolved
AI0111,MEDIUM,STARTUPS.total_funding_disclosed,S0083,DERIVED summary in free text,"'175250.0 Mn INR (equity, DERIVED)' carries equity/debt/derivation breakdown; numeric equity round money is in FUNDING.amount_inr_mn",use FUNDING for numeric totals; keep breakdown as documented note,resolved
AI0112,MEDIUM,STARTUPS.total_funding_disclosed,S0084,DERIVED summary in free text,"'4300.0 Mn INR (equity, DERIVED) | IPO issue 572.0 USDMn (excluded from private equity total)' carries equity/debt/derivation breakdown; numeric equity round money is in FUNDING.amount_inr_mn",use FUNDING for numeric totals; keep breakdown as documented note,resolved
AI0113,MEDIUM,STARTUPS.total_funding_disclosed,S0085,DERIVED summary in free text,"'236958.7 Mn INR (equity, DERIVED) + 9830.0 Mn INR (debt)' carries equity/debt/derivation breakdown; numeric equity round money is in FUNDING.amount_inr_mn",use FUNDING for numeric totals; keep breakdown as documented note,resolved
AI0114,MEDIUM,STARTUPS.total_funding_disclosed,S0086,DERIVED summary in free text,"'14005.3 Mn INR (equity, DERIVED)' carries equity/debt/derivation breakdown; numeric equity round money is in FUNDING.amount_inr_mn",use FUNDING for numeric totals; keep breakdown as documented note,resolved
AI0115,MEDIUM,STARTUPS.total_funding_disclosed,S0087,DERIVED summary in free text,"'8501.2 Mn INR (equity, DERIVED)' carries equity/debt/derivation breakdown; numeric equity round money is in FUNDING.amount_inr_mn",use FUNDING for numeric totals; keep breakdown as documented note,resolved
AI0116,MEDIUM,STARTUPS.total_funding_disclosed,S0088,DERIVED summary in free text,"'2784.0 Mn INR (equity, DERIVED)' carries equity/debt/derivation breakdown; numeric equity round money is in FUNDING.amount_inr_mn",use FUNDING for numeric totals; keep breakdown as documented note,resolved
AI0117,MEDIUM,STARTUPS.total_funding_disclosed,S0089,DERIVED summary in free text,"'702.7 Mn INR (equity, DERIVED)' carries equity/debt/derivation breakdown; numeric equity round money is in FUNDING.amount_inr_mn",use FUNDING for numeric totals; keep breakdown as documented note,resolved
AI0118,MEDIUM,STARTUPS.total_funding_disclosed,S0090,DERIVED summary in free text,"'3308.0 Mn INR (equity, DERIVED)' carries equity/debt/derivation breakdown; numeric equity round money is in FUNDING.amount_inr_mn",use FUNDING for numeric totals; keep breakdown as documented note,resolved
AI0119,MEDIUM,STARTUPS.total_funding_disclosed,S0091,DERIVED summary in free text,"'3727.3 Mn INR (equity, DERIVED)' carries equity/debt/derivation breakdown; numeric equity round money is in FUNDING.amount_inr_mn",use FUNDING for numeric totals; keep breakdown as documented note,resolved
AI0120,MEDIUM,STARTUPS.total_funding_disclosed,S0092,DERIVED summary in free text,"'58009.5 Mn INR (equity, DERIVED)' carries equity/debt/derivation breakdown; numeric equity round money is in FUNDING.amount_inr_mn",use FUNDING for numeric totals; keep breakdown as documented note,resolved
AI0121,MEDIUM,STARTUPS.total_funding_disclosed,S0093,DERIVED summary in free text,"'37044.0 Mn INR (equity, DERIVED)' carries equity/debt/derivation breakdown; numeric equity round money is in FUNDING.amount_inr_mn",use FUNDING for numeric totals; keep breakdown as documented note,resolved
AI0122,MEDIUM,STARTUPS.total_funding_disclosed,S0094,DERIVED summary in free text,"'101310.0 Mn INR (equity, DERIVED) + 40330.0 Mn INR (debt)' carries equity/debt/derivation breakdown; numeric equity round money is in FUNDING.amount_inr_mn",use FUNDING for numeric totals; keep breakdown as documented note,resolved
AI0123,MEDIUM,STARTUPS.total_funding_disclosed,S0095,DERIVED summary in free text,"'12234.8 Mn INR (equity, DERIVED)' carries equity/debt/derivation breakdown; numeric equity round money is in FUNDING.amount_inr_mn",use FUNDING for numeric totals; keep breakdown as documented note,resolved
AI0124,MEDIUM,STARTUPS.total_funding_disclosed,S0096,DERIVED summary in free text,"'17229.0 Mn INR (equity, DERIVED) + 8570.0 Mn INR (debt)' carries equity/debt/derivation breakdown; numeric equity round money is in FUNDING.amount_inr_mn",use FUNDING for numeric totals; keep breakdown as documented note,resolved
AI0125,MEDIUM,STARTUPS.total_funding_disclosed,S0097,DERIVED summary in free text,"'5171.0 Mn INR (equity, DERIVED)' carries equity/debt/derivation breakdown; numeric equity round money is in FUNDING.amount_inr_mn",use FUNDING for numeric totals; keep breakdown as documented note,resolved
AI0126,MEDIUM,STARTUPS.total_funding_disclosed,S0098,DERIVED summary in free text,"'38200.4 Mn INR (equity, DERIVED) + 2571.0 Mn INR (debt)' carries equity/debt/derivation breakdown; numeric equity round money is in FUNDING.amount_inr_mn",use FUNDING for numeric totals; keep breakdown as documented note,resolved
AI0127,MEDIUM,STARTUPS.total_funding_disclosed,S0099,DERIVED summary in free text,"'4721.2 Mn INR (equity, DERIVED)' carries equity/debt/derivation breakdown; numeric equity round money is in FUNDING.amount_inr_mn",use FUNDING for numeric totals; keep breakdown as documented note,resolved
AI0128,MEDIUM,STARTUPS.total_funding_disclosed,S0100,DERIVED summary in free text,"'11675.4 Mn INR (equity, DERIVED)' carries equity/debt/derivation breakdown; numeric equity round money is in FUNDING.amount_inr_mn",use FUNDING for numeric totals; keep breakdown as documented note,resolved
AI0129,MEDIUM,STARTUPS.total_funding_disclosed,S0101,DERIVED summary in free text,"'3325.5 Mn INR (equity, DERIVED) + 3325.5 Mn INR (debt)' carries equity/debt/derivation breakdown; numeric equity round money is in FUNDING.amount_inr_mn",use FUNDING for numeric totals; keep breakdown as documented note,resolved
AI0130,MEDIUM,STARTUPS.total_funding_disclosed,S0102,DERIVED summary in free text,"'2150.0 Mn INR (equity, DERIVED)' carries equity/debt/derivation breakdown; numeric equity round money is in FUNDING.amount_inr_mn",use FUNDING for numeric totals; keep breakdown as documented note,resolved
AI0131,MEDIUM,STARTUPS.total_funding_disclosed,S0103,DERIVED summary in free text,"'2202.0 Mn INR (equity, DERIVED)' carries equity/debt/derivation breakdown; numeric equity round money is in FUNDING.amount_inr_mn",use FUNDING for numeric totals; keep breakdown as documented note,resolved
AI0132,MEDIUM,STARTUPS.total_funding_disclosed,S0104,DERIVED summary in free text,"'2170.2 Mn INR (equity, DERIVED) + 150.0 Mn INR (debt)' carries equity/debt/derivation breakdown; numeric equity round money is in FUNDING.amount_inr_mn",use FUNDING for numeric totals; keep breakdown as documented note,resolved
AI0133,MEDIUM,STARTUPS.total_funding_disclosed,S0105,DERIVED summary in free text,"'5656.2 Mn INR (equity, DERIVED)' carries equity/debt/derivation breakdown; numeric equity round money is in FUNDING.amount_inr_mn",use FUNDING for numeric totals; keep breakdown as documented note,resolved
AI0134,MEDIUM,STARTUPS.total_funding_disclosed,S0106,DERIVED summary in free text,"'14134.1 Mn INR (equity, DERIVED) + 565.6 Mn INR (debt)' carries equity/debt/derivation breakdown; numeric equity round money is in FUNDING.amount_inr_mn",use FUNDING for numeric totals; keep breakdown as documented note,resolved
AI0135,MEDIUM,STARTUPS.total_funding_disclosed,S0107,DERIVED summary in free text,"'615.0 Mn INR (equity, DERIVED)' carries equity/debt/derivation breakdown; numeric equity round money is in FUNDING.amount_inr_mn",use FUNDING for numeric totals; keep breakdown as documented note,resolved
AI0136,MEDIUM,STARTUPS.total_funding_disclosed,S0108,DERIVED summary in free text,"'4371.4 Mn INR (equity, DERIVED)' carries equity/debt/derivation breakdown; numeric equity round money is in FUNDING.amount_inr_mn",use FUNDING for numeric totals; keep breakdown as documented note,resolved
AI0137,MEDIUM,STARTUPS.total_funding_disclosed,S0109,DERIVED summary in free text,"'8505.5 Mn INR (equity, DERIVED)' carries equity/debt/derivation breakdown; numeric equity round money is in FUNDING.amount_inr_mn",use FUNDING for numeric totals; keep breakdown as documented note,resolved
AI0138,MEDIUM,STARTUPS.total_funding_disclosed,S0110,DERIVED summary in free text,"'18910.0 Mn INR (equity, DERIVED) + 2700.0 Mn INR (debt)' carries equity/debt/derivation breakdown; numeric equity round money is in FUNDING.amount_inr_mn",use FUNDING for numeric totals; keep breakdown as documented note,resolved
AI0139,MEDIUM,STARTUPS.total_funding_disclosed,S0111,DERIVED summary in free text,"'29995.0 Mn INR (equity, DERIVED)' carries equity/debt/derivation breakdown; numeric equity round money is in FUNDING.amount_inr_mn",use FUNDING for numeric totals; keep breakdown as documented note,resolved
AI0140,MEDIUM,STARTUPS.total_funding_disclosed,S0112,DERIVED summary in free text,"'34779.1 Mn INR (equity, DERIVED)' carries equity/debt/derivation breakdown; numeric equity round money is in FUNDING.amount_inr_mn",use FUNDING for numeric totals; keep breakdown as documented note,resolved
AI0141,MEDIUM,STARTUPS.total_funding_disclosed,S0113,DERIVED summary in free text,"'11175.0 Mn INR (equity, DERIVED)' carries equity/debt/derivation breakdown; numeric equity round money is in FUNDING.amount_inr_mn",use FUNDING for numeric totals; keep breakdown as documented note,resolved
AI0142,MEDIUM,STARTUPS.total_funding_disclosed,S0114,DERIVED summary in free text,"'25427.0 Mn INR (equity, DERIVED)' carries equity/debt/derivation breakdown; numeric equity round money is in FUNDING.amount_inr_mn",use FUNDING for numeric totals; keep breakdown as documented note,resolved
AI0143,HIGH,STARTUPS.employee_estimate,S0115,non-numeric value,'N/A' is a string,split into value/unit/currency,open
AI0144,MEDIUM,STARTUPS.total_funding_disclosed,S0115,DERIVED summary in free text,"'5320.0 Mn INR (equity, DERIVED)' carries equity/debt/derivation breakdown; numeric equity round money is in FUNDING.amount_inr_mn",use FUNDING for numeric totals; keep breakdown as documented note,resolved
AI0145,MEDIUM,STARTUPS.total_funding_disclosed,S0116,DERIVED summary in free text,"'15463.4 Mn INR (equity, DERIVED) | IPO issue 19070.0 INRMn (excluded from private equity total)' carries equity/debt/derivation breakdown; numeric equity round money is in FUNDING.amount_inr_mn",use FUNDING for numeric totals; keep breakdown as documented note,resolved
AI0146,MEDIUM,STARTUPS.total_funding_disclosed,S0117,DERIVED summary in free text,"'7265.0 Mn INR (equity, DERIVED)' carries equity/debt/derivation breakdown; numeric equity round money is in FUNDING.amount_inr_mn",use FUNDING for numeric totals; keep breakdown as documented note,resolved
AI0147,MEDIUM,STARTUPS.total_funding_disclosed,S0118,DERIVED summary in free text,"'8896.6 Mn INR (equity, DERIVED) + 50.0 Mn INR (debt)' carries equity/debt/derivation breakdown; numeric equity round money is in FUNDING.amount_inr_mn",use FUNDING for numeric totals; keep breakdown as documented note,resolved
AI0148,MEDIUM,STARTUPS.total_funding_disclosed,S0119,DERIVED summary in free text,"'26398.6 Mn INR (equity, DERIVED) + 967.0 Mn INR (debt)' carries equity/debt/derivation breakdown; numeric equity round money is in FUNDING.amount_inr_mn",use FUNDING for numeric totals; keep breakdown as documented note,resolved
AI0149,MEDIUM,STARTUPS.total_funding_disclosed,S0120,DERIVED summary in free text,"'56245.5 Mn INR (equity, DERIVED)' carries equity/debt/derivation breakdown; numeric equity round money is in FUNDING.amount_inr_mn",use FUNDING for numeric totals; keep breakdown as documented note,resolved
AI0150,MEDIUM,STARTUPS.total_funding_disclosed,S0121,DERIVED summary in free text,"'3915.0 Mn INR (equity, DERIVED)' carries equity/debt/derivation breakdown; numeric equity round money is in FUNDING.amount_inr_mn",use FUNDING for numeric totals; keep breakdown as documented note,resolved
AI0151,MEDIUM,STARTUPS.total_funding_disclosed,S0122,DERIVED summary in free text,"'2974.1 Mn INR (equity, DERIVED)' carries equity/debt/derivation breakdown; numeric equity round money is in FUNDING.amount_inr_mn",use FUNDING for numeric totals; keep breakdown as documented note,resolved
AI0152,MEDIUM,STARTUPS.total_funding_disclosed,S0123,DERIVED summary in free text,"'5651.2 Mn INR (equity, DERIVED)' carries equity/debt/derivation breakdown; numeric equity round money is in FUNDING.amount_inr_mn",use FUNDING for numeric totals; keep breakdown as documented note,resolved
AI0153,MEDIUM,STARTUPS.total_funding_disclosed,S0124,DERIVED summary in free text,"'417.6 Mn INR (equity, DERIVED)' carries equity/debt/derivation breakdown; numeric equity round money is in FUNDING.amount_inr_mn",use FUNDING for numeric totals; keep breakdown as documented note,resolved
AI0154,HIGH,STARTUPS.employee_estimate,S0125,non-numeric value,'UNKNOWN' is a string,split into value/unit/currency,open
AI0155,MEDIUM,STARTUPS.total_funding_disclosed,S0125,DERIVED summary in free text,"'7817.0 Mn INR (equity, DERIVED) + 3480.0 Mn INR (debt)' carries equity/debt/derivation breakdown; numeric equity round money is in FUNDING.amount_inr_mn",use FUNDING for numeric totals; keep breakdown as documented note,resolved
AI0156,MEDIUM,STARTUPS.total_funding_disclosed,S0126,DERIVED summary in free text,"'12419.1 Mn INR (equity, DERIVED)' carries equity/debt/derivation breakdown; numeric equity round money is in FUNDING.amount_inr_mn",use FUNDING for numeric totals; keep breakdown as documented note,resolved
AI0157,MEDIUM,STARTUPS.total_funding_disclosed,S0127,DERIVED summary in free text,"'2795.6 Mn INR (equity, DERIVED)' carries equity/debt/derivation breakdown; numeric equity round money is in FUNDING.amount_inr_mn",use FUNDING for numeric totals; keep breakdown as documented note,resolved
AI0158,MEDIUM,STARTUPS.total_funding_disclosed,S0128,DERIVED summary in free text,"'1387.5 Mn INR (equity, DERIVED)' carries equity/debt/derivation breakdown; numeric equity round money is in FUNDING.amount_inr_mn",use FUNDING for numeric totals; keep breakdown as documented note,resolved
AI0159,MEDIUM,STARTUPS.total_funding_disclosed,S0129,DERIVED summary in free text,"'1621.3 Mn INR (equity, DERIVED)' carries equity/debt/derivation breakdown; numeric equity round money is in FUNDING.amount_inr_mn",use FUNDING for numeric totals; keep breakdown as documented note,resolved
AI0160,MEDIUM,STARTUPS.total_funding_disclosed,S0130,DERIVED summary in free text,"'2762.0 Mn INR (equity, DERIVED)' carries equity/debt/derivation breakdown; numeric equity round money is in FUNDING.amount_inr_mn",use FUNDING for numeric totals; keep breakdown as documented note,resolved
AI0161,MEDIUM,STARTUPS.total_funding_disclosed,S0131,DERIVED summary in free text,"'1171.2 Mn INR (equity, DERIVED)' carries equity/debt/derivation breakdown; numeric equity round money is in FUNDING.amount_inr_mn",use FUNDING for numeric totals; keep breakdown as documented note,resolved
AI0162,MEDIUM,STARTUPS.total_funding_disclosed,S0132,DERIVED summary in free text,"'662.4 Mn INR (equity, DERIVED)' carries equity/debt/derivation breakdown; numeric equity round money is in FUNDING.amount_inr_mn",use FUNDING for numeric totals; keep breakdown as documented note,resolved
AI0163,MEDIUM,STARTUPS.total_funding_disclosed,S0133,DERIVED summary in free text,"'1305.0 Mn INR (equity, DERIVED)' carries equity/debt/derivation breakdown; numeric equity round money is in FUNDING.amount_inr_mn",use FUNDING for numeric totals; keep breakdown as documented note,resolved
AI0164,MEDIUM,STARTUPS.total_funding_disclosed,S0134,DERIVED summary in free text,"'35221.4 Mn INR (equity, DERIVED)' carries equity/debt/derivation breakdown; numeric equity round money is in FUNDING.amount_inr_mn",use FUNDING for numeric totals; keep breakdown as documented note,resolved
AI0165,MEDIUM,STARTUPS.total_funding_disclosed,S0135,DERIVED summary in free text,"'23643.5 Mn INR (equity, DERIVED) | IPO issue 52350.0 INRMn (excluded from private equity total) | IPO issue 5235.0 INRMn (excluded from private equity total)' carries equity/debt/derivation breakdown; numeric equity round money is in FUNDING.amount_inr_mn",use FUNDING for numeric totals; keep breakdown as documented note,resolved
AI0166,MEDIUM,STARTUPS.total_funding_disclosed,S0136,DERIVED summary in free text,"'85700.0 Mn INR (equity, DERIVED)' carries equity/debt/derivation breakdown; numeric equity round money is in FUNDING.amount_inr_mn",use FUNDING for numeric totals; keep breakdown as documented note,resolved
AI0167,MEDIUM,STARTUPS.total_funding_disclosed,S0137,DERIVED summary in free text,"'12900.0 Mn INR (equity, DERIVED) | IPO issue 1030.0 USDMn (excluded from private equity total)' carries equity/debt/derivation breakdown; numeric equity round money is in FUNDING.amount_inr_mn",use FUNDING for numeric totals; keep breakdown as documented note,resolved
AI0168,HIGH,STARTUPS.employee_estimate,S0138,non-numeric value,'Unknown' is a string,split into value/unit/currency,open
AI0169,MEDIUM,STARTUPS.total_funding_disclosed,S0138,DERIVED summary in free text,"'73535.0 Mn INR (equity, DERIVED)' carries equity/debt/derivation breakdown; numeric equity round money is in FUNDING.amount_inr_mn",use FUNDING for numeric totals; keep breakdown as documented note,resolved
AI0170,HIGH,STARTUPS.total_funding_disclosed,S0139,non-numeric value,' | IPO issue  INRMn (excluded from private equity total)' is a string,split into value/unit/currency,open
AI0171,HIGH,STARTUPS.total_funding_disclosed,S0141,non-numeric value,' | IPO issue  INRMn (excluded from private equity total)' is a string,split into value/unit/currency,open
AI0172,HIGH,STARTUPS.total_funding_disclosed,S0142,non-numeric value,' | IPO issue  INRMn (excluded from private equity total)' is a string,split into value/unit/currency,open
AI0173,MEDIUM,STARTUPS.total_funding_disclosed,S0144,DERIVED summary in free text,"'5429.2 Mn INR (equity, DERIVED)' carries equity/debt/derivation breakdown; numeric equity round money is in FUNDING.amount_inr_mn",use FUNDING for numeric totals; keep breakdown as documented note,resolved
AI0174,MEDIUM,STARTUPS.total_funding_disclosed,S0145,DERIVED summary in free text,"'3317.6 Mn INR (equity, DERIVED)' carries equity/debt/derivation breakdown; numeric equity round money is in FUNDING.amount_inr_mn",use FUNDING for numeric totals; keep breakdown as documented note,resolved
AI0175,MEDIUM,STARTUPS.total_funding_disclosed,S0146,DERIVED summary in free text,"'1028.4 Mn INR (equity, DERIVED)' carries equity/debt/derivation breakdown; numeric equity round money is in FUNDING.amount_inr_mn",use FUNDING for numeric totals; keep breakdown as documented note,resolved
AI0176,MEDIUM,STARTUPS.total_funding_disclosed,S0147,DERIVED summary in free text,"'1371.1 Mn INR (equity, DERIVED)' carries equity/debt/derivation breakdown; numeric equity round money is in FUNDING.amount_inr_mn",use FUNDING for numeric totals; keep breakdown as documented note,resolved
AI0177,HIGH,STARTUPS.employee_estimate,S0148,non-numeric value,'Lean team (exact count not disclosed)' is a string,split into value/unit/currency,open
AI0178,MEDIUM,STARTUPS.total_funding_disclosed,S0148,DERIVED summary in free text,"'2603.5 Mn INR (equity, DERIVED)' carries equity/debt/derivation breakdown; numeric equity round money is in FUNDING.amount_inr_mn",use FUNDING for numeric totals; keep breakdown as documented note,resolved
AI0179,MEDIUM,STARTUPS.total_funding_disclosed,S0149,DERIVED summary in free text,"'2528.2 Mn INR (equity, DERIVED) + 1002.7 Mn INR (debt)' carries equity/debt/derivation breakdown; numeric equity round money is in FUNDING.amount_inr_mn",use FUNDING for numeric totals; keep breakdown as documented note,resolved
AI0180,MEDIUM,STARTUPS.total_funding_disclosed,S0150,DERIVED summary in free text,"'24076.6 Mn INR (equity, DERIVED)' carries equity/debt/derivation breakdown; numeric equity round money is in FUNDING.amount_inr_mn",use FUNDING for numeric totals; keep breakdown as documented note,resolved
AI0181,MEDIUM,STARTUPS.total_funding_disclosed,S0151,DERIVED summary in free text,"'617.0 Mn INR (equity, DERIVED)' carries equity/debt/derivation breakdown; numeric equity round money is in FUNDING.amount_inr_mn",use FUNDING for numeric totals; keep breakdown as documented note,resolved
AI0182,MEDIUM,STARTUPS.total_funding_disclosed,S0152,DERIVED summary in free text,"'3092.7 Mn INR (equity, DERIVED)' carries equity/debt/derivation breakdown; numeric equity round money is in FUNDING.amount_inr_mn",use FUNDING for numeric totals; keep breakdown as documented note,resolved
AI0183,MEDIUM,STARTUPS.total_funding_disclosed,S0153,DERIVED summary in free text,"'1256.9 Mn INR (equity, DERIVED)' carries equity/debt/derivation breakdown; numeric equity round money is in FUNDING.amount_inr_mn",use FUNDING for numeric totals; keep breakdown as documented note,resolved
AI0184,MEDIUM,STARTUPS.total_funding_disclosed,S0154,DERIVED summary in free text,"'3082.6 Mn INR (equity, DERIVED)' carries equity/debt/derivation breakdown; numeric equity round money is in FUNDING.amount_inr_mn",use FUNDING for numeric totals; keep breakdown as documented note,resolved
AI0185,MEDIUM,STARTUPS.total_funding_disclosed,S0155,DERIVED summary in free text,"'1162.5 Mn INR (equity, DERIVED) + 669.6 Mn INR (debt)' carries equity/debt/derivation breakdown; numeric equity round money is in FUNDING.amount_inr_mn",use FUNDING for numeric totals; keep breakdown as documented note,resolved
AI0186,MEDIUM,STARTUPS.total_funding_disclosed,S0156,DERIVED summary in free text,"'1904.0 Mn INR (equity, DERIVED)' carries equity/debt/derivation breakdown; numeric equity round money is in FUNDING.amount_inr_mn",use FUNDING for numeric totals; keep breakdown as documented note,resolved
AI0187,MEDIUM,STARTUPS.total_funding_disclosed,S0157,DERIVED summary in free text,"'1127.0 Mn INR (equity, DERIVED)' carries equity/debt/derivation breakdown; numeric equity round money is in FUNDING.amount_inr_mn",use FUNDING for numeric totals; keep breakdown as documented note,resolved
AI0188,HIGH,STARTUPS.employee_estimate,S0158,non-numeric value,'UNKNOWN' is a string,split into value/unit/currency,open
AI0189,MEDIUM,STARTUPS.total_funding_disclosed,S0158,DERIVED summary in free text,"'7103.7 Mn INR (equity, DERIVED)' carries equity/debt/derivation breakdown; numeric equity round money is in FUNDING.amount_inr_mn",use FUNDING for numeric totals; keep breakdown as documented note,resolved
AI0190,MEDIUM,STARTUPS.total_funding_disclosed,S0159,DERIVED summary in free text,"'5950.8 Mn INR (equity, DERIVED)' carries equity/debt/derivation breakdown; numeric equity round money is in FUNDING.amount_inr_mn",use FUNDING for numeric totals; keep breakdown as documented note,resolved
AI0191,MEDIUM,STARTUPS.total_funding_disclosed,S0161,DERIVED summary in free text,"'5046.0 Mn INR (equity, DERIVED)' carries equity/debt/derivation breakdown; numeric equity round money is in FUNDING.amount_inr_mn",use FUNDING for numeric totals; keep breakdown as documented note,resolved
AI0192,MEDIUM,STARTUPS.total_funding_disclosed,S0162,DERIVED summary in free text,"'3688.6 Mn INR (equity, DERIVED)' carries equity/debt/derivation breakdown; numeric equity round money is in FUNDING.amount_inr_mn",use FUNDING for numeric totals; keep breakdown as documented note,resolved
AI0193,MEDIUM,STARTUPS.total_funding_disclosed,S0163,DERIVED summary in free text,"'54198.2 Mn INR (equity, DERIVED)' carries equity/debt/derivation breakdown; numeric equity round money is in FUNDING.amount_inr_mn",use FUNDING for numeric totals; keep breakdown as documented note,resolved
AI0194,MEDIUM,STARTUPS.total_funding_disclosed,S0164,DERIVED summary in free text,"'939.2 Mn INR (equity, DERIVED) + 78.3 Mn INR (debt)' carries equity/debt/derivation breakdown; numeric equity round money is in FUNDING.amount_inr_mn",use FUNDING for numeric totals; keep breakdown as documented note,resolved
AI0195,MEDIUM,STARTUPS.total_funding_disclosed,S0165,DERIVED summary in free text,"'3096.1 Mn INR (equity, DERIVED)' carries equity/debt/derivation breakdown; numeric equity round money is in FUNDING.amount_inr_mn",use FUNDING for numeric totals; keep breakdown as documented note,resolved
AI0196,MEDIUM,STARTUPS.total_funding_disclosed,S0166,DERIVED summary in free text,"'557.0 Mn INR (equity, DERIVED)' carries equity/debt/derivation breakdown; numeric equity round money is in FUNDING.amount_inr_mn",use FUNDING for numeric totals; keep breakdown as documented note,resolved
AI0197,HIGH,STARTUPS.employee_estimate,S0167,non-numeric value,'UNKNOWN' is a string,split into value/unit/currency,open
AI0198,MEDIUM,STARTUPS.total_funding_disclosed,S0167,DERIVED summary in free text,"'2142.5 Mn INR (equity, DERIVED) + 179.5 Mn INR (debt) | IPO issue 1255.57 INRMn (excluded from private equity total)' carries equity/debt/derivation breakdown; numeric equity round money is in FUNDING.amount_inr_mn",use FUNDING for numeric totals; keep breakdown as documented note,resolved
AI0199,MEDIUM,STARTUPS.total_funding_disclosed,S0168,DERIVED summary in free text,"'48677.6 Mn INR (equity, DERIVED)' carries equity/debt/derivation breakdown; numeric equity round money is in FUNDING.amount_inr_mn",use FUNDING for numeric totals; keep breakdown as documented note,resolved
AI0200,HIGH,STARTUPS.total_funding_disclosed,S0169,non-numeric value,' | IPO issue  INRMn (excluded from private equity total)' is a string,split into value/unit/currency,open
AI0201,HIGH,STARTUPS.total_funding_disclosed,S0171,non-numeric value,' | IPO issue  INRMn (excluded from private equity total)' is a string,split into value/unit/currency,open
AI0202,MEDIUM,STARTUPS.total_funding_disclosed,S0172,DERIVED summary in free text,"'3000.0 Mn INR (equity, DERIVED)' carries equity/debt/derivation breakdown; numeric equity round money is in FUNDING.amount_inr_mn",use FUNDING for numeric totals; keep breakdown as documented note,resolved
AI0203,HIGH,STARTUPS.total_funding_disclosed,S0177,non-numeric value,' | IPO issue  USDMn (excluded from private equity total)' is a string,split into value/unit/currency,open
AI0204,MEDIUM,STARTUPS.total_funding_disclosed,S0181,DERIVED summary in free text,"'93000.0 Mn INR (equity, DERIVED)' carries equity/debt/derivation breakdown; numeric equity round money is in FUNDING.amount_inr_mn",use FUNDING for numeric totals; keep breakdown as documented note,resolved
AI0205,MEDIUM,STARTUPS.total_funding_disclosed,S0182,DERIVED summary in free text,"'4850.0 Mn INR (equity, DERIVED)' carries equity/debt/derivation breakdown; numeric equity round money is in FUNDING.amount_inr_mn",use FUNDING for numeric totals; keep breakdown as documented note,resolved
AI0206,MEDIUM,STARTUPS.total_funding_disclosed,S0183,DERIVED summary in free text,"'2515.0 Mn INR (equity, DERIVED)' carries equity/debt/derivation breakdown; numeric equity round money is in FUNDING.amount_inr_mn",use FUNDING for numeric totals; keep breakdown as documented note,resolved
AI0207,MEDIUM,STARTUPS.total_funding_disclosed,S0184,DERIVED summary in free text,"'870.0 Mn INR (equity, DERIVED)' carries equity/debt/derivation breakdown; numeric equity round money is in FUNDING.amount_inr_mn",use FUNDING for numeric totals; keep breakdown as documented note,resolved
AI0208,MEDIUM,STARTUPS.total_funding_disclosed,S0185,DERIVED summary in free text,"'2144.5 Mn INR (equity, DERIVED)' carries equity/debt/derivation breakdown; numeric equity round money is in FUNDING.amount_inr_mn",use FUNDING for numeric totals; keep breakdown as documented note,resolved
AI0209,MEDIUM,STARTUPS.total_funding_disclosed,S0186,DERIVED summary in free text,"'785.0 Mn INR (equity, DERIVED)' carries equity/debt/derivation breakdown; numeric equity round money is in FUNDING.amount_inr_mn",use FUNDING for numeric totals; keep breakdown as documented note,resolved
AI0210,MEDIUM,STARTUPS.total_funding_disclosed,S0187,DERIVED summary in free text,"'321.4 Mn INR (equity, DERIVED)' carries equity/debt/derivation breakdown; numeric equity round money is in FUNDING.amount_inr_mn",use FUNDING for numeric totals; keep breakdown as documented note,resolved
AI0211,MEDIUM,STARTUPS.total_funding_disclosed,S0194,DERIVED summary in free text,"'257.1 Mn INR (equity, DERIVED)' carries equity/debt/derivation breakdown; numeric equity round money is in FUNDING.amount_inr_mn",use FUNDING for numeric totals; keep breakdown as documented note,resolved
AI0212,MEDIUM,STARTUPS.total_funding_disclosed,S0195,DERIVED summary in free text,"'3132.0 Mn INR (equity, DERIVED)' carries equity/debt/derivation breakdown; numeric equity round money is in FUNDING.amount_inr_mn",use FUNDING for numeric totals; keep breakdown as documented note,resolved
AI0213,MEDIUM,STARTUPS.total_funding_disclosed,S0196,DERIVED summary in free text,"'14220.0 Mn INR (equity, DERIVED)' carries equity/debt/derivation breakdown; numeric equity round money is in FUNDING.amount_inr_mn",use FUNDING for numeric totals; keep breakdown as documented note,resolved
AI0214,MEDIUM,STARTUPS.total_funding_disclosed,S0197,DERIVED summary in free text,"'3610.3 Mn INR (equity, DERIVED)' carries equity/debt/derivation breakdown; numeric equity round money is in FUNDING.amount_inr_mn",use FUNDING for numeric totals; keep breakdown as documented note,resolved
AI0215,MEDIUM,STARTUPS.total_funding_disclosed,S0198,DERIVED summary in free text,"'391.5 Mn INR (equity, DERIVED)' carries equity/debt/derivation breakdown; numeric equity round money is in FUNDING.amount_inr_mn",use FUNDING for numeric totals; keep breakdown as documented note,resolved
AI0216,HIGH,STARTUPS.employee_estimate,S0199,non-numeric value,'UNKNOWN' is a string,split into value/unit/currency,open
AI0217,MEDIUM,STARTUPS.total_funding_disclosed,S0199,DERIVED summary in free text,"'1500.0 Mn INR (equity, DERIVED)' carries equity/debt/derivation breakdown; numeric equity round money is in FUNDING.amount_inr_mn",use FUNDING for numeric totals; keep breakdown as documented note,resolved
AI0218,HIGH,STARTUPS.employee_estimate,S0203,non-numeric value,'UNKNOWN' is a string,split into value/unit/currency,open
AI0219,HIGH,STARTUPS.total_funding_disclosed,S0203,non-numeric value,"""as-stated(enrich): {'v': '.2 million', 'src': 'Inc42 May 2026'}"" is a string",split into value/unit/currency,open
AI0220,MEDIUM,STARTUPS.total_funding_disclosed,S0208,DERIVED summary in free text,"'1170.0 Mn INR (equity, DERIVED)' carries equity/debt/derivation breakdown; numeric equity round money is in FUNDING.amount_inr_mn",use FUNDING for numeric totals; keep breakdown as documented note,resolved
AI0221,MEDIUM,STARTUPS.total_funding_disclosed,S0209,DERIVED summary in free text,"'125160.0 Mn INR (equity, DERIVED)' carries equity/debt/derivation breakdown; numeric equity round money is in FUNDING.amount_inr_mn",use FUNDING for numeric totals; keep breakdown as documented note,resolved
AI0222,HIGH,STARTUPS.total_funding_disclosed,S0210,non-numeric value,' | IPO issue  INRMn (excluded from private equity total)' is a string,split into value/unit/currency,open
AI0223,HIGH,STARTUPS.employee_estimate,S0211,non-numeric value,'UNKNOWN' is a string,split into value/unit/currency,open
AI0224,MEDIUM,STARTUPS.total_funding_disclosed,S0211,DERIVED summary in free text,"'3915.0 Mn INR (equity, DERIVED)' carries equity/debt/derivation breakdown; numeric equity round money is in FUNDING.amount_inr_mn",use FUNDING for numeric totals; keep breakdown as documented note,resolved
AI0225,HIGH,STARTUPS.total_funding_disclosed,S0212,non-numeric value,' | IPO issue  INRMn (excluded from private equity total)' is a string,split into value/unit/currency,open
AI0226,MEDIUM,STARTUPS.total_funding_disclosed,S0213,DERIVED summary in free text,"'47.0 Mn INR (equity, DERIVED)' carries equity/debt/derivation breakdown; numeric equity round money is in FUNDING.amount_inr_mn",use FUNDING for numeric totals; keep breakdown as documented note,resolved
AI0227,MEDIUM,STARTUPS.total_funding_disclosed,S0214,DERIVED summary in free text,"'19.0 Mn INR (equity, DERIVED)' carries equity/debt/derivation breakdown; numeric equity round money is in FUNDING.amount_inr_mn",use FUNDING for numeric totals; keep breakdown as documented note,resolved
AI0228,MEDIUM,STARTUPS.total_funding_disclosed,S0215,DERIVED summary in free text,"'453.7 Mn INR (equity, DERIVED)' carries equity/debt/derivation breakdown; numeric equity round money is in FUNDING.amount_inr_mn",use FUNDING for numeric totals; keep breakdown as documented note,resolved
AI0229,MEDIUM,STARTUPS.total_funding_disclosed,S0216,DERIVED summary in free text,"'157.0 Mn INR (equity, DERIVED)' carries equity/debt/derivation breakdown; numeric equity round money is in FUNDING.amount_inr_mn",use FUNDING for numeric totals; keep breakdown as documented note,resolved
AI0230,MEDIUM,STARTUPS.total_funding_disclosed,S0217,DERIVED summary in free text,"'2500.0 Mn INR (equity, DERIVED)' carries equity/debt/derivation breakdown; numeric equity round money is in FUNDING.amount_inr_mn",use FUNDING for numeric totals; keep breakdown as documented note,resolved
AI0231,MEDIUM,STARTUPS.total_funding_disclosed,S0218,DERIVED summary in free text,"'418.5 Mn INR (equity, DERIVED)' carries equity/debt/derivation breakdown; numeric equity round money is in FUNDING.amount_inr_mn",use FUNDING for numeric totals; keep breakdown as documented note,resolved
AI0232,MEDIUM,STARTUPS.total_funding_disclosed,S0224,DERIVED summary in free text,"'43.5 Mn INR (equity, DERIVED)' carries equity/debt/derivation breakdown; numeric equity round money is in FUNDING.amount_inr_mn",use FUNDING for numeric totals; keep breakdown as documented note,resolved
AI0233,MEDIUM,STARTUPS.total_funding_disclosed,S0225,DERIVED summary in free text,"'2175.0 Mn INR (equity, DERIVED)' carries equity/debt/derivation breakdown; numeric equity round money is in FUNDING.amount_inr_mn",use FUNDING for numeric totals; keep breakdown as documented note,resolved
AI0234,HIGH,STARTUPS.employee_estimate,S0226,non-numeric value,'UNKNOWN' is a string,split into value/unit/currency,open
AI0235,MEDIUM,STARTUPS.total_funding_disclosed,S0226,DERIVED summary in free text,"'1241.0 Mn INR (equity, DERIVED)' carries equity/debt/derivation breakdown; numeric equity round money is in FUNDING.amount_inr_mn",use FUNDING for numeric totals; keep breakdown as documented note,resolved
AI0236,MEDIUM,STARTUPS.total_funding_disclosed,S0228,DERIVED summary in free text,"'21065.0 Mn INR (equity, DERIVED)' carries equity/debt/derivation breakdown; numeric equity round money is in FUNDING.amount_inr_mn",use FUNDING for numeric totals; keep breakdown as documented note,resolved
AI0237,HIGH,STARTUPS.total_funding_disclosed,S0230,non-numeric value,' | IPO issue  USDMn (excluded from private equity total)' is a string,split into value/unit/currency,open
AI0238,HIGH,STARTUPS.total_funding_disclosed,S0231,non-numeric value,' | IPO issue  USDMn (excluded from private equity total)' is a string,split into value/unit/currency,open
AI0239,MEDIUM,STARTUPS.total_funding_disclosed,S0234,DERIVED summary in free text,"'5440.5 Mn INR (equity, DERIVED)' carries equity/debt/derivation breakdown; numeric equity round money is in FUNDING.amount_inr_mn",use FUNDING for numeric totals; keep breakdown as documented note,resolved
AI0240,MEDIUM,STARTUPS.total_funding_disclosed,S0235,DERIVED summary in free text,"'2740.5 Mn INR (equity, DERIVED)' carries equity/debt/derivation breakdown; numeric equity round money is in FUNDING.amount_inr_mn",use FUNDING for numeric totals; keep breakdown as documented note,resolved
AI0241,MEDIUM,STARTUPS.total_funding_disclosed,S0236,DERIVED summary in free text,"'85.7 Mn INR (equity, DERIVED)' carries equity/debt/derivation breakdown; numeric equity round money is in FUNDING.amount_inr_mn",use FUNDING for numeric totals; keep breakdown as documented note,resolved
AI0242,MEDIUM,STARTUPS.total_funding_disclosed,S0237,DERIVED summary in free text,"'2366.2 Mn INR (equity, DERIVED) + 1766.2 Mn INR (debt)' carries equity/debt/derivation breakdown; numeric equity round money is in FUNDING.amount_inr_mn",use FUNDING for numeric totals; keep breakdown as documented note,resolved
AI0243,MEDIUM,STARTUPS.total_funding_disclosed,S0238,DERIVED summary in free text,"'20085.4 Mn INR (equity, DERIVED)' carries equity/debt/derivation breakdown; numeric equity round money is in FUNDING.amount_inr_mn",use FUNDING for numeric totals; keep breakdown as documented note,resolved
AI0244,MEDIUM,STARTUPS.total_funding_disclosed,S0239,DERIVED summary in free text,"'674.5 Mn INR (equity, DERIVED)' carries equity/debt/derivation breakdown; numeric equity round money is in FUNDING.amount_inr_mn",use FUNDING for numeric totals; keep breakdown as documented note,resolved
AI0245,MEDIUM,STARTUPS.total_funding_disclosed,S0240,DERIVED summary in free text,"'104.4 Mn INR (equity, DERIVED)' carries equity/debt/derivation breakdown; numeric equity round money is in FUNDING.amount_inr_mn",use FUNDING for numeric totals; keep breakdown as documented note,resolved
AI0246,MEDIUM,STARTUPS.total_funding_disclosed,S0241,DERIVED summary in free text,"'29040.9 Mn INR (equity, DERIVED) + 6922.3 Mn INR (debt)' carries equity/debt/derivation breakdown; numeric equity round money is in FUNDING.amount_inr_mn",use FUNDING for numeric totals; keep breakdown as documented note,resolved
AI0247,MEDIUM,STARTUPS.total_funding_disclosed,S0242,DERIVED summary in free text,"'9312.5 Mn INR (equity, DERIVED)' carries equity/debt/derivation breakdown; numeric equity round money is in FUNDING.amount_inr_mn",use FUNDING for numeric totals; keep breakdown as documented note,resolved
AI0248,MEDIUM,STARTUPS.total_funding_disclosed,S0243,DERIVED summary in free text,"'130.5 Mn INR (equity, DERIVED)' carries equity/debt/derivation breakdown; numeric equity round money is in FUNDING.amount_inr_mn",use FUNDING for numeric totals; keep breakdown as documented note,resolved
AI0249,MEDIUM,STARTUPS.total_funding_disclosed,S0244,DERIVED summary in free text,"'2571.0 Mn INR (equity, DERIVED)' carries equity/debt/derivation breakdown; numeric equity round money is in FUNDING.amount_inr_mn",use FUNDING for numeric totals; keep breakdown as documented note,resolved
AI0250,MEDIUM,STARTUPS.total_funding_disclosed,S0246,DERIVED summary in free text,"'66.0 Mn INR (equity, DERIVED)' carries equity/debt/derivation breakdown; numeric equity round money is in FUNDING.amount_inr_mn",use FUNDING for numeric totals; keep breakdown as documented note,resolved
AI0251,MEDIUM,STARTUPS.total_funding_disclosed,S0247,DERIVED summary in free text,"'17.0 Mn INR (equity, DERIVED)' carries equity/debt/derivation breakdown; numeric equity round money is in FUNDING.amount_inr_mn",use FUNDING for numeric totals; keep breakdown as documented note,resolved
AI0252,MEDIUM,STARTUPS.total_funding_disclosed,S0248,DERIVED summary in free text,"'94.3 Mn INR (equity, DERIVED)' carries equity/debt/derivation breakdown; numeric equity round money is in FUNDING.amount_inr_mn",use FUNDING for numeric totals; keep breakdown as documented note,resolved
AI0253,MEDIUM,STARTUPS.total_funding_disclosed,S0251,DERIVED summary in free text,"'200.0 Mn INR (equity, DERIVED)' carries equity/debt/derivation breakdown; numeric equity round money is in FUNDING.amount_inr_mn",use FUNDING for numeric totals; keep breakdown as documented note,resolved
AI0254,MEDIUM,STARTUPS.total_funding_disclosed,S0252,DERIVED summary in free text,"'420.0 Mn INR (equity, DERIVED)' carries equity/debt/derivation breakdown; numeric equity round money is in FUNDING.amount_inr_mn",use FUNDING for numeric totals; keep breakdown as documented note,resolved
AI0255,MEDIUM,STARTUPS.total_funding_disclosed,S0255,DERIVED summary in free text,"'14449.2 Mn INR (equity, DERIVED)' carries equity/debt/derivation breakdown; numeric equity round money is in FUNDING.amount_inr_mn",use FUNDING for numeric totals; keep breakdown as documented note,resolved
AI0256,HIGH,STARTUPS.employee_estimate,S0256,non-numeric value,'200-300' is a string,split into value/unit/currency,open
AI0257,MEDIUM,STARTUPS.total_funding_disclosed,S0256,DERIVED summary in free text,"'10800.3 Mn INR (equity, DERIVED)' carries equity/debt/derivation breakdown; numeric equity round money is in FUNDING.amount_inr_mn",use FUNDING for numeric totals; keep breakdown as documented note,resolved
AI0258,MEDIUM,STARTUPS.total_funding_disclosed,S0258,DERIVED summary in free text,"'179304.0 Mn INR (equity, DERIVED) + 502.2 Mn INR (debt)' carries equity/debt/derivation breakdown; numeric equity round money is in FUNDING.amount_inr_mn",use FUNDING for numeric totals; keep breakdown as documented note,resolved
AI0259,MEDIUM,STARTUPS.total_funding_disclosed,S0259,DERIVED summary in free text,"'719.9 Mn INR (equity, DERIVED) + 1850.0 Mn INR (debt)' carries equity/debt/derivation breakdown; numeric equity round money is in FUNDING.amount_inr_mn",use FUNDING for numeric totals; keep breakdown as documented note,resolved
AI0260,MEDIUM,STARTUPS.total_funding_disclosed,S0260,DERIVED summary in free text,"'105.0 Mn INR (equity, DERIVED)' carries equity/debt/derivation breakdown; numeric equity round money is in FUNDING.amount_inr_mn",use FUNDING for numeric totals; keep breakdown as documented note,resolved
AI0261,MEDIUM,STARTUPS.total_funding_disclosed,S0261,DERIVED summary in free text,"'1044.0 Mn INR (equity, DERIVED)' carries equity/debt/derivation breakdown; numeric equity round money is in FUNDING.amount_inr_mn",use FUNDING for numeric totals; keep breakdown as documented note,resolved
AI0262,MEDIUM,STARTUPS.total_funding_disclosed,S0262,DERIVED summary in free text,"'1.1 Mn INR (equity, DERIVED)' carries equity/debt/derivation breakdown; numeric equity round money is in FUNDING.amount_inr_mn",use FUNDING for numeric totals; keep breakdown as documented note,resolved
AI0263,MEDIUM,STARTUPS.total_funding_disclosed,S0263,DERIVED summary in free text,"'85.7 Mn INR (equity, DERIVED)' carries equity/debt/derivation breakdown; numeric equity round money is in FUNDING.amount_inr_mn",use FUNDING for numeric totals; keep breakdown as documented note,resolved
AI0264,HIGH,STARTUPS.total_funding_disclosed,S0271,non-numeric value,' | IPO issue  INRMn (excluded from private equity total)' is a string,split into value/unit/currency,open
AI0265,MEDIUM,STARTUPS.total_funding_disclosed,S0274,DERIVED summary in free text,"'1028.4 Mn INR (equity, DERIVED)' carries equity/debt/derivation breakdown; numeric equity round money is in FUNDING.amount_inr_mn",use FUNDING for numeric totals; keep breakdown as documented note,resolved
AI0266,MEDIUM,STARTUPS.total_funding_disclosed,S0275,DERIVED summary in free text,"'330.6 Mn INR (equity, DERIVED)' carries equity/debt/derivation breakdown; numeric equity round money is in FUNDING.amount_inr_mn",use FUNDING for numeric totals; keep breakdown as documented note,resolved
AI0267,MEDIUM,STARTUPS.total_funding_disclosed,S0277,DERIVED summary in free text,"'1285.5 Mn INR (equity, DERIVED) + 452.4 Mn INR (debt)' carries equity/debt/derivation breakdown; numeric equity round money is in FUNDING.amount_inr_mn",use FUNDING for numeric totals; keep breakdown as documented note,resolved
AI0268,MEDIUM,STARTUPS.total_funding_disclosed,S0278,DERIVED summary in free text,"'4730.4 Mn INR (equity, DERIVED) + 628.0 Mn INR (debt)' carries equity/debt/derivation breakdown; numeric equity round money is in FUNDING.amount_inr_mn",use FUNDING for numeric totals; keep breakdown as documented note,resolved
AI0269,MEDIUM,STARTUPS.total_funding_disclosed,S0279,DERIVED summary in free text,"'22.0 Mn INR (equity, DERIVED)' carries equity/debt/derivation breakdown; numeric equity round money is in FUNDING.amount_inr_mn",use FUNDING for numeric totals; keep breakdown as documented note,resolved
AI0270,MEDIUM,STARTUPS.total_funding_disclosed,S0280,DERIVED summary in free text,"'3045.0 Mn INR (equity, DERIVED)' carries equity/debt/derivation breakdown; numeric equity round money is in FUNDING.amount_inr_mn",use FUNDING for numeric totals; keep breakdown as documented note,resolved
AI0271,MEDIUM,STARTUPS.total_funding_disclosed,S0283,DERIVED summary in free text,"'5021.9 Mn INR (equity, DERIVED)' carries equity/debt/derivation breakdown; numeric equity round money is in FUNDING.amount_inr_mn",use FUNDING for numeric totals; keep breakdown as documented note,resolved
AI0272,MEDIUM,STARTUPS.total_funding_disclosed,S0284,DERIVED summary in free text,"'3830.0 Mn INR (equity, DERIVED) | IPO issue 5825.5 INRMn (excluded from private equity total)' carries equity/debt/derivation breakdown; numeric equity round money is in FUNDING.amount_inr_mn",use FUNDING for numeric totals; keep breakdown as documented note,resolved
AI0273,MEDIUM,STARTUPS.total_funding_disclosed,S0285,DERIVED summary in free text,"'4600.0 Mn INR (equity, DERIVED)' carries equity/debt/derivation breakdown; numeric equity round money is in FUNDING.amount_inr_mn",use FUNDING for numeric totals; keep breakdown as documented note,resolved
AI0274,MEDIUM,STARTUPS.total_funding_disclosed,S0286,DERIVED summary in free text,"'119980.0 Mn INR (equity, DERIVED) | IPO issue 80.5 USDMn (excluded from private equity total)' carries equity/debt/derivation breakdown; numeric equity round money is in FUNDING.amount_inr_mn",use FUNDING for numeric totals; keep breakdown as documented note,resolved
AI0275,MEDIUM,STARTUPS.total_funding_disclosed,S0287,DERIVED summary in free text,"'51276.7 Mn INR (equity, DERIVED)' carries equity/debt/derivation breakdown; numeric equity round money is in FUNDING.amount_inr_mn",use FUNDING for numeric totals; keep breakdown as documented note,resolved
AI0276,MEDIUM,STARTUPS.total_funding_disclosed,S0288,DERIVED summary in free text,"'85.5 Mn INR (equity, DERIVED)' carries equity/debt/derivation breakdown; numeric equity round money is in FUNDING.amount_inr_mn",use FUNDING for numeric totals; keep breakdown as documented note,resolved
AI0277,MEDIUM,STARTUPS.total_funding_disclosed,S0289,DERIVED summary in free text,"'87.0 Mn INR (equity, DERIVED)' carries equity/debt/derivation breakdown; numeric equity round money is in FUNDING.amount_inr_mn",use FUNDING for numeric totals; keep breakdown as documented note,resolved
AI0278,MEDIUM,STARTUPS.total_funding_disclosed,S0290,DERIVED summary in free text,"'1827.0 Mn INR (equity, DERIVED)' carries equity/debt/derivation breakdown; numeric equity round money is in FUNDING.amount_inr_mn",use FUNDING for numeric totals; keep breakdown as documented note,resolved
AI0279,MEDIUM,STARTUPS.total_funding_disclosed,S0291,DERIVED summary in free text,"'26309.9 Mn INR (equity, DERIVED)' carries equity/debt/derivation breakdown; numeric equity round money is in FUNDING.amount_inr_mn",use FUNDING for numeric totals; keep breakdown as documented note,resolved
AI0280,MEDIUM,STARTUPS.total_funding_disclosed,S0292,DERIVED summary in free text,"'12533.9 Mn INR (equity, DERIVED)' carries equity/debt/derivation breakdown; numeric equity round money is in FUNDING.amount_inr_mn",use FUNDING for numeric totals; keep breakdown as documented note,resolved
AI0281,MEDIUM,STARTUPS.total_funding_disclosed,S0293,DERIVED summary in free text,"'10000.0 Mn INR (equity, DERIVED)' carries equity/debt/derivation breakdown; numeric equity round money is in FUNDING.amount_inr_mn",use FUNDING for numeric totals; keep breakdown as documented note,resolved
AI0282,MEDIUM,STARTUPS.total_funding_disclosed,S0296,DERIVED summary in free text,"'2285.9 Mn INR (equity, DERIVED)' carries equity/debt/derivation breakdown; numeric equity round money is in FUNDING.amount_inr_mn",use FUNDING for numeric totals; keep breakdown as documented note,resolved
AI0283,MEDIUM,STARTUPS.total_funding_disclosed,S0298,DERIVED summary in free text,"'448.0 Mn INR (equity, DERIVED)' carries equity/debt/derivation breakdown; numeric equity round money is in FUNDING.amount_inr_mn",use FUNDING for numeric totals; keep breakdown as documented note,resolved
AI0284,HIGH,STARTUPS.total_funding_disclosed,S0299,non-numeric value,' | IPO issue 163.0 USDMn (excluded from private equity total)' is a string,split into value/unit/currency,open
AI0285,MEDIUM,STARTUPS.total_funding_disclosed,S0300,DERIVED summary in free text,"'22.0 Mn INR (equity, DERIVED)' carries equity/debt/derivation breakdown; numeric equity round money is in FUNDING.amount_inr_mn",use FUNDING for numeric totals; keep breakdown as documented note,resolved
AI0286,MEDIUM,STARTUPS.total_funding_disclosed,S0301,DERIVED summary in free text,"'8788.5 Mn INR (equity, DERIVED)' carries equity/debt/derivation breakdown; numeric equity round money is in FUNDING.amount_inr_mn",use FUNDING for numeric totals; keep breakdown as documented note,resolved
AI0287,MEDIUM,STARTUPS.total_funding_disclosed,S0302,DERIVED summary in free text,"'435.0 Mn INR (equity, DERIVED)' carries equity/debt/derivation breakdown; numeric equity round money is in FUNDING.amount_inr_mn",use FUNDING for numeric totals; keep breakdown as documented note,resolved
AI0288,MEDIUM,STARTUPS.total_funding_disclosed,S0303,DERIVED summary in free text,"'300.0 Mn INR (equity, DERIVED)' carries equity/debt/derivation breakdown; numeric equity round money is in FUNDING.amount_inr_mn",use FUNDING for numeric totals; keep breakdown as documented note,resolved
AI0289,MEDIUM,STARTUPS.total_funding_disclosed,S0304,DERIVED summary in free text,"'2800.0 Mn INR (equity, DERIVED)' carries equity/debt/derivation breakdown; numeric equity round money is in FUNDING.amount_inr_mn",use FUNDING for numeric totals; keep breakdown as documented note,resolved
AI0290,MEDIUM,STARTUPS.total_funding_disclosed,S0305,DERIVED summary in free text,"'1414.2 Mn INR (equity, DERIVED)' carries equity/debt/derivation breakdown; numeric equity round money is in FUNDING.amount_inr_mn",use FUNDING for numeric totals; keep breakdown as documented note,resolved
AI0291,MEDIUM,STARTUPS.total_funding_disclosed,S0306,DERIVED summary in free text,"'257.1 Mn INR (equity, DERIVED)' carries equity/debt/derivation breakdown; numeric equity round money is in FUNDING.amount_inr_mn",use FUNDING for numeric totals; keep breakdown as documented note,resolved
AI0292,HIGH,STARTUPS.employee_estimate,S0307,non-numeric value,'UNKNOWN' is a string,split into value/unit/currency,open
AI0293,MEDIUM,STARTUPS.total_funding_disclosed,S0307,DERIVED summary in free text,"'862.1 Mn INR (equity, DERIVED)' carries equity/debt/derivation breakdown; numeric equity round money is in FUNDING.amount_inr_mn",use FUNDING for numeric totals; keep breakdown as documented note,resolved
AI0294,MEDIUM,STARTUPS.total_funding_disclosed,S0308,DERIVED summary in free text,"'1740.0 Mn INR (equity, DERIVED)' carries equity/debt/derivation breakdown; numeric equity round money is in FUNDING.amount_inr_mn",use FUNDING for numeric totals; keep breakdown as documented note,resolved
AI0295,MEDIUM,STARTUPS.total_funding_disclosed,S0309,DERIVED summary in free text,"'696.0 Mn INR (equity, DERIVED)' carries equity/debt/derivation breakdown; numeric equity round money is in FUNDING.amount_inr_mn",use FUNDING for numeric totals; keep breakdown as documented note,resolved
AI0296,MEDIUM,STARTUPS.total_funding_disclosed,S0310,DERIVED summary in free text,"'87229.3 Mn INR (equity, DERIVED) + 7450.0 Mn INR (debt)' carries equity/debt/derivation breakdown; numeric equity round money is in FUNDING.amount_inr_mn",use FUNDING for numeric totals; keep breakdown as documented note,resolved
AI0297,MEDIUM,STARTUPS.total_funding_disclosed,S0312,DERIVED summary in free text,"'1971.1 Mn INR (equity, DERIVED)' carries equity/debt/derivation breakdown; numeric equity round money is in FUNDING.amount_inr_mn",use FUNDING for numeric totals; keep breakdown as documented note,resolved
AI0298,MEDIUM,STARTUPS.total_funding_disclosed,S0313,DERIVED summary in free text,"'5142.0 Mn INR (equity, DERIVED)' carries equity/debt/derivation breakdown; numeric equity round money is in FUNDING.amount_inr_mn",use FUNDING for numeric totals; keep breakdown as documented note,resolved
AI0299,MEDIUM,STARTUPS.total_funding_disclosed,S0314,DERIVED summary in free text,"'666.6 Mn INR (equity, DERIVED)' carries equity/debt/derivation breakdown; numeric equity round money is in FUNDING.amount_inr_mn",use FUNDING for numeric totals; keep breakdown as documented note,resolved
AI0300,MEDIUM,STARTUPS.total_funding_disclosed,S0315,DERIVED summary in free text,"'1134.4 Mn INR (equity, DERIVED)' carries equity/debt/derivation breakdown; numeric equity round money is in FUNDING.amount_inr_mn",use FUNDING for numeric totals; keep breakdown as documented note,resolved
AI0301,MEDIUM,STARTUPS.total_funding_disclosed,S0316,DERIVED summary in free text,"'4937.8 Mn INR (equity, DERIVED)' carries equity/debt/derivation breakdown; numeric equity round money is in FUNDING.amount_inr_mn",use FUNDING for numeric totals; keep breakdown as documented note,resolved
AI0302,MEDIUM,STARTUPS.total_funding_disclosed,S0319,DERIVED summary in free text,"'120.0 Mn INR (equity, DERIVED)' carries equity/debt/derivation breakdown; numeric equity round money is in FUNDING.amount_inr_mn",use FUNDING for numeric totals; keep breakdown as documented note,resolved
AI0303,MEDIUM,STARTUPS.total_funding_disclosed,S0320,DERIVED summary in free text,"'2124.2 Mn INR (equity, DERIVED) + 137.4 Mn INR (debt)' carries equity/debt/derivation breakdown; numeric equity round money is in FUNDING.amount_inr_mn",use FUNDING for numeric totals; keep breakdown as documented note,resolved
AI0304,MEDIUM,STARTUPS.total_funding_disclosed,S0322,DERIVED summary in free text,"'104316.9 Mn INR (equity, DERIVED)' carries equity/debt/derivation breakdown; numeric equity round money is in FUNDING.amount_inr_mn",use FUNDING for numeric totals; keep breakdown as documented note,resolved
AI0305,HIGH,STARTUPS.total_funding_disclosed,S0350,non-numeric value,' | IPO issue  USDMn (excluded from private equity total)' is a string,split into value/unit/currency,open
AI0306,HIGH,STARTUPS.total_funding_disclosed,S0351,non-numeric value,' | IPO issue  USDMn (excluded from private equity total)' is a string,split into value/unit/currency,open
AI0307,MEDIUM,STARTUPS.total_funding_disclosed,S0367,DERIVED summary in free text,"'18017.9 Mn INR (equity, DERIVED)' carries equity/debt/derivation breakdown; numeric equity round money is in FUNDING.amount_inr_mn",use FUNDING for numeric totals; keep breakdown as documented note,resolved
AI0308,MEDIUM,STARTUPS.total_funding_disclosed,S0368,DERIVED summary in free text,"'10.0 Mn INR (equity, DERIVED)' carries equity/debt/derivation breakdown; numeric equity round money is in FUNDING.amount_inr_mn",use FUNDING for numeric totals; keep breakdown as documented note,resolved
AI0309,MEDIUM,PEOPLE,S0086//,odd date,start_date: '~2020',normalise to ISO or leave blank with note,open
AI0310,MEDIUM,CUSTOMERS,S0052//,odd date,announced_date: 'FY24',normalise to ISO or leave blank with note,open
AI0311,MEDIUM,CUSTOMERS,S0241//,odd date,announced_date: 'As-of-2026-01',normalise to ISO or leave blank with note,open
AI0312,MEDIUM,CUSTOMERS,S0241//,odd date,announced_date: 'As-of-2026-01',normalise to ISO or leave blank with note,open
AI0313,MEDIUM,LEGAL_REGULATORY,S0024//,odd date,dates: 'FY25',normalise to ISO or leave blank with note,open
AI0314,MEDIUM,LEGAL_REGULATORY,S0055//,odd date,dates: 'FY24-FY25',normalise to ISO or leave blank with note,open
AI0315,MEDIUM,LEGAL_REGULATORY,S0079//,odd date,dates: '2023 approval',normalise to ISO or leave blank with note,open
AI0316,MEDIUM,LEGAL_REGULATORY,S0211//,odd date,dates: 'FY2024-2025',normalise to ISO or leave blank with note,open
AI0317,MEDIUM,NEWS_EVENTS,S0018//EVT00122,odd date,event_date: 'FY2025',normalise to ISO or leave blank with note,open
AI0318,MEDIUM,NEWS_EVENTS,S0018//EVT00123,odd date,event_date: 'FY2026',normalise to ISO or leave blank with note,open
AI0319,MEDIUM,NEWS_EVENTS,S0052//EVT00386,odd date,event_date: '2026 (planned next 12-18 months)',normalise to ISO or leave blank with note,open
AI0320,MEDIUM,NEWS_EVENTS,S0078//EVT00599,odd date,event_date: 'FY26',normalise to ISO or leave blank with note,open
AI0321,MEDIUM,NEWS_EVENTS,S0085//EVT00616,odd date,event_date: 'FY26',normalise to ISO or leave blank with note,open
AI0322,MEDIUM,NEWS_EVENTS,S0129//EVT00905,odd date,event_date: 'late 2025',normalise to ISO or leave blank with note,open
AI0323,LOW,SOURCES,0,invalid URLs,0 malformed URLs in SOURCES.url,no fix needed,resolved
AI0324,MEDIUM,SOURCES,0,duplicate URLs,0 URL rows repeated across companies,dedupe by source_id,resolved
AI0325,LOW,SOURCES,all,source tier mix,"{'T3': 1250, 'T2': 853, 'T5': 122, 'T4': 1326, 'T1': 405}",no action (informational),resolved
AI0326,MEDIUM,CLAIMS,925,claims without source,925 claims have no source_id (many are company-field/quarantined claims),find a real source or demote to note,open
AI0327,LOW,CLAIMS,all,claim evidence tier mix,T1/T2=1574 T3=1708 T4/T5/no=2270,no action (informational),resolved
AI0328,LOW,CONFLICTS,all,conflict ledger summary,"{'resolved': 304, 'preserved-conflict': 467, 'unresolved': 3}",preserved conflicts stay visible (no averaging),resolved
AI0329,LOW,RESEARCH_TASKS,all,task/research control reconciliation,"3319 tasks, 2894 open across 318 companies",verify per RESEARCH_CONTROL flags,resolved
