location_id,startup_id,type,address_or_area,city,state,neighborhood,as_of,source_id,confidence,notes
LOC0001,S0001,HQ,,Bengaluru,Karnataka,,2026,SRC00003,HIGH,
LOC0002,S0001,hq,"Stallion Business Centre, No. 444, 3rd & 4th Floor, 18th Main, 6th Block, Koramangala",Bengaluru,Karnataka,,2026-09-15,SRC00010,HIGH,
LOC0003,S0001,registered_office,"Stallion Business Centre, No. 444, 3rd & 4th Floor, 18th Main, 6th Block, Koramangala",Bengaluru,Karnataka,,2026-09-15,SRC00010,HIGH,
LOC0004,S0002,HQ,,Bengaluru,Karnataka,,2026-04-08,SRC00057,HIGH,
LOC0005,S0002,hq,"4th Floor, Anjaneya Techno Park, No. 147, HAL Old Airport Road, ISRO Colony, Kodihalli",Bengaluru,Karnataka,,2026-09-15,SRC00058,HIGH,
LOC0006,S0002,registered_office,"3rd Floor, No.128/9, Maruthi Sapphire, HAL Airport Road, Murugesh Palya",Bengaluru,Karnataka,,2026-09-15,SRC00049,HIGH,
LOC0007,S0003,HQ,,Bengaluru,Karnataka,,2025-09-24,SRC00084,HIGH,
LOC0008,S0003,hq,Bengaluru,Bengaluru,Karnataka,,2026-09-15,SRC00077,HIGH,
LOC0009,S0003,registered_office,"Bengaluru, Karnataka",Bengaluru,Karnataka,,2026-09-15,SRC00075,MEDIUM,CIN U67190KA2012PLC176031 suggests Karnataka registration
LOC0010,S0004,HQ,,Bengaluru,Karnataka,,2025-01-01,SRC00101,HIGH,
LOC0011,S0005,HQ,,Mumbai,Maharashtra,,2025-10-16,SRC00110,HIGH,
LOC0012,S0005,hq,Mumbai,Mumbai,Maharashtra,,2025-10-16,SRC00110,HIGH,
LOC0013,S0005,registered_office,"Mumbai, Maharashtra",Mumbai,Maharashtra,,2025-12-25,SRC00106,MEDIUM,
LOC0014,S0005,ops,Bengaluru,Bengaluru,Karnataka,,2025-10-16,SRC00110,MEDIUM,
LOC0015,S0006,HQ,,Mumbai,Maharashtra,,2026-02,SRC00115,HIGH,
LOC0016,S0006,office,,Bengaluru,,,2026-02,SRC00115,MEDIUM,
LOC0017,S0006,office,,Chennai,,,2026-02,SRC00115,MEDIUM,
LOC0018,S0006,hq,Mumbai,Mumbai,Maharashtra,,2026-02,SRC00115,HIGH,
LOC0019,S0006,office,Bengaluru,Bengaluru,Karnataka,,2026-02,SRC00115,MEDIUM,
LOC0020,S0006,office,Chennai,Chennai,Tamil Nadu,,2026-02,SRC00115,MEDIUM,
LOC0021,S0006,rd,Hyderabad 400MW AI data center cluster (NTT Data + Neysa + Telangana govt MoU),Hyderabad,Telangana,,2025-04-18,SRC00124,HIGH,"Rs 10,500 crore AI data center cluster; 400MW capacity"
LOC0022,S0007,HQ,,Bengaluru,Karnataka,,2026-01-01,SRC00138,HIGH,
LOC0023,S0008,HQ,,Bengaluru,Karnataka,,,SRC00147,HIGH,
LOC0024,S0009,HQ,,Hyderabad,Telangana,,,SRC00163,HIGH,
LOC0025,S0010,HQ,,Bengaluru,Karnataka,,,SRC00169,MEDIUM,
LOC0026,S0010,office,,San Francisco,California,,,SRC00169,MEDIUM,
LOC0027,S0011,HQ,"Vaishnavi Tech Park, South Tower, 3rd Floor, Sarjapur Main Road, Bellandur",Bengaluru,Karnataka,,2025,SRC00210,HIGH,
LOC0028,S0011,hq,"Vaishnavi Tech Park, South Tower, 3rd Floor, Survey No.16/1 & 17/2, Ambalipura Village, Varthur Hobli, Bellandur",Bengaluru,Karnataka,,2026-09-16,SRC00191,HIGH,
LOC0029,S0011,registered_office,"Vaishnavi Tech Park, South Tower, 3rd Floor, Survey No.16/1 & 17/2, Ambalipura Village, Varthur Hobli, Bellandur, Bangalore South",Bengaluru,Karnataka,,2026-09-16,SRC00191,HIGH,
LOC0030,S0011,office,"505 - 5th Floor, Tower 2B, One World Centre, Near Prabhadevi Railway Station, Lower Parel",Mumbai,Maharashtra,,2026-09-16,SRC00211,HIGH,Groww Asset Management Limited corporate office
LOC0031,S0012,HQ,,San Francisco,California,,2026,SRC00234,MEDIUM,
LOC0032,S0012,office,,Mumbai,Maharashtra,,2026,SRC00235,MEDIUM,
LOC0033,S0013,HQ,,Bengaluru,Karnataka,,2024,SRC00239,HIGH,
LOC0034,S0013,registered_office,"Wing C, Prestige RMZ Star Tech Industrial Layout, Hosur Road, Bangalore South",Bengaluru,Karnataka,,2026-09-15,SRC00253,HIGH,
LOC0035,S0013,ops,Bengaluru and San Francisco,Bengaluru,Karnataka,,2024-01,SRC00239,HIGH,Team of computer scientists based in Bengaluru and San Francisco
LOC0036,S0014,HQ,,Bengaluru,Karnataka,,2026,SRC00262,HIGH,
LOC0037,S0015,HQ,,Bengaluru,Karnataka,,2026,SRC00277,HIGH,
LOC0038,S0016,HQ,,Mumbai,Maharashtra,,2026,SRC00316,HIGH,
LOC0039,S0016,hq,Mumbai,Mumbai,Maharashtra,,2026-09-15,SRC00316,HIGH,
LOC0040,S0016,registered_office,MCA registered office,Mumbai,Maharashtra,,2026-09-15,SRC00293,HIGH,
LOC0041,S0016,office,Global operations (85+ countries),Multiple,Multiple,,2026-09-15,SRC00304,MEDIUM,
LOC0042,S0017,registered,,Dublin,,,2026,SRC00350,HIGH,
LOC0043,S0017,HQ,,Mumbai,Maharashtra,,2026,SRC00333,HIGH,
LOC0044,S0017,office,,San Francisco,,,2021,SRC00332,MEDIUM,
LOC0045,S0017,office,,New York,,,2021,SRC00341,MEDIUM,
LOC0046,S0017,hq,"Mumbai, Maharashtra",Mumbai,Maharashtra,,2026,SRC00341,HIGH,
LOC0047,S0017,registered_office,"BrowserStack Software Private Limited, MH",Mumbai,Maharashtra,,2026,SRC00335,HIGH,
LOC0048,S0017,hq,"Dublin, Ireland (corporate domicile)",Dublin,,,2026,SRC00350,HIGH,
LOC0049,S0017,office,San Francisco,San Francisco,California,,2021,SRC00332,MEDIUM,
LOC0050,S0017,office,New York,New York,New York,,2021,SRC00341,MEDIUM,
LOC0051,S0018,HQ,,Mumbai,Maharashtra,,2025,SRC00352,HIGH,
LOC0052,S0018,registered_office,"Unit No. 2201, 22nd Floor, Gold Medal Avenue, S.V. Road, Beside Patel Petrol Pump, Piramal Nagar, Goregaon West",Mumbai,Maharashtra,,2026-09-15,SRC00360,HIGH,
LOC0053,S0018,hq,"Goregaon West, Mumbai",Mumbai,Maharashtra,,2026-09-15,SRC00360,HIGH,
LOC0054,S0019,HQ,,Mumbai,Maharashtra,,2025,SRC00400,MEDIUM,
LOC0055,S0019,hq,"1st Floor, Ashok Silk Mills Compound, E Shape Building, Lal Bahadur Shastri Marg, opposite Damodar Park, Ghatkopar West",Mumbai,Maharashtra,,2026-09-15,SRC00389,HIGH,
LOC0056,S0019,office,"4th Floor, Hustlehub Tech Park, Somasundarapalya Main Rd",Bengaluru,Karnataka,,2026-09-15,SRC00389,HIGH,
LOC0057,S0019,registered_office,"Mumbai, Maharashtra",Mumbai,Maharashtra,,2026-09-15,SRC00374,MEDIUM,CIN U60100MH2019PLC323444 indicates Maharashtra registration
LOC0058,S0020,HQ,,Mumbai,Maharashtra,,2025,SRC00408,HIGH,
LOC0059,S0021,HQ,,Mumbai,Maharashtra,,2024,SRC00430,HIGH,
LOC0060,S0021,hq,"30th Floor, Sunshine Tower, Senapati Bapat Marg, Dadar (West)",Mumbai,Maharashtra,,2026,SRC00437,HIGH,
LOC0061,S0021,registered_office,"807, New Delhi House, Barakhamba Road, Connaught Place",New Delhi,Delhi,,2026,SRC00437,HIGH,
LOC0062,S0021,office,ROC Delhi II registered entity,New Delhi,Delhi,,2026,SRC00433,MEDIUM,
LOC0063,S0022,HQ,,Bengaluru,Karnataka,,2026,SRC00452,HIGH,
LOC0064,S0023,HQ,"HSR Layout, Sector 2",Bengaluru,Karnataka,,2026,SRC00458,HIGH,
LOC0065,S0024,HQ,,Bengaluru,Karnataka,,2026,SRC00477,HIGH,
LOC0066,S0025,HQ,,Bengaluru,Karnataka,,2026,SRC00490,HIGH,
LOC0067,S0026,HQ,Pleasanton / San Francisco,San Francisco,California,,2025,SRC00514,MEDIUM,
LOC0068,S0027,HQ,576 Folsom St Fl 3,San Francisco,California,,2024,SRC00542,MEDIUM,
LOC0069,S0027,ops,"Novel Tech Park / Salarpuria Triton, Bellandur",Bengaluru,Karnataka,,2025,SRC00543,MEDIUM,
LOC0070,S0028,HQ,Bellevue WA,Bellevue,Washington,,2025,SRC00555,HIGH,
LOC0071,S0028,ops,Pune,Pune,Maharashtra,,2025,SRC00547,HIGH,
LOC0072,S0029,HQ,"Embassy Tech Square, Bellandur, Outer Ring Road",Bengaluru,Karnataka,,2025,SRC00578,HIGH,
LOC0073,S0029,hq,"Embassy Tech Square, Bellandur, Outer Ring Road",Bengaluru,Karnataka,,2025,SRC00578,HIGH,
LOC0074,S0029,office,"Palo Alto, California",Palo Alto,California,,2022,SRC00569,HIGH,
LOC0075,S0029,office,Philippines,Philippines,,,2022,SRC00570,MEDIUM,
LOC0076,S0029,office,South Africa,South Africa,,,2022,SRC00570,MEDIUM,
LOC0077,S0029,office,Australia,Australia,,,2022,SRC00570,MEDIUM,
LOC0078,S0029,office,Indonesia,Indonesia,,,2022,SRC00570,MEDIUM,
LOC0079,S0030,ops,"Koramangala, Salarpuria Tower II",Bengaluru,Karnataka,,2025,SRC00583,MEDIUM,
LOC0080,S0030,HQ,"580 California St, Suite 1200",San Francisco,California,,2025,SRC00583,MEDIUM,
LOC0081,S0031,registered,"Marathahalli, Outer Ring Road",Bengaluru,Karnataka,,2025,,MEDIUM,
LOC0082,S0032,HQ,,Northbrook,Illinois,,2025,,MEDIUM,
LOC0083,S0032,ops,,Bengaluru,Karnataka,,2025,,MEDIUM,
LOC0084,S0032,hq,"Suite No. 300 & 350, 3rd Floor, The Quarters, 2222 Rio Grande St",Austin,Texas,,2026-09-15,SRC00603,HIGH,
LOC0085,S0032,office,Whitefield road,Bangalore,Karnataka,,2026-09-15,SRC00603,HIGH,
LOC0086,S0032,registered_office,"Aviator Building Level 14, Ascend as ITPL - SEZ Zone, Whitefield",Bangalore,Karnataka,,2025-09-29,SRC00602,HIGH,
LOC0087,S0032,office,"2222 Rio Grande Street, Ste 200",Austin,Texas,,2026-09-15,SRC00603,HIGH,
LOC0088,S0032,office,,Sydney,NSW,,2026-09-15,SRC00603,MEDIUM,
LOC0089,S0032,office,,Chicago,Illinois,,2016,SRC00598,MEDIUM,Wikipedia lists Chicago as HQ; LinkedIn shows Austin as current HQ
LOC0090,S0033,HQ,,San Diego,California,,2025,SRC00605,HIGH,
LOC0091,S0033,ops,,Bengaluru,Karnataka,,2025,SRC00605,HIGH,
LOC0092,S0034,HQ,,San Francisco,California,,2025,SRC00612,HIGH,
LOC0093,S0034,office,,Bengaluru,Karnataka,,2025,SRC00612,HIGH,
LOC0094,S0034,hq,"One Market Plaza, 1 Market Street, Steuart Tower, Suite 0800",San Francisco,California,,2025-07-23,SRC00612,HIGH,
LOC0095,S0034,registered_office,"#310, 6th Main Road Indiranagar",Bengaluru,Karnataka,,2025-03-31,SRC00615,HIGH,
LOC0096,S0034,office,"Building no 310, 6th Main Road Indiranagar",Bengaluru,Karnataka,,2025-07-23,SRC00612,HIGH,
LOC0097,S0034,office,"Shin-Marunouchi Bldg, 10th Floor, 1-5-1 Marunouchi, Chiyoda-ku",Tokyo,,,2025-07-23,SRC00612,HIGH,
LOC0098,S0035,hq,"2633 Camino Ramon, Suite 470",San Ramon,California,,2026-09-15,SRC00626,HIGH,
LOC0099,S0035,registered_office,"601,602,6th Floor, Bldg No.3, IT Park Off, Western Express Highway, Next to Hub Mall, NESCO, Goregaon East",Mumbai,Maharashtra,,2026-09-15,SRC00631,HIGH,
LOC0100,S0035,ops,"IT Park, Western Express Highway, Goregaon East",Mumbai,Maharashtra,,2026-09-15,SRC00631,HIGH,
LOC0101,S0035,ops,Bengaluru,Bengaluru,Karnataka,,2026-09-15,SRC00631,HIGH,
LOC0102,S0036,registered_office,"Buildings Alyssa, Begonia & Clover, Embassy Tech Village, Outer Ring Road",Bengaluru,Karnataka,,2026-09-15,SRC00649,HIGH,
LOC0103,S0036,HQ,"Embassy Tech Village, Devarabeesanahalli Village Ben",Bengaluru,Karnataka,,2026-09-15,SRC00649,HIGH,
LOC0104,S0036,ops,Bengaluru (operating HQ; legal domicile shifting Singapore→India),Bengaluru,Karnataka,,2026-09-15,SRC00646,MEDIUM,
LOC0105,S0037,hq,Bengaluru,Bengaluru,Karnataka,,2026-09-15,SRC00659,HIGH,
LOC0106,S0037,registered_office,SmartShift Logistics Solutions Pvt Ltd,Bengaluru,Karnataka,,2025-07-08,SRC00665,MEDIUM,
LOC0107,S0038,registered_office,"NO 11/1,12/1 2nd Floor, Block B Maruti Info-Tech Centre, Amarjyothi Layout, Intermediate Ring Road",Bengaluru,Karnataka,,2025-03-31,SRC00686,HIGH,
LOC0108,S0038,hq,Bengaluru,Bengaluru,Karnataka,,2026-09-01,SRC00288,HIGH,
LOC0109,S0038,office,Karol Bagh,New Delhi,Delhi,,2026-02,SRC00690,MEDIUM,Offline coaching centre; subject of ABVP protest
LOC0110,S0040,hq,Bengaluru,Bengaluru,Karnataka,,2026-09-15,SRC00716,HIGH,
LOC0111,S0040,registered_office,"Bengaluru, Karnataka",Bengaluru,Karnataka,,2026-09-15,SRC00715,HIGH,
LOC0112,S0040,manufacturing,"India, US, Germany, Spain, Vietnam, Mexico",Multi-country,,,2026-08-14,SRC00718,HIGH,
LOC0113,S0040,office,"Southeast Asia, Middle East, Africa",Multi-country,,,2023-07-13,SRC00721,MEDIUM,
LOC0114,S0041,HQ,"ONE BKC, G Block, Bandra (E)",Mumbai,Maharashtra,,2021,SRC00736,HIGH,
LOC0115,S0042,HQ (ops),,Bengaluru,Karnataka,,2025-12,SRC00771,HIGH,
LOC0116,S0042,registered (redomiciling to India),,Singapore,,,2025-12,SRC00752,MEDIUM,
LOC0117,S0042,hq,Bengaluru,Bengaluru,Karnataka,,2026-09-15,SRC00753,HIGH,
LOC0118,S0042,registered_office,"WeWork HQ 27, B-660, Sushant Lok Phase-1, Sector-27, Galleria Dlf-iv",Gurgaon,Haryana,,2026-09-15,SRC00757,HIGH,
LOC0119,S0042,office,San Francisco Bay Area,San Francisco,California,,2026-09-15,SRC00762,MEDIUM,
LOC0120,S0042,rd,San Francisco (MobileAction),San Francisco,California,,2026-05-07,SRC00759,MEDIUM,
LOC0121,S0042,office,Singapore (former holding co.; redomiciling),Singapore,,,2025-12,SRC00752,MEDIUM,
LOC0122,S0043,HQ,,Mumbai,Maharashtra,,2026,SRC00782,HIGH,
LOC0123,S0044,HQ,,Mumbai,Maharashtra,,2024-12,SRC00785,HIGH,
LOC0124,S0044,hq,Mumbai,Mumbai,Maharashtra,,2024-12,SRC00785,HIGH,
LOC0125,S0044,registered_office,Pune,Pune,Maharashtra,,2010-07-27,SRC00790,HIGH,CIN indicates Pune RoC registration
LOC0126,S0044,ops,UAE,,,,2024-12,SRC00786,HIGH,International operations
LOC0127,S0044,ops,UK,,,,2024-12,SRC00786,HIGH,International operations
LOC0128,S0045,hq,"WeWork, Embassy One, 8 Bellary Rd, Dena Bank Colony, Ganganagar",Bengaluru,Karnataka,,2026-09-15,SRC00807,HIGH,
LOC0129,S0045,registered_office,"436/2, IB Corporate House, Village Indamara, Post Pendri",Rajnandgaon,Chhattisgarh,,2026-09-15,SRC00807,HIGH,
LOC0130,S0046,HQ,,Mumbai,Maharashtra,,2025-08,SRC00815,HIGH,
LOC0131,S0046,HQ,,New York City,New York,,,SRC00825,HIGH,
LOC0132,S0047,hq,"Eastland Citadel, 6th Floor, No.102, Hosur Road, Madiwala Check post",Bengaluru,Karnataka,,2026-09-15,SRC00833,HIGH,
LOC0133,S0047,registered_office,"Eastland Citadel, 6th Floor, No.102, Hosur Road, Madiwala Check post",Bengaluru,Karnataka,,2026-09-15,SRC00833,HIGH,
LOC0134,S0047,ops,Multiple fulfillment and distribution centers,Bengaluru + 21 cities,Karnataka,,2024-07,SRC00838,MEDIUM,1.2M Sqft of fulfillment/distribution centers across 23 major cities (FY23); scaled down to 21 cities
LOC0135,S0047,warehouse,Fulfillment centers,Bengaluru + 21 cities,Karnataka,,2023-05,SRC00848,MEDIUM,1.2M Sqft of fulfillment and distribution centers
LOC0136,S0048,registered_office,"Unit No R2-102, First Floor, M3M Cornerwalk, DLF QE",Gurugram,Haryana,,2026-09-15,SRC00859,HIGH,
LOC0137,S0048,hq,"Campus 32, Unit No 404, RMZ Ecoworld, Adarsh Palm Retreat, Bellandur",Bengaluru,Karnataka,,2026-09-15,SRC00873,HIGH,
LOC0138,S0048,ops,"3rd Floor, Aurbis Business Park, Survey No. 58, 7 Outer Ring Road, Devarabisanahalli, Bellandur",Bengaluru,Karnataka,,2026-09-15,SRC00860,HIGH,
LOC0139,S0048,ops,306 Tanglin Road,Singapore,,,2026-09-15,SRC00861,HIGH,
LOC0140,S0048,office,"Experience centres across 95+ cities including Delhi, Mumbai, Chennai, Hyderabad, Ahmedabad, Jaipur, Kochi",Multiple,Multiple,,2026-07-24,SRC00883,MEDIUM,
LOC0141,S0049,hq,"3rd Floor, Wing-E, Helios Business Park, Kadubeesanahalli Village, Varthur Hobli, Outer Ring Road, Bellandur",Bengaluru,Karnataka,,2026-09-15,SRC00893,HIGH,
LOC0142,S0049,registered_office,"3rd Floor, Wing-E, Helios Business Park, Kadubeesanahalli Village, Varthur Hobli, Outer Ring Road, Bellandur",Bengaluru,Karnataka,,2026-09-15,SRC00893,HIGH,
LOC0143,S0049,ops,Bhubaneswar origin (founding team origin),Bhubaneswar,Odisha,,2015,SRC00899,LOW,
LOC0144,S0051,registered_office,"3rd Floor, Sai Prithvi Arcade, Megha Hills, Sri Rama Colony, Madhapur",Hyderabad,Telangana,,2026-09-15,SRC00931,HIGH,
LOC0145,S0051,hq,"Mantri Commercio - Spatium Tower A, Devarabeesanahalli Village, Varthur Hobli, Bangalore East Taluk",Bengaluru,Karnataka,,2026-09-15,SRC00931,HIGH,
LOC0146,S0051,office,"648, 1st Main Rd, Muneswara Nagar, Sector 6, HSR Layout",Bengaluru,Karnataka,,2026-09-15,SRC00931,HIGH,
LOC0147,S0053,hq,Bengaluru,Bengaluru,Karnataka,,2026-09-15,SRC00998,HIGH,
LOC0148,S0053,registered_office,"Innov8 Orchid Centre, 3rd Floor, Orchid Center, Golf Course Road, Sector 53, DLF QE, Gurgaon",Gurugram,Haryana,,2026-09-15,SRC00998,HIGH,
LOC0149,S0053,registered_office,"G-28 - Quest Coworks, 5th Floor, Technopolis Knowledge Park, Hanuman Nagar, Andheri E",Mumbai,Maharashtra,,2026-09-15,SRC01003,MEDIUM,Tofler shows this as current registered address per MCA; possible discrepancy with Tracxn
LOC0150,S0054,HQ,,New Delhi/Gurugram,Delhi,,,SRC01014,MEDIUM,
LOC0151,S0055,registered_office,"B-99, Second Floor, Panchsheel Vihar",New Delhi,Delhi,,2026-09-15,SRC01029,HIGH,
LOC0152,S0055,HQ,Delhi-NCR,Delhi,Delhi,,2026-09-15,SRC01025,HIGH,Delhi-based per all major sources
LOC0153,S0055,manufacturing,"Palwal, Haryana",Palwal,Haryana,,2024-08-14,SRC01032,HIGH,"500,000 sq ft facility; 36,000 vehicles/year capacity; Rs 100 crore investment; ISO 9001/14001/45001/IATF 16949 certified"
LOC0154,S0055,manufacturing,Palwal (third unit planned),Palwal,Haryana,,2026-03-31,SRC01025,MEDIUM,"Third manufacturing unit to add ~1,000 vehicles/month capacity in four-wheelers; operational within 6 months of Mar 2026"
LOC0155,S0057,HQ,,San Francisco,,,,SRC01054,MEDIUM,
LOC0156,S0057,office,,Noida,Uttar Pradesh,,,SRC01056,MEDIUM,
LOC0157,S0058,HQ,"Third Floor, 722, Chinmaya Mission Hospital Rd, Stage 2, Indiranagar",Bengaluru,Karnataka,,2026,SRC01083,MEDIUM,
LOC0158,S0058,office,"El Segundo, CA (2301 Rosecrans Ave per LinkedIn snippet)",El Segundo,California,,2026,SRC01079,MEDIUM,
LOC0159,S0059,HQ,,Mumbai,Maharashtra,,2026-03,SRC01100,HIGH,
LOC0160,S0060,HQ,,Mumbai,Maharashtra,,2025-11,SRC01103,HIGH,
LOC0161,S0061,registered,"Kagalwala House, CST Road, Kalina, Santacruz East",Mumbai,Maharashtra,,,SRC01121,MEDIUM,
LOC0162,S0061,registered_office,"17th Floor, VIOS Towers, Off Eastern Express Highway, Sewri-Chembur Road, New Mumbai",Mumbai,Maharashtra,,2026-09-15,SRC01121,HIGH,
LOC0163,S0061,HQ,"Kagalwala House, CST Road, Kalina, Santacruz East",Mumbai,Maharashtra,,2026-09-15,SRC01121,MEDIUM,
LOC0164,S0062,HQ,,Mumbai,Maharashtra,,,SRC01138,HIGH,
LOC0165,S0062,hq,"Unit-301 & 304, Lightbridge Tunga Village, Saki Vihar Rd, Chandivali, Powai",Mumbai,Maharashtra,,2026-09-15,SRC01145,HIGH,
LOC0166,S0062,office,"B-11, Floor-3, Alice Court, New Mogal Lane, Mahim",Mumbai,Maharashtra,,2024-11-05,SRC01149,HIGH,"ANKW Pharma Retail registered address (Mahim, Mumbai)"
LOC0167,S0062,office,Vikhroli (W)-Mumbai,Mumbai,Maharashtra,,,SRC01159,MEDIUM,ISPL licensed premises mentioned in T&C
LOC0168,S0062,office,"Kolkata, West Bengal",Kolkata,West Bengal,,,SRC01159,MEDIUM,ISPL licensed premises mentioned in T&C
LOC0169,S0063,HQ,,Mumbai,Maharashtra,,,SRC01178,MEDIUM,
LOC0170,S0063,registered_office,"701 Tower 3 Crescent Bay, Jerbai Wadia, Bhoiwada, Parel",Mumbai,Maharashtra,,2026-09-15,SRC01169,HIGH,
LOC0171,S0063,registered_office,"19th Floor, 19 NW, Shivaji Park",Mumbai,Maharashtra,,2026-09-15,SRC01173,MEDIUM,InstaFinancials shows alternate registered address; Tracxn shows Crescent Bay address
LOC0172,S0064,hq,Bengaluru,Bengaluru,Karnataka,,2026-09-15,SRC01189,HIGH,
LOC0173,S0065,HQ,,Hyderabad,Telangana,,,SRC01202,HIGH,
LOC0174,S0066,hq,"9th Floor, Brigade Senate-2, Outer Ring Road, Hebbal, R.M.V. Extension II Stage",Bengaluru,Karnataka,,2026-09-15,SRC01224,HIGH,
LOC0175,S0066,office,"Colorado Springs, Colorado",Colorado Springs,Colorado,,2025-02-01,SRC01209,HIGH,US office opened Feb 2025; focused on larger 100-150kg satellite platforms for US defense
LOC0176,S0066,office,10 Anson Road,Singapore,,,2026-09-15,SRC01224,HIGH,
LOC0177,S0066,rd,"Bengaluru, Karnataka",Bengaluru,Karnataka,,2026-09-15,SRC01209,HIGH,"25,000 sq ft manufacturing facility; expanding to 30 satellites/year"
LOC0178,S0066,manufacturing,Andhra Pradesh (planned),,Andhra Pradesh,,2026-09-15,SRC01209,MEDIUM,MoU signed with state government for larger facility
LOC0179,S0067,HQ,,Mumbai,Maharashtra,,,SRC01248,HIGH,
LOC0180,S0067,office,,Bengaluru,,,,SRC01229,MEDIUM,
LOC0181,S0067,office,,New Delhi,,,,SRC01229,MEDIUM,
LOC0182,S0067,hq,"5th Floor, Central Wing(B), Tower-4, Nesco IT Park Nesco Centre, Western Express Highway, Goregaon(E)",Mumbai,Maharashtra,,2026-09-15,SRC01245,HIGH,
LOC0183,S0067,office,Bengaluru office,Bengaluru,Karnataka,,2022-03-30,SRC01237,HIGH,
LOC0184,S0067,office,New Delhi office,New Delhi,Delhi,,2022-03-30,SRC01237,HIGH,
LOC0185,S0067,office,Miami office,Miami,Florida,,2022-03-30,SRC01237,MEDIUM,
LOC0186,S0067,office,Philadelphia office,Philadelphia,Pennsylvania,,2022-03-30,SRC01237,MEDIUM,
LOC0187,S0067,registered_office,"GAMES 24X7 INC., 17 E 97TH STREET / APT 3A, NEW YORK, NEW YORK, 10029",New York,New York,,2026-09-15,SRC01240,MEDIUM,US entity registered address per Tracxn
LOC0188,S0068,HQ,,Thane,Maharashtra,,2025,SRC01270,HIGH,
LOC0189,S0068,hq,"Thane, Maharashtra",Thane,Maharashtra,,2026-09-15,SRC01261,HIGH,
LOC0190,S0068,registered_office,"Thane, Maharashtra (exact address not verified)",Thane,Maharashtra,,2026-09-15,SRC01262,MEDIUM,
LOC0191,S0068,office,Noida (mentioned on AmbitionBox),Noida,Uttar Pradesh,,2026-09-15,SRC01271,LOW,
LOC0192,S0068,manufacturing,250+ manufacturing units across India,multiple,multiple,,2026-09-15,SRC01258,MEDIUM,
LOC0193,S0068,warehouse,13 states RMC operations,multiple,multiple,,2026-09-15,SRC01272,MEDIUM,
LOC0194,S0070,hq,"Vaishnavi Tech Square, Iballur Village, Begur Hobli",Bengaluru,Karnataka,,2026-09-15,SRC01290,HIGH,
LOC0195,S0070,registered_office,"2nd Floor, Vaishnavi Tech Square, Iballur Village, Begur Hobli, Bengaluru, Karnataka 560102",Bengaluru,Karnataka,,2026-09-15,SRC01290,HIGH,
LOC0196,S0070,office,Collection touch points in 90+ cities across India,Pan-India,Multiple,,2026-08-19,SRC00082,HIGH,
LOC0197,S0071,hq,"2nd floor Tower E, Helios Business Park, New Horizon College Bus stop, Service road, Chandana, Kadubeesanahalli",Bengaluru,Karnataka,,2026-09-15,SRC01316,HIGH,
LOC0198,S0071,office,"Level 9, Tower B, Menara Uoa Bangsar, 5, Jalan Bangsar Utama 1, Bangsar",Kuala Lumpur,,,2026-09-15,SRC01316,HIGH,Ninjacart Global office
LOC0199,S0072,HQ,,Noida,Uttar Pradesh,,2025,SRC01324,MEDIUM,
LOC0200,S0072,registered,,Gurugram,Haryana,,2025,SRC01324,MEDIUM,
LOC0201,S0072,hq,Noida,Noida,Uttar Pradesh,,2025,SRC01324,HIGH,
LOC0202,S0072,registered_office,"Unit No. 408, 4th Floor, Time Tower, MG Road, DLF QE",Gurugram,Haryana,,2025,SRC01327,HIGH,
LOC0203,S0072,office,"Unit No. 1504, 15th Floor, A Wing, Plot no. C-70, The Capital, G Block, BKC Bandra East",Mumbai,Maharashtra,,2026,SRC01331,HIGH,
LOC0204,S0075,registered_office,"OM Towers, Kudlu Gate, Begur",Bengaluru,Karnataka,,2026-09-15,SRC01406,HIGH,
LOC0205,S0075,manufacturing,UltraFactory (SVTronics partnership),Plano,Texas,,2025-05-08,SRC01409,HIGH,
LOC0206,S0075,office,"Etihad Airways Center, Al Raha, Al Muneera",Abu Dhabi,,,2026-09-15,SRC01427,HIGH,
LOC0207,S0075,office,,London,,,2026-09-15,SRC01407,HIGH,
LOC0208,S0075,office,,,,,2026-09-15,SRC01407,HIGH,Ultrahuman Healthcare LLC services US customers
LOC0209,S0075,R&D,Performance Lab,Bengaluru,Karnataka,,2026-09-15,SRC01406,HIGH,
LOC0210,S0076,hq,Bengaluru,Bengaluru,Karnataka,,2026-08-24,SRC01438,HIGH,
LOC0211,S0076,office,Delhi NCR,Delhi,Delhi,,2026-08-24,SRC01438,MEDIUM,9 locations in Delhi NCR per website
LOC0212,S0076,office,Mumbai,Mumbai,Maharashtra,,2026-08-24,SRC01438,MEDIUM,2 locations per website
LOC0213,S0076,office,Pune,Pune,Maharashtra,,2026-08-24,SRC01438,MEDIUM,1 location per website
LOC0214,S0076,office,Hyderabad,Hyderabad,Telangana,,2026-08-24,SRC01438,MEDIUM,4 locations per website
LOC0215,S0076,office,Gurugram,Gurugram,Haryana,,2026-08-24,SRC01438,MEDIUM,3 locations per website
LOC0216,S0076,office,Chandigarh,Chandigarh,Punjab,,2026-08-24,SRC01438,MEDIUM,1 location per website
LOC0217,S0076,office,Coonoor,Coonoor,Tamil Nadu,,2026-08-24,SRC01438,MEDIUM,1 location per website
LOC0218,S0076,office,Kolkata,Kolkata,West Bengal,,2026-06-01,SRC01440,MEDIUM,Entered East India with 3 cafes in June 2026
LOC0219,S0076,office,Ahmedabad,Ahmedabad,Gujarat,,2026-08-24,SRC01438,MEDIUM,Opened over past year per Mint
LOC0220,S0076,registered_office,"#492, 1st, 2nd & 3rd Floor, Above Third Wave Coffee, 17th Main, 2nd Sector, HSR Layout",Bengaluru,Karnataka,,2026-09-15,SRC01445,HIGH,MCA registered office address
LOC0221,S0076,hq,"1st, 2nd and 3rd Floor, No. 492, 17th Main Rd, 2nd Sector, Parangi Palaya, Sector 2, HSR Layout",Bengaluru,Karnataka,,2026-09-15,SRC01443,HIGH,
LOC0222,S0076,office,"Ground & 1st Floor, Nitesh Lexington Avenue, #72 Brigade Road",Bengaluru,Karnataka,,2026-09-15,SRC01455,HIGH,
LOC0223,S0076,ops,"Cafes across 13+ cities including Bengaluru, Mumbai, Delhi NCR, Gurugram, Pune, Hyderabad, Chandigarh, Coonoor, Ahmedabad, Mangalore, Agra, Kolkata",Multi-city,Multi-state,,2026-09-15,SRC01450,HIGH,
LOC0224,S0077,HQ,,Navi Mumbai,Maharashtra,,2025,SRC01465,HIGH,
LOC0225,S0078,HQ,,Gurugram,Haryana,,2026,SRC01474,HIGH,
LOC0226,S0078,hq,Gurugram,Gurugram,Haryana,,2026,SRC01474,HIGH,
LOC0227,S0078,registered_office,"3-B, Rajindra Park, Pusa Road, near Rajendra Place Metro Station Gate no - 4, Old Rajinder Nagar",New Delhi,Delhi,,2026-09-15,SRC01471,HIGH,
LOC0228,S0078,office,Hyderabad (1 lakh sq ft office space),Hyderabad,Telangana,,2023-03,SRC01470,MEDIUM,
LOC0229,S0079,HQ,,Bengaluru,Karnataka,,2026,SRC01478,HIGH,
LOC0230,S0083,office,,Mumbai / Delhi,Maharashtra / Delhi,,2021,SRC01507,MEDIUM,
LOC0231,S0084,HQ,,Gurugram,Haryana,,2024,SRC01517,HIGH,
LOC0232,S0085,HQ,,Gurugram,Haryana,,2026,SRC01531,MEDIUM,
LOC0233,S0085,hq,"6th Floor, Global Business Park, Tower A, Besides Guru Dronacharya Metro Station",Gurugram,Haryana,,2026-09-15,SRC01540,HIGH,
LOC0234,S0085,registered_office,"B-1102, Sankalp Iconic Tower, Opp. Vikramnagar Colony, Iscon Cross Road, S.G. Highway",Ahmedabad,Gujarat,,2026-09-15,SRC01540,HIGH,
LOC0235,S0085,office,"1901, and 1902 G Wing, 19th Floor, Lotus Corporate Park, Western Express Highway, Shri Ram Mandir Road, Goregaon East",Mumbai,Maharashtra,,2026-09-15,SRC01541,HIGH,"Mumbai is an office, NOT HQ"
LOC0236,S0085,office,Shop No. G-22 C(UGF) D-1 (K-84) Green Park Main,New Delhi,Delhi,,2026-09-15,SRC01541,HIGH,
LOC0237,S0085,office,"Bangalore East, Pottery Rd, Pulikeshi Nagar",Bengaluru,Karnataka,,2026-09-15,SRC01563,MEDIUM,
LOC0238,S0085,office,"1st Floor, Tower-A, Global Business Park, Mehrauli-Gurgaon Road, Sector 26",Gurugram,Haryana,,2026-09-15,SRC01559,HIGH,Oxyzo HQ
LOC0239,S0086,HQ,,Gurugram,Haryana,,2026,SRC01569,HIGH,
LOC0240,S0086,ops,,"Multiple (30+ cities; 8 owned hospitals, ~450 beds, ~200k sq ft)",,,2025,SRC01572,MEDIUM,
LOC0241,S0087,registered_office,"40, Basement floor, 14th Main Road, Sector 7, HSR Layout",Bengaluru,Karnataka,,2024-07-08,SRC01592,HIGH,
LOC0242,S0087,hq,"HSR Layout, Bengaluru",Bengaluru,Karnataka,,2026-09-15,SRC01598,HIGH,
LOC0243,S0087,office,"Gurugram (Golf Course Road, Sushant Lok, Udyog Vihar)",Gurugram,Haryana,,2026-04-30,SRC01589,HIGH,
LOC0244,S0087,office,Delhi-NCR operations,Delhi,Delhi,,2026-09-10,SRC01587,MEDIUM,"Expanded to Delhi, Ghaziabad, Noida per company blog"
LOC0245,S0090,hq,"F-1122, Amber Block, Brigade Lakefront App Seetharampalya, EPIP Zone, Near SAP Labs",Bengaluru,Karnataka,,2026-09-15,SRC01622,HIGH,
LOC0246,S0090,registered_office,"No. 590, 2nd Floor, Phoenix Primus, 1st Cross Road, 12th Main HAL II Stage, Indiranagar, Bengaluru, Karnataka, India, 560038",Bengaluru,Karnataka,,2026-07-04,SRC01614,HIGH,
LOC0247,S0090,office,"Data residency: Sydney (Australia), Virginia (USA), Ireland (Europe), Singapore, Dubai (UAE)",Sydney,New South Wales,,2026-09-15,SRC01616,HIGH,
LOC0248,S0090,office,"Phoenix, Arizona; London, GB; Abu Dhabi, AE",Phoenix,Arizona,,2026-09-15,SRC01629,MEDIUM,
LOC0249,S0090,office,"Regional Director Aus/NZ; Senior Managers School Partnerships NSW, VIC/TAS/SA, QLD/NT/WA",Sydney,New South Wales,,2025-01-01,SRC01621,MEDIUM,
LOC0250,S0092,hq,"12th Floor, Urmi Estate 95, Ganpatrao Kadam Marg, Lower Parel (West)",Mumbai,Maharashtra,,2026-09-15,SRC01640,HIGH,
LOC0251,S0092,registered_office,"12th Floor, Urmi Estate 95, Ganpatrao Kadam Marg, Lower Parel (West)",Mumbai,Maharashtra,,2026-09-15,SRC01640,HIGH,
LOC0252,S0092,ops,Kempegowda International Airport,Bengaluru,Karnataka,,2026-09-15,SRC01641,HIGH,
LOC0253,S0092,ops,Chhatrapati Shivaji Maharaj International Airport,Mumbai,Maharashtra,,2026-09-15,SRC01641,HIGH,
LOC0254,S0092,ops,Indira Gandhi International Airport,Delhi,Delhi,,2025-10-17,SRC01664,HIGH,
LOC0255,S0093,HQ,"55 Corporate Avenue, Saki Vihar Road, Tunga Village, Chandivali, Powai",Mumbai,Maharashtra,,2026,SRC01685,MEDIUM,
LOC0256,S0093,hq,"55 Corporate Avenue, Saki Vihar Road, Tunga Village, Chandivali, Powai",Mumbai,Maharashtra,,2026,SRC01685,MEDIUM,
LOC0257,S0093,registered_office,"No. 171/1, Hullahali, Sakalavara Bannerghata",Bangalore,Karnataka,,2026,SRC01678,HIGH,
LOC0258,S0093,ops,"Mumbai, Delhi NCR, Bangalore, Hyderabad, Pune, Chennai, Kolkata",Multi-city,Multi-state,,2026,SRC01680,MEDIUM,300+ outlets across 7 cities
LOC0259,S0094,HQ-India,,Mumbai,,,2025,SRC01689,MEDIUM,
LOC0260,S0094,registered_office,"Regus Chennai City Centre, Level 6, 10/11 Dr. Radhakrishnan Salai, Mylapore",Chennai,Tamil Nadu,,2026-09-15,SRC01698,HIGH,
LOC0261,S0094,HQ,"Bandra East, Mumbai",Mumbai,Maharashtra,,2026-09-15,SRC01714,HIGH,
LOC0262,S0094,office,Singapore (Eruditus Learning Solutions Pte Ltd),Singapore,,,2026-09-15,SRC01715,MEDIUM,Singapore subsidiary; company was Singapore-domiciled before announced flip to India
LOC0263,S0095,HQ-ops,,Gurugram,Haryana,,2026,SRC01738,MEDIUM,
LOC0264,S0095,hq,"Gurugram, Haryana",Gurugram,Haryana,,2026,SRC01731,HIGH,Operational HQ with in-house R&D and manufacturing facility
LOC0265,S0095,registered_office,"31, Ground Floor, Panchkuiyan Road, New Delhi, Delhi - 110001",New Delhi,Delhi,,2026,SRC01725,HIGH,MCA registered address
LOC0266,S0095,office,"Plot No 309, Sector 6, IMT Manesar, Gurugram, Haryana - 122052",Gurugram,Haryana,,2025,SRC01733,MEDIUM,Trademark owner address per USPTO filing
LOC0267,S0096,registered,"49, 12th Main, HSR Sector 6",Bengaluru,Karnataka,,2026,SRC01746,HIGH,
LOC0268,S0096,registered_office,"49, 12th Main, HSR Sector 6, Behind HSR BDA Complex",Bengaluru,Karnataka,,2026-09-15,SRC01746,HIGH,
LOC0269,S0096,ops,10+ countries operations,global,,,2025-01-29,SRC01741,HIGH,"Operations in India, Philippines, Vietnam, Bangladesh, Nepal, Nigeria and more"
LOC0270,S0097,registered,"51-54, Maker Chambers III, Nariman Point",Mumbai,Maharashtra,,2025,SRC01759,HIGH,
LOC0271,S0098,registered_office,"903, B-Wing, 9th Floor, Marathon Futurex, Mafatlal Mills Compound, N.M. Joshi Marg, Lower Parel",Mumbai,Maharashtra,,2026-09-15,SRC01768,HIGH,
LOC0272,S0098,HQ,Mumbai,Mumbai,Maharashtra,,2026-09-15,SRC01764,HIGH,
LOC0273,S0098,office,United States presence,UNKNOWN,UNKNOWN,,2026-07-17,SRC01765,MEDIUM,ET: Neo has presence in the United States
LOC0274,S0100,registered_office,"CTS No.1081, Plot No.110, TPS Village, Service Road, Western Express Highway, Vile Parle (East)",Mumbai,Maharashtra,,2026-09-15,SRC01787,HIGH,
LOC0275,S0100,office,"Fort, Mumbai (Ismail Building)",Mumbai,Maharashtra,,2025,SRC01783,MEDIUM,India's largest multi-designer luxury retail store planned/launched at Ismail Building
LOC0276,S0100,office,601 Madison Avenue,New York,NY,,2026-07,SRC01785,MEDIUM,24K-SF retail space leased per Commercial Observer Jul 8 2026
LOC0277,S0100,office,Mayfair,London,,,2025,SRC01783,HIGH,International Pernia's Pop-Up Shop experience centre
LOC0278,S0103,registered,"1st Floor, UrbanVault Citrine, Hebbal, Bellary Road, Kodigehalli, Bangalore North",Bengaluru,Karnataka,,2026-01,SRC01809,MEDIUM,
LOC0279,S0104,registered,"Centenary Building, East Wing, 2nd Floor, 28 M.G. Road",Bengaluru,Karnataka,,2026-04,SRC01817,MEDIUM,
LOC0280,S0104,registered_office,"Centenary Building, 2nd Floor, East Wing, 28 M.G. Road",Bengaluru,Karnataka,,2026-09-15,SRC01816,HIGH,
LOC0281,S0104,office,"enQase, 115 Wild Basin Rd, Suite 307",Austin,Texas,,2026-09-15,SRC01816,HIGH,
LOC0282,S0104,R&D,IIT Madras Research Park (incubation origin),Chennai,Tamil Nadu,,2016,SRC01816,HIGH,
LOC0283,S0105,mfg (planned),"SIPCOT Industrial Park, Shoolagiri, Hosur (planned BIGGA Factory)",Hosur,Tamil Nadu,,2026-09,SRC01832,MEDIUM,
LOC0284,S0106,registered_office,"No. 72/4, Roopena Agrahara, Hosur Road, Madiwala Post",Bengaluru,Karnataka,,2020-10-10,SRC01842,HIGH,
LOC0285,S0106,hq,"Sparkplug Coworks, 42, 2nd Floor, 100 Feet Road, Koramangala 4th Block",Bengaluru,Karnataka,,2026-09-15,SRC01842,HIGH,
LOC0286,S0106,ops,502 service locations across 70+ cities,Pan-India,Karnataka,,2025-03,SRC01837,HIGH,
LOC0287,S0107,HQ,"Trade Centre, Bandra Kurla Complex, Bandra East",Mumbai,Maharashtra,,2026,SRC01870,MEDIUM,
LOC0288,S0108,registered_office,"Door no. 505/B-508, SANDHYA TECHNO-1, Rangareddy",Hyderabad,Telangana,,2026-09-11,SRC01872,HIGH,
LOC0289,S0108,HQ,Unverified,Bengaluru,Karnataka,,2026-09-15,SRC01876,LOW,Existing DB claims Bengaluru; company website does not confirm city; Tracxn registered address is Hyderabad/Telangana
LOC0290,S0109,hq,"1257/37, 2nd & 3rd Floor, Hanto Orion Center, 14th Main St, Sector-7, HSR Layout",Bengaluru,Karnataka,,2026-09-15,SRC01882,HIGH,
LOC0291,S0110,hq,"Third Floor, Magnum Vista, Raghuvanahalli, Konanakunte",Bengaluru,Karnataka,,2026-09-15,SRC01931,HIGH,
LOC0292,S0110,registered_office,"Plot No. 60, 3rd Floor, Doddakallsandra, Kanakapura Main Road, Bangalore South",Bengaluru,Karnataka,,2026-09-15,SRC01932,HIGH,
LOC0293,S0110,registered_office,"No 15 Ramaiah Colony Sector C, Vibbuthipura, Basavanagar",Bengaluru,Karnataka,,2017-06-28,SRC01913,HIGH,GIVA INNO-VENTURES entity (CIN U74999KA2017PTC104205)
LOC0294,S0110,office,JP Nagar Phase 9,Bengaluru,Karnataka,,2026-09-15,SRC01933,MEDIUM,
LOC0295,S0112,HQ,"Sector 125, Noida (Credlix HQ listing: Smartworks Corporate Park Tower B)",Noida,Uttar Pradesh,,,SRC01963,HIGH,
LOC0296,S0112,registered,"7 Temasek Boulevard, Suntec Tower One, Singapore (PitchBook/CB Insights)",Singapore,,,,SRC01964,MEDIUM,
LOC0297,S0112,warehouse,"40+ warehouses; 16,000+ supplier network (company-stated 2022)",India-wide,,,,SRC01944,MEDIUM,
LOC0298,S0115,HQ,"Bengaluru, Karnataka",Bengaluru,Karnataka,Indiranagar (original outlet),2026-09-15,SRC01980,HIGH,
LOC0299,S0116,Registered,"3rd Floor, Shilpitha Tech Park, Sy No. 55/3 & 55/4, Outer Ring Road, Devarabisanahalli Village, Bellandur, Varthur Hobli, Bangalore - 560103",Bengaluru,Karnataka,Bellandur,2026-09-15,SRC01985,HIGH,
LOC0300,S0116,HQ,"Bengaluru, Karnataka",Bengaluru,Karnataka,Bellandur,2026-09-15,SRC01992,HIGH,
LOC0301,S0118,Registered,"WeWork Galaxy, 43, Residency Rd, Shanthala Nagar, Ashok Nagar, Bengaluru, Karnataka - 560025",Bengaluru,Karnataka,Richmond Road,2026-09-15,SRC02002,HIGH,
LOC0302,S0118,HQ,"Bengaluru, Karnataka",Bengaluru,Karnataka,Ashok Nagar,2026-09-15,SRC02002,HIGH,
LOC0303,S0118,hq,Jayanagar Road,Bengaluru,Karnataka,,2026-09-15,SRC02007,HIGH,
LOC0304,S0118,registered_office,"WeWork Galaxy, 43, Residency Rd, Shanthala Nagar, Ashok Nagar, Bengaluru, Karnataka - 560025",Bengaluru,Karnataka,,2026-09-15,SRC02002,HIGH,
LOC0305,S0119,registered_office,"Exora Business Park/Prestige Tech Park II, 2nd Floor, Wing A, Bellandur Khane Village, Outer Ring Road",Bengaluru,Karnataka,,2026-09-15,SRC02014,HIGH,
LOC0306,S0119,hq,"2nd Floor, Etamin Block (Wing A), Prestige Tech Park, Kadubeesanahalli",Bengaluru,Karnataka,,2026-09-15,SRC02032,HIGH,
LOC0307,S0119,ops,,Multiple,Multiple,,2026-07,SRC02023,HIGH,
LOC0308,S0119,office,Bhopal (franchisee-led via Tezz Mobility),Bhopal,Madhya Pradesh,,2026-05,SRC02024,HIGH,
LOC0309,S0120,registered_office,"RMZ Futura, Block A Plot No 14 & 15, Hitech city, Phase 2",Hyderabad,Telangana,,2026-09-15,SRC02044,HIGH,
LOC0310,S0120,hq,"Bellevue, Washington",Bellevue,Washington,,2026-09-15,SRC02040,HIGH,
LOC0311,S0120,office,"Hyderabad (RMZ Futura, Hitech City)",Hyderabad,Telangana,,2026-09-15,SRC02036,HIGH,
LOC0312,S0123,registered_office,"601, 6th Floor, Ackruti Trade Center, MIDC, Number 7, Andheri East",Mumbai,Maharashtra,,2026-09-15,SRC02076,HIGH,
LOC0313,S0123,HQ,"Andheri East, Mumbai",Mumbai,Maharashtra,,2026-09-15,SRC02076,HIGH,
LOC0314,S0125,hq,"34th Cross Road, Jayanagar 4th T Block",Bengaluru,Karnataka,,2026-09-15,SRC02097,HIGH,
LOC0315,S0125,registered_office,"No 17/1, 3rd Cross, Malleshwaram",Bengaluru,Karnataka,,2026-09-15,SRC02099,HIGH,
LOC0316,S0125,ops,"Jayanagar III Block, Bangalore South",Bengaluru,Karnataka,,2026-09-15,SRC02100,MEDIUM,"HerSpace Manufacturing Pvt Ltd (U25129KA2025PTC197307) registered at No. 76, 10th Main Road, Jayangar III Block."
LOC0317,S0126,hq,"Bengaluru, Karnataka",Bengaluru,Karnataka,,2026-09-15,SRC02108,HIGH,
LOC0318,S0126,registered_office,RoC-Bangalore,Bengaluru,Karnataka,,2026-09-15,SRC02108,HIGH,
LOC0319,S0128,registered_office,"No D-214, Kankia Zillion, LBS Marg, Off BKC, BandraE, Kurla",Mumbai,Maharashtra,,2024-11-25,SRC02127,HIGH,
LOC0320,S0128,hq,Mumbai,Mumbai,Maharashtra,,2026-09-15,SRC02123,HIGH,
LOC0321,S0130,registered_office,"Ram Ratna House, Victoria Mill Compound, Pandurang Budha Karm Marg, Worli",Mumbai,Maharashtra,,2026-09-15,SRC02144,HIGH,
LOC0322,S0130,manufacturing,"Unit No. A, Building No. B 500, Plot Nos. D223/1, D223/2 and D223/3, IndoSpace Industrial Park, Chakan III, Chakan Industrial Area, Phase II, Village Bhamboli, Taluka Khed",Pune,Maharashtra,,2026-09-15,SRC02144,HIGH,
LOC0323,S0130,HQ,"Ram Ratna House, Victoria Mill Compound, Worli",Mumbai,Maharashtra,,2026-09-15,SRC02144,HIGH,
LOC0324,S0134,hq,"909 Rose Avenue, Suite 950",North Bethesda,Maryland,,2026-09-15,SRC02180,HIGH,
LOC0325,S0134,registered_office,"10TH FLOOR, LITTLEWOOD TOWER, RAMANUJAN INTELLION PARK, RAJIV GANDHI SALAI, TARAMANI",Chennai,Tamil Nadu,,2025-09-30,SRC02178,HIGH,
LOC0326,S0134,office,"Wework - Prestige Tech Park, 4th Floor, Jupiter block",Bengaluru,Karnataka,,2025-09-02,SRC02185,HIGH,
LOC0327,S0134,office,"10th Floor, Littlewood Tower, Ramanujan IT Park, Taramani",Chennai,Tamil Nadu,,2025-09-02,SRC02185,HIGH,
LOC0328,S0135,hq,Gurugram,Gurugram,Haryana,,2026-09-15,SRC02212,HIGH,
LOC0329,S0135,registered_office,"Gurugram, Haryana",Gurugram,Haryana,,2026-09-15,SRC02209,MEDIUM,
LOC0330,S0135,office,Bengaluru (Spoton Logistics HQ),Bengaluru,Karnataka,,2021-08-25,SRC02220,HIGH,
LOC0331,S0138,registered_office,Delhi (CIN prefix DL),Delhi,Delhi,,2012-02-21,SRC02259,HIGH,
LOC0332,S0138,hq,Gurugram,Gurugram,Haryana,,2025-12,SRC02257,HIGH,
LOC0333,S0138,office,"Dallas, Texas",Dallas,Texas,,2024-12,SRC02255,HIGH,G6 Hospitality HQ
LOC0334,S0144,registered_office,"1147 KP Icon, 4th Floor, 12th Main, HAL II Stage, Indiranagar",Bengaluru,Karnataka,,2026-09-15,SRC02309,HIGH,
LOC0335,S0144,office,MENA Regional Headquarters,Bahrain,,,2025-04-14,SRC02311,HIGH,Opened April 2025 to serve MENA region gaming communities
LOC0336,S0145,hq,Bellandur,Bengaluru,Karnataka,,2026-09-15,SRC02339,HIGH,
LOC0337,S0145,registered_office,"c/o W O Ashok Agarwal, 10 Ashirvad Colony, Opp. College Ground, Kesarganj, Sirohi",Sirohi,Rajasthan,,2026-09-15,SRC02332,MEDIUM,
LOC0338,S0145,office,"Bellandur, Bengaluru, 560103",Bengaluru,Karnataka,,2026-09-15,SRC02339,HIGH,
LOC0339,S0146,hq,"#545/6, 1st Floor, Devarachikkanahalli Main Road, Bommanahalli",Bengaluru,Karnataka,,2026-09-15,SRC02350,HIGH,
LOC0340,S0146,registered_office,"#545/6, 1st Floor, Devarachikkanahalli Main Road, Bommanahalli",Bengaluru,Karnataka,,2024-11-08,SRC02352,HIGH,
LOC0341,S0146,office,Pennsylvania,,,,2026-09-15,SRC02350,HIGH,
LOC0342,S0153,hq,"Unlimitrust Campus, Prilly",Prilly,Vaud,,2024-09-26,SRC02432,HIGH,"Design & Research Centre opened by Alain Gillièron, Mayor of Prilly during Swiss Indian Innovation Week on Sep 26 2024; works with EPFL LASA and CSEM"
LOC0343,S0153,registered_office,"No 156, Puttannachetty Road, 5th Main Road, Chamarajpet",Bengaluru,Karnataka,,2015-04-09,SRC02419,HIGH,MCA registered office of Vyuti Systems Pvt Ltd
LOC0344,S0153,ops,Whitefield area,Bengaluru,Karnataka,,2026-02-17,SRC02429,HIGH,"Company headquartered in Whitefield, Bengaluru per ANI report"
LOC0345,S0153,office,Not disclosed,United States,,,2026-02-17,SRC02422,MEDIUM,US sales office; Gokul described US as offering process maturity but requiring capital and legal support
LOC0346,S0153,rd,EPFL LASA (Lausanne) and CSEM (Neuchâtel),Lausanne/Neuchâtel,Vaud,,2024-11-05,SRC02432,HIGH,Research partners for Switzerland Centre
LOC0347,S0154,hq,Bengaluru,Bengaluru,Karnataka,,2026-09-15,,HIGH,
LOC0348,S0154,registered_office,Karnataka,Bengaluru,Karnataka,,2026-09-15,,MEDIUM,Inferred from CIN prefix KA
LOC0349,S0156,registered_office,"Tower-4, Plot No. 21, Sector Techzone-IV",Greater Noida(West),Uttar Pradesh,,2026-09-15,SRC02471,HIGH,
LOC0350,S0156,rd,Bengaluru,Bengaluru,Karnataka,,2026-09-15,SRC02475,MEDIUM,
LOC0351,S0156,office,Greater Noida,Greater Noida,Uttar Pradesh,,2026-09-15,SRC02471,HIGH,
LOC0352,S0157,hq,"Mumbai, Maharashtra",Mumbai,Maharashtra,,2026-09-15,SRC02481,HIGH,
LOC0353,S0157,registered_office,"Bombay Autism Services Private Limited, Mumbai",Mumbai,Maharashtra,,2026-09-15,SRC00088,MEDIUM,Inferred from CIN U85300MH2022PTC378258
LOC0354,S0157,ops,22+ cities across India,Multiple,Multiple,,2026-08-19,SRC02482,HIGH,
LOC0355,S0158,hq,Mumbai,Mumbai,Maharashtra,,2026-09-15,,HIGH,
LOC0356,S0158,registered_office,UNKNOWN,UNKNOWN,UNKNOWN,,2026-09-15,,LOW,Registered office not verified from registry
LOC0357,S0159,hq,"8 Craig Road, #02-01",Singapore,,,2026-09-15,SRC02514,HIGH,
LOC0358,S0159,office,,Bengaluru,,,2026-09-15,SRC02509,MEDIUM,
LOC0359,S0159,office,,,,,2026-09-15,SRC02509,MEDIUM,
LOC0360,S0159,office,,,,,2026-09-15,SRC02509,MEDIUM,
LOC0361,S0159,office,,,,,2026-09-15,SRC02509,MEDIUM,
LOC0362,S0159,office,,,,,2026-09-15,SRC02509,MEDIUM,
LOC0363,S0159,office,,,,,2026-09-15,SRC02509,MEDIUM,
LOC0364,S0159,office,,,,,2026-09-15,SRC02509,MEDIUM,
LOC0365,S0159,office,,,,,2026-09-15,SRC02509,MEDIUM,
LOC0366,S0161,hq,"1st floor, WorkEZ Techshire, 145/131A, BS Tech Park, Block Main Road, Hobli, Varthur, Devarabisanahalli",Bengaluru,Karnataka,,2026-09-15,SRC02532,HIGH,
LOC0367,S0161,registered_office,"456, 5th Main Road 17th Cross Road, Sector 6, HSR Layout",Bengaluru,Karnataka,,2026-09-15,SRC02533,HIGH,
LOC0368,S0162,hq,"#198, CMH Road, 2nd Floor, Desk #275, Indira Nagar 1st Stage",Bengaluru,Karnataka,,2019-04-19,SRC02549,HIGH,
LOC0369,S0162,office,"Multiple cities: Bengaluru, Delhi, Mumbai, Pune, Hyderabad, Chennai, Ahmedabad, Jaipur, Indore, Lucknow",Multiple,Multiple,,2026-09-15,SRC02548,HIGH,
LOC0370,S0162,office,"BurJuman Mall, Dubai",Dubai,,,2025-02-01,SRC02547,HIGH,
LOC0371,S0163,hq,"Unit 1A & 501A, Building B-1, Cerebrum IT Park, Kalyani Nagar, Vadgaonsheri",Pune,Maharashtra,,2026-09-11,SRC02565,HIGH,
LOC0372,S0164,registered_office,"07B108/109/110, 1st Floor, WeWork Raheja Platinum, Marol CHS Road, Off Andheri-Kurla Road, Marol, Andheri (E)",Mumbai,Maharashtra,,2025-07-31,SRC02574,HIGH,
LOC0373,S0164,hq,"WeWork Raheja Platinum, Marol, Andheri East",Mumbai,Maharashtra,,2026-09-08,SRC02576,HIGH,
LOC0374,S0164,office,"Grievance Redressal Office at WeWork Raheja Platinum, Marol",Mumbai,Maharashtra,,2025-07-31,SRC02574,HIGH,
LOC0375,S0165,hq,"Bellandur, Bangalore South",Bengaluru,Karnataka,,2026-09-15,SRC02592,HIGH,
LOC0376,S0165,office,Delhi,Delhi,Delhi,,2026-06-23,SRC02586,HIGH,
LOC0377,S0165,office,Mumbai,Mumbai,Maharashtra,,2026-06-23,SRC02586,HIGH,
LOC0378,S0165,office,Chennai,Chennai,Tamil Nadu,,2026-06-23,SRC02587,MEDIUM,
LOC0379,S0167,registered_office,Bengaluru,Bengaluru,Karnataka,,2026-09-15,SRC02607,MEDIUM,
LOC0380,S0167,office,"Mumbai, Delhi, Chennai, Pune, Hyderabad, Gurgaon, Noida",Multi-city,Multi-state,,2026-01-31,SRC02607,MEDIUM,Operations across 22 cities including these major markets
LOC0381,S0179,HQ,"24-A, Samadhan Chs Ltd, Raheja Township, Malad East",Mumbai,Maharashtra,,2026,SRC02694,HIGH,
LOC0382,S0179,ops,,Bengaluru,Karnataka,,2026-08,SRC02693,MEDIUM,
LOC0383,S0180,HQ,"890 Hillview Ct Suite 300, Milpitas",Milpitas,California,,2026,SRC02699,HIGH,
LOC0384,S0180,R&D,"5th Floor, Plot No 77, BHIVE Workspace, JBR Tech Park, EPIP Zone",Bengaluru,Karnataka,,2026,SRC02699,HIGH,
LOC0385,S0181,registered,"301, ABS Tower Old Padra Road",Vadodara,Gujarat,,2026,SRC02702,HIGH,
LOC0386,S0181,ops,,Noida,Uttar Pradesh,,2026,SRC02700,MEDIUM,
LOC0387,S0182,registered,"B-200 Sector 81, Phase II",Noida,Uttar Pradesh,,2026,SRC02711,HIGH,
LOC0388,S0182,HQ,,Noida,Uttar Pradesh,,2026,SRC02709,HIGH,
LOC0389,S0182,ops,,United States,,,2026,SRC02709,MEDIUM,
LOC0390,S0183,registered,"Innov8 Aerocity, Asset-5A Aerocity, JW Marriott Hotel Hospitality District",New Delhi,Delhi,,2026,SRC02718,HIGH,
LOC0391,S0183,HQ,,Gurugram,Haryana,,2026,SRC02717,HIGH,
LOC0392,S0185,registered_office,"5TH FLOOR, VIPUL PLAZA, SUNCITY, GOLF COURSE ROAD, SECTOR-54",Gurugram,Haryana,,2026-09-15,SRC02729,HIGH,
LOC0393,S0185,HQ,"Gurugram, Haryana",Gurugram,Haryana,,2026-09-15,SRC02739,HIGH,"LinkedIn confirms Gurugram, Haryana headquarters"
LOC0394,S0189,HQ,"5th Main, 23rd Cross, HSR Layout, 7th Sector, Bengaluru",Bengaluru,Karnataka,,,SRC02755,HIGH,
LOC0395,S0191,HQ,,Bengaluru,Karnataka,,,SRC02759,HIGH,
LOC0396,S0192,Registered,"No 21/A-C, II Phase, Kumbalgodu industrial Area",Bengaluru,Karnataka,,,SRC02764,HIGH,
LOC0397,S0192,HQ,,Bengaluru,Karnataka,,,SRC02766,HIGH,
LOC0398,S0193,HQ,,Gurugram,Haryana,,,SRC02767,MEDIUM,
LOC0399,S0194,HQ,"Pune, Maharashtra",Pune,Maharashtra,,2025,SRC02773,HIGH,
LOC0400,S0195,HQ,Delhi NCR,Delhi,Delhi,,2026,,MEDIUM,
LOC0401,S0196,registered,"Goregaon West, Mumbai",Mumbai,Maharashtra,,2011,SRC02792,HIGH,
LOC0402,S0197,HQ,Bengaluru,Bengaluru,Karnataka,,2026,SRC02795,HIGH,
LOC0403,S0197,hq,"No.1505, 2nd & 3rd Floor, Olsen Spaces, 19th Main Road, HSR Layout, Bangalore South",Bengaluru,Karnataka,,2026-09-15,SRC02796,HIGH,
LOC0404,S0197,registered_office,"A101,1st floor,Plot 8PT-T, T-5,Diero, Wadala Truck Terminal Road, Antop Hill",Mumbai,Maharashtra,,2026-09-15,SRC02795,HIGH,
LOC0405,S0198,HQ,Mumbai,Mumbai,Maharashtra,,2026,SRC02811,HIGH,
LOC0406,S0198,ops,Thane,Thane,Maharashtra,,2026,SRC02816,MEDIUM,
LOC0407,S0200,HQ,,Navi Mumbai,Maharashtra,,,SRC02825,HIGH,
LOC0408,S0201,HQ,,Singapore,,,,SRC02838,HIGH,
LOC0409,S0201,ops,,Gurugram,Haryana,,,SRC02839,HIGH,
LOC0410,S0202,HQ,,Gurugram,Haryana,,,SRC02846,HIGH,
LOC0411,S0202,registered,,Gurugram,Haryana,,,SRC01279,HIGH,
LOC0412,S0203,registered,"L-248, 2nd Floor, 17th Cross, Sector 6, HSR Layout",Bengaluru,Karnataka,,2026-09-15,SRC02848,HIGH,
LOC0413,S0203,HQ,Bengaluru office,Bengaluru,Karnataka,,2026-09-15,SRC02852,HIGH,
LOC0414,S0207,HQ,Bengaluru,Bengaluru,Karnataka,,2025,SRC02859,HIGH,
LOC0415,S0208,HQ,Kerala (Thiruvananthapuram),Thiruvananthapuram,Kerala,,2025,SRC02866,MEDIUM,
LOC0416,S0208,ops,Bengaluru,Bengaluru,Karnataka,,2025,SRC02863,MEDIUM,
LOC0417,S0209,registered,Kolkata,Kolkata,West Bengal,,1991,SRC02873,HIGH,
LOC0418,S0209,registered,"PTI Building, 4th Floor, DP-9, Sector-5, Salt Lake, Parganas North",Kolkata,West Bengal,,2026-09-15,SRC02875,HIGH,
LOC0419,S0209,HQ,"Corporate Office, Kolkata",Kolkata,West Bengal,,2026-09-15,SRC02876,HIGH,
LOC0420,S0209,ops,"1,073 branches across 17 states",Multiple,Multiple,,2025-12-31,SRC02874,HIGH,
LOC0421,S0210,HQ,Bengaluru,Bengaluru,Karnataka,,2013,SRC02898,HIGH,
LOC0422,S0211,HQ,New Delhi,Delhi NCR,Delhi,,2026,SRC02901,HIGH,
LOC0423,S0211,hq,"Unit No. OF-2(A), 4th Floor, MGF Metropolitan, Saket, Plot no. A-2 and P-2A, District Centre",New Delhi,Delhi,,2026-09-15,SRC02905,HIGH,
LOC0424,S0211,registered_office,"Unit No. OF-2(B), 4th Floor, MGF Metropolitan Saket, Plot No. A-2 and P-2A, District Centre, Saket",New Delhi,Delhi,,2024-10-23,SRC02906,HIGH,
LOC0425,S0211,office,Mumbai office,Mumbai,Maharashtra,,2026-08,SRC02904,MEDIUM,Mint dateline says 'Mumbai: Nexedge Capital...' but this may refer to journalist location; company HQ is Delhi
LOC0426,S0211,office,Ahmedabad office,Ahmedabad,Gujarat,,2026-06,SRC02903,MEDIUM,ET reports office recently set up in Ahmedabad
LOC0427,S0212,HQ,Delhi NCR,Delhi NCR,Delhi,,2026,SRC02920,HIGH,
LOC0428,S0213,HQ,Mumbai,Mumbai,Maharashtra,,2018,SRC02926,HIGH,
LOC0429,S0213,hq,"7TH FLOOR, NANAVATI MAHALAYA 18, HOMI MODI STREET, FORT",Mumbai,Maharashtra,,2018-09-30,SRC02927,HIGH,
LOC0430,S0213,office,Fully remote team spread across India,,,,2026-09-15,SRC02941,MEDIUM,Company states it functions fully remote
LOC0431,S0215,HQ,Gurugram,Gurugram,Haryana,,2026-01-12,SRC02956,HIGH,
LOC0432,S0215,ops,Delhi NCR,Delhi,Delhi,,2026-01-12,SRC02956,MEDIUM,
LOC0433,S0215,ops,Bengaluru,,,,,,,
LOC0434,S0219,HQ,,Gurugram,Haryana,,2026-06-04,SRC02982,HIGH,
LOC0435,S0220,registered,,Mumbai,Maharashtra,,2026-02-23,SRC00035,HIGH,
LOC0436,S0220,HQ,,Mumbai,Maharashtra,,2026-02-23,SRC02988,HIGH,
LOC0437,S0221,registered,BK NO 134&135 KARTHIKNAGAR DOD DANEKUNDI,Bengaluru,Karnataka,,2026-09-15,SRC00088,HIGH,
LOC0438,S0221,HQ,,Bengaluru,Karnataka,,2026-09-15,SRC00088,HIGH,
LOC0439,S0222,registered,"No.16, Bhuvanappa",Bengaluru,Karnataka,,2026-05-20,SRC01279,HIGH,
LOC0440,S0222,HQ,,Bengaluru,Karnataka,,2026-05-20,SRC03001,HIGH,
LOC0441,S0223,HQ,,Bengaluru,Karnataka,,2026-08-04,SRC03009,HIGH,
LOC0442,S0226,registered_office,"3rd Floor, No.616, 15th Main Rd, 4th Block, Koramangala",Bengaluru,Karnataka,,2026-09-15,SRC03018,HIGH,
LOC0443,S0226,office,Koramangala,Bengaluru,Karnataka,,2026-09-15,SRC03025,HIGH,
LOC0444,S0226,warehouse,Mumbai,Mumbai,Maharashtra,,2025-03-31,SRC03021,MEDIUM,
LOC0445,S0226,warehouse,Delhi,Delhi,Delhi,,2025-03-31,SRC03021,MEDIUM,
LOC0446,S0226,warehouse,Bengaluru,Bengaluru,Karnataka,,2025-03-31,SRC03021,MEDIUM,
LOC0447,S0228,hq,"San Francisco, California",San Francisco,California,,2026-09-15,SRC03036,HIGH,HQ in San Francisco per PR Newswire. Reverse flip to India announced Oct 2024.
LOC0448,S0228,office,Mumbai,Mumbai,Maharashtra,,2026-09-15,SRC03038,HIGH,Mumbai office confirmed
LOC0449,S0228,office,"New York, Sao Paulo, Bogota, London, Amsterdam, Sofia, Dubai, Bangalore, Delhi, Singapore, Jakarta, Vietnam",Multiple,,,2026-09-15,SRC03035,HIGH,Global offices per Gartner MQ 2026 PR
LOC0450,S0229,HQ,1885 El Camino Real,Palo Alto,California,,2026,SRC03045,HIGH,
LOC0451,S0229,ops,"1221, 2nd Floor, Building 12 Solitaire Corporate Park, Guru Hargovindji Rd, Chakala, Andheri East",Mumbai,Maharashtra,,2026,SRC03051,HIGH,
LOC0452,S0230,HQ,"Tower 4, Equinox Park, 10th Floor LBS Marg Kurla (West)",Mumbai,Maharashtra,,2026,SRC03057,HIGH,
LOC0453,S0231,registered,"Plot No. 151, Okhla Industrial Estate, Phase III",New Delhi,Delhi,,2026,SRC03064,HIGH,
LOC0454,S0231,HQ,"Ground Floor, Vipul Tech Square, Golf Course Road, Sector-43",Gurugram,Haryana,,2026,SRC03064,HIGH,
LOC0455,S0232,registered,"L-804, Greenwoods CHS Ltd, Chakala, Andheri East",Mumbai,Maharashtra,,2026,SRC03073,HIGH,
LOC0456,S0232,office,"5th floor, Technopolis Knowledge Park, Mahakali Caves Road, Chakala",Mumbai,Maharashtra,,2026,SRC03074,HIGH,
LOC0457,S0233,registered,"Bunglow No. 129, RSC 2 MHADA NR Telephone Exch, Versova Andheri",Mumbai,Maharashtra,,2026,SRC03076,HIGH,
LOC0458,S0233,office,"129 #RebelHouse Jankidevi Public School Road, Versova Andheri West",Mumbai,Maharashtra,,2026,SRC03082,HIGH,
LOC0459,S0235,mfg,Odisha,,Odisha,,2026,SRC03087,HIGH,
LOC0460,S0238,hq,"Office Nos. 001-004, Ground Floor, Nyati Tech Park, Wadgaon Sheri",Pune,Maharashtra,,2026-09-15,SRC03111,HIGH,
LOC0461,S0238,registered_office,"S.No.677,582,581B,583,2621,2634 Parol Bhiw Vasai Palghar Tilher",Thane,Maharashtra,,2026-09-15,SRC03110,HIGH,
LOC0462,S0238,office,"Office Nos. 501-505A, 5th Floor, East Wing, Tower No. 1, Infocity Complex",Gandhinagar,Gujarat,,2026-09-15,SRC03111,HIGH,Input Division regional office
LOC0463,S0238,office,"A-102 Boomerang, Chandivali Farm Rd, Chandivali, Andheri East",Mumbai,Maharashtra,,2026-09-15,SRC03111,HIGH,Output Division regional office
LOC0464,S0240,registered,"1601, Floor No 16, Lodha Paradise, Thane (W)",Thane,Maharashtra,,,SRC03144,MEDIUM,
LOC0465,S0241,hq,"H-82, Sector-63, Noida",Noida,Uttar Pradesh,,2026-09-15,SRC03164,HIGH,
LOC0466,S0241,registered_office,"C Wing Office No: 301, Kailas Business Park, Veer Savarkar Marg, Parksite, Kailash Industrial Estate, Vikhroli West",Mumbai,Maharashtra,,2026-09-15,SRC03152,HIGH,
LOC0467,S0241,warehouse,"12,000 leased agri-warehouses across 21 states",Multiple,Multiple,,2026-01-02,SRC03155,HIGH,
LOC0468,S0246,registered_office,"428, 80FT Road, 6th Block, Koramangala",Bengaluru,Karnataka,,2024-05-03,SRC03185,HIGH,
LOC0469,S0246,hq,"Koramangala, Bengaluru",Bengaluru,Karnataka,,2026-09-15,SRC03187,HIGH,
LOC0470,S0248,registered_office,"184, 17th Main, II Floor, B Sk II Stage",Bengaluru,Karnataka,,2024-09-26,SRC03202,HIGH,
LOC0471,S0248,hq,"3rd Floor, 600, Anandsurya Building, 15th Cross, JP Nagar, Near BMTC Busstand",Bengaluru,Karnataka,,2026-07-09,SRC03204,HIGH,
LOC0472,S0255,hq,"8th Floor, Unit G-801 to G-824, Gamma Block, Sigma Soft Tech Park, Ramagondanahalli Village, Varthur Hobli, Whitefield",Bengaluru,Karnataka,,2026-09-15,SRC03231,HIGH,
LOC0473,S0255,registered_office,"8th Floor, Gamma Block, Sigma Soft Tech Park, Ramagondanahalli Village, Varthur Hobli, Whitefield, Bangalore South",Bengaluru,Karnataka,,2026-09-15,SRC03231,HIGH,
LOC0474,S0255,office,"A/3, Gokul Arcade CHS Ltd., Sahar Road, Vile Parle (East)",Mumbai,Maharashtra,,2026-09-15,SRC03240,HIGH,Kanji Forex registered office (AD-II entity)
LOC0475,S0256,hq,"Bengaluru, Karnataka",Bengaluru,Karnataka,,2026-09-15,SRC03261,HIGH,
LOC0476,S0256,registered_office,"202, 2nd Floor, Bengaluru",Bengaluru,Karnataka,,2026-09-15,SRC03275,MEDIUM,
LOC0477,S0256,office,"Philadelphia, USA",Philadelphia,Pennsylvania,,2022-05-01,SRC03268,MEDIUM,
LOC0478,S0256,rd,Bengaluru,Bengaluru,Karnataka,,2026-09-15,SRC03261,HIGH,
LOC0479,S0258,hq,"Mantri Commercio, Spatium Offices, Unit 001, Tower A, 5th Floor, Outer Ring Road, Near Sakra World Hospital, Kariyammana Agrahara, Bellandur",Bengaluru,Karnataka,,2026-09-15,SRC03285,HIGH,
LOC0480,S0258,registered_office,"Mantri Commercio, Spatium Offices, Unit 001, Tower A, 5th Floor, Outer Ring Road, Near Sakra World Hospital, Kariyammana Agrahara, Bellandur",Bengaluru,Karnataka,,2026-09-15,SRC03285,HIGH,
LOC0481,S0258,,"11th Floor, Wing E, Helios Business Park Outer Ring Road, Kadubeesanahalli",Bengaluru,Karnataka,,2026-09-15,SRC03294,HIGH,
LOC0482,S0278,registered_office,"No.3 Chikkayellappa Tower-II, 1st C Main, Sarjapur Main Road, Jakkasandra Extension, Chikkayellappa Industrial Layout",Bengaluru,Karnataka,,2026-09-15,SRC03372,HIGH,
LOC0483,S0278,hq,"No. 235, 18th Main, 6th Block, Koramangala",Bengaluru,Karnataka,,2026-09-15,SRC03372,HIGH,
LOC0484,S0278,office,"No 1, 1st Main Road, 1st Block, Koramangala",Bengaluru,Karnataka,,2026-09-15,SRC03372,HIGH,
LOC0485,S0278,office,"306-B, 3rd floor, ABW Tower, Iffco chowk, near metro station, Sector 25",Gurgaon,Haryana,,2026-09-15,SRC03372,HIGH,
LOC0486,S0278,mfg,"Bengaluru, Karnataka",Bengaluru,Karnataka,,2026-09-15,SRC03397,HIGH,
LOC0487,S0280,registered_office,"Exora Business Park/Prestige Tech Park II, 2nd Floor, Wing A, Bellandur Khane Village, Outer Ring Road",Bengaluru,Karnataka,,2026-09-15,SRC02014,HIGH,
LOC0488,S0280,hq,Bengaluru,Bengaluru,Karnataka,,2026-09-15,SRC03405,HIGH,
LOC0489,S0280,ops,"17 cities across India including Delhi/Noida, Gurugram, Hyderabad, Indore, Kochi, Tirunelveli",Multi-city,Multi-state,,2026-09-15,SRC03407,HIGH,
LOC0490,S0283,hq,"Plot #53, Careernet Campus, Kariyammanna Agrahara Road, Outer Ring Road, Bellandur",Bengaluru,Karnataka,,2026-09-15,SRC03434,HIGH,
LOC0491,S0283,registered_office,"Plot #53, Careernet Campus, Kariyammanna Agrahara Road, Devarabisanahalli, Outer Ring Road, Bellandur, Bangalore, Karnataka 560103",Bengaluru,Karnataka,,2026-09-15,SRC03419,HIGH,
LOC0492,S0283,office,"Sector 142, Noida Expressway",Noida,Uttar Pradesh,,2026-07-16,SRC03419,MEDIUM,
LOC0493,S0283,office,Multiple locations across 17 cities,Pan-India,Multiple,,2026-05-20,SRC03420,HIGH,
LOC0494,S0284,HQ,"Gurugram, Haryana",Gurugram,Haryana,,,SRC03436,HIGH,
LOC0495,S0285,Registered Office,"B-1301, Mondeal Heights, Near Novotel Hotel, S.G. Highway",Ahmedabad,Gujarat,,,SRC03444,HIGH,
LOC0496,S0286,HQ,"19th Floor, Tower A/B/C Epitome Building, DLF Cyber City",Gurugram,Haryana,,,SRC03452,HIGH,
LOC0497,S0287,HQ,"Gurugram, Haryana",Gurugram,Haryana,,,SRC03454,HIGH,
LOC0498,S0288,HQ,Gurugram,Gurugram,Haryana,,,SRC03461,HIGH,
LOC0499,S0289,HQ,Gurugram,Gurugram,Haryana,,,SRC03468,HIGH,
LOC0500,S0290,HQ,"Bengaluru, Karnataka",Bengaluru,Karnataka,,,SRC03472,HIGH,
LOC0501,S0290,registered_office,"No 17 Bommanahalli, Rajeev Gandhi Nagar, Begur, Bangalore South",Bengaluru,Karnataka,,2025-05-05,SRC03477,HIGH,
LOC0502,S0290,hq,"Bengaluru, Karnataka",Bengaluru,Karnataka,,2026-08-26,SRC03472,HIGH,
LOC0503,S0290,office,San Francisco Bay Area,San Francisco,California,,2026-08-26,SRC03476,MEDIUM,Growth Manager based in SF Bay Area; may indicate US presence
LOC0504,S0291,HQ,"6th Floor, Building No. 3, Gigaplex IT Park, Airoli",Mumbai,Maharashtra,,,SRC03491,HIGH,
LOC0505,S0291,Registered Office,"14 & 15, IT Tower-1, Infocity Complex, Indroda",Gandhinagar,Gujarat,,,SRC03487,HIGH,
LOC0506,S0292,HQ,"Chimat Pada, Marol, Andheri East, Skyline Icon Unit 801-804",Mumbai,Maharashtra,,,SRC03493,HIGH,
LOC0507,S0293,HQ,"9042 Block C3 Assetz East, Pont Doddakannelli Kadube, Bellandur",Bengaluru,Karnataka,,,SRC03501,HIGH,
LOC0508,S0296,registered_office,"8 Sarat Banerjee Road, 3rd Floor, Meera Building",Kolkata,West Bengal,,2026-09-15,SRC03515,HIGH,
LOC0509,S0296,office,"Elan Miracle Mall, Sector 84, Dwarka Expressway",Gurugram,Haryana,,2026-09-15,SRC03522,MEDIUM,"Retail store in Gurugram, not HQ"
LOC0510,S0296,office,Sarath City Capital Mall,Hyderabad,Telangana,,2026-09-15,SRC03520,MEDIUM,Flagship store in Hyderabad
LOC0511,S0296,office,Pune,Pune,Maharashtra,,2024-10-01,SRC03516,MEDIUM,Dual store launch in Pune Oct 2024
LOC0512,S0304,HQ,Gurugram,Gurugram,Haryana,,2026,SRC03554,HIGH,
LOC0513,S0305,hq,"Pleasanton, California",Pleasanton,California,,2026-09-10,SRC03557,HIGH,
LOC0514,S0305,office,"Rajapushpa Business Centre, Stoneridge Centre, Kondapur, Serilingampally",Hyderabad,Telangana,,2024-10-14,SRC03562,HIGH,
LOC0515,S0307,hq,IIT Madras Research Park,Chennai,Tamil Nadu,,2024-12-22,SRC03567,HIGH,
LOC0516,S0307,registered_office,UNKNOWN,UNKNOWN,UNKNOWN,,2026-09-15,,LOW,
LOC0517,S0308,HQ,,Gurugram,,,2026,SRC03580,MEDIUM,
LOC0518,S0309,hq,"NO.7, PARIJATHA GROUND FLOOR, SURYODAYA LAYOUT, DR. SHIVARAMA KARANTHA NAGAR",Bengaluru,Karnataka,,2026-09-15,SRC03586,HIGH,
LOC0519,S0309,registered_office,"NO.7, PARIJATHA GROUND FLOOR, SURYODAYA LAYOUT, DR. SHIVARAMA KARANTHA NAGAR",Bengaluru,Karnataka,,2026-09-15,SRC03586,HIGH,
LOC0520,S0309,office,Delft,Delft,South Holland,,2026-09-15,SRC03588,MEDIUM,"LinkedIn shows Delft, NL as a secondary location"
LOC0521,S0310,HQ,Gurugram,Gurugram,Haryana,,2026,SRC03618,HIGH,
LOC0522,S0310,hq,"6th Floor, SAS Tower-C, Ch Baktawar Singh Road, Medicity Sector 38",Gurugram,Haryana,,2026-09-15,SRC03599,HIGH,
LOC0523,S0310,registered_office,"10th Floor, Tower-B, Unitech Cyber Park, Sector-39",Gurugram,Haryana,,2026-09-15,SRC03594,HIGH,
LOC0524,S0310,registered_office,1 Robinson Road #18-00 AIA Tower,Singapore,,,2026-09-15,SRC03612,HIGH,
LOC0525,S0311,HQ,Jaipur,Jaipur,Rajasthan,,,SRC03626,HIGH,
LOC0526,S0314,HQ,Delhi NCR,Delhi NCR,,,,SRC03637,MEDIUM,
LOC0527,S0316,registered_office,"52, D Block, Palm Greens, Sur No. 4/1, 13/3/1, TP-84/A, Near Torrent Power, Makarba",Ahmedabad,Gujarat,,2026-09-15,SRC03647,HIGH,
LOC0528,S0316,hq,"307, 3rd Floor, Pinnacle Business Park, Corporate Road, Prahlad Nagar",Ahmedabad,Gujarat,,2026-09-15,SRC03656,HIGH,Corporate HQ per company website and PitchBook
LOC0529,S0316,office,Mumbai (PR agency location for BioMimic launch),Mumbai,Maharashtra,,2026-08-20,SRC03653,LOW,"BioMimic launch PR issued from Mumbai; likely PR agency location, NOT company office. No evidence of Mumbai office found."
LOC0530,S0319,HQ,Gurugram,Gurugram,,,,SRC03669,HIGH,
LOC0531,S0320,HQ,Bengaluru,Bengaluru,,,,SRC03673,MEDIUM,
LOC0532,S0320,hq,"San Francisco, California",San Francisco,California,,2026-09-15,SRC03675,HIGH,
LOC0533,S0320,registered_office,"A-102, Surakshaa Fairview, Near Sai Baba Ashram, Belathur, Kadugodi, Bengaluru, Karnataka",Bengaluru,Karnataka,,2026-09-15,SRC03677,MEDIUM,
LOC0534,S0320,manufacturing,"Shanti Sagar, Sector 24, Plot No. 124, Nigadi, Rupeenagar, Pune, Maharashtra",Pune,Maharashtra,,2026-09-15,SRC03676,HIGH,
LOC0535,S0320,ops,Bengaluru (R&D and design),Bengaluru,Karnataka,,2026-09-15,SRC03689,MEDIUM,
LOC0536,S0321,HQ,"Manno, Switzerland",Manno,Ticino,,,SRC03691,HIGH,
LOC0537,S0322,HQ,Gurugram,Gurugram,,,,SRC03693,HIGH,
LOC0538,S0322,hq,"1st Floor, Plot No. 94, Sector 32",Gurugram,Haryana,,2026-09-15,SRC03698,HIGH,
LOC0539,S0322,registered_office,"1st Floor, Plot No. 22, AG Block, Shalimar Bagh",Delhi,Delhi,,2026-09-15,SRC03698,HIGH,
LOC0540,S0322,office,"Fortune Chamber, SCO-16-17, Feroze Gandhi Market",Ludhiana,Punjab,,2026-09-15,SRC03698,HIGH,
LOC0541,S0322,office,"Unit No 301, 3rd Floor, Palm Square, Brigade Road",Bangalore,Karnataka,,2026-09-15,SRC03698,HIGH,
LOC0542,S0322,office,"#3, 2nd Floor, Khullar Market, Sector 3 Market Extension",Jammu,J&K,,2026-09-15,SRC03698,HIGH,
LOC0543,S0322,office,"Office No. 306, 3rd Floor, Sky High Building, 5th Park Road",Lucknow,Uttar Pradesh,,2026-09-15,SRC03698,HIGH,
LOC0544,S0322,office,"5th Floor, Gala Argos, Near Ladies Hostel, Gujarat College Road",Ahmedabad,Gujarat,,2026-09-15,SRC03698,HIGH,
LOC0545,S0322,office,"A71, Sector 2",Noida,Uttar Pradesh,,2026-09-15,SRC03698,HIGH,
LOC0546,S0322,office,"97 Technologies, 3rd floor, E 302, Sky Park building",Mumbai,Maharashtra,,2026-09-15,SRC03698,HIGH,
LOC0547,S0323,HQ,Gurugram,Gurugram,,,,SRC03722,MEDIUM,
LOC0548,S0325,HQ,,Chennai,Tamil Nadu,,2025,SRC03727,HIGH,
LOC0549,S0326,HQ,,Bengaluru,Karnataka,,2026,SRC03733,MEDIUM,
LOC0550,S0328,HQ,,Hyderabad,Telangana,,2025,SRC03738,HIGH,
LOC0551,S0330,HQ,,Kolkata,West Bengal,,2025,SRC03309,HIGH,
LOC0552,S0331,HQ,,Kolkata,West Bengal,,2025,SRC03309,HIGH,
LOC0553,S0332,HQ,,Kochi,Kerala,,2025,SRC03751,HIGH,
LOC0554,S0333,HQ,,Kochi,Kerala,,2025,SRC03754,HIGH,
LOC0555,S0338,HQ,"Surat, Gujarat",Surat,Gujarat,,2026,SRC03763,HIGH,
LOC0556,S0339,HQ,Chandigarh,Chandigarh,Punjab,,2026,SRC03767,HIGH,
LOC0557,S0340,HQ,"Indore, Madhya Pradesh",Indore,Madhya Pradesh,,2026,SRC03774,HIGH,
LOC0558,S0341,HQ,Chandigarh,Chandigarh,Punjab,,2026,SRC03780,HIGH,
LOC0559,S0343,HQ,"1601, Tower 10, M3M Merlin, Sector 67, Gurgaon, Haryana",Gurugram,Haryana,,2026-09,SRC03785,HIGH,
LOC0560,S0344,HQ,Pune,Pune,Maharashtra,,2026-09,SRC03791,HIGH,
LOC0561,S0345,HQ,Bengaluru,Bengaluru,Karnataka,,2026-01,SRC03795,HIGH,
LOC0562,S0346,HQ,Bengaluru,Bengaluru,Karnataka,,2023-01,SRC03799,HIGH,
LOC0563,S0347,HQ,Bengaluru,Bengaluru,Karnataka,,2025-08,SRC03803,HIGH,
LOC0564,S0348,HQ,Indore,Indore,Madhya Pradesh,,2025-11,SRC03809,HIGH,
LOC0565,S0349,HQ,Hyderabad,Hyderabad,Telangana,,2025-11,SRC03813,HIGH,
LOC0566,S0350,HQ,Bengaluru,Bengaluru,Karnataka,,2026-08,SRC03823,HIGH,
LOC0567,S0351,HQ,Bengaluru,Bengaluru,Karnataka,,2025-03,SRC03829,HIGH,
LOC0568,S0352,HQ,Mumbai,Mumbai,Maharashtra,,2026-09,SRC03832,HIGH,
LOC0569,S0353,HQ,Bengaluru,Bengaluru,Karnataka,,2025-06,SRC03839,HIGH,
LOC0570,S0354,HQ,,Bengaluru,Karnataka,,,SRC03845,HIGH,
LOC0571,S0355,HQ,,San Francisco,California,,,SRC03855,HIGH,
LOC0572,S0356,HQ,,Delhi,Delhi,,,SRC03859,HIGH,
LOC0573,S0357,HQ,,Mumbai,Maharashtra,,,SRC03864,MEDIUM,
LOC0574,S0359,HQ,,Bengaluru,Karnataka,,,SRC03876,HIGH,
LOC0575,S0361,HQ,,Hyderabad,Telangana,,,SRC03890,HIGH,
LOC0576,S0363,HQ,,Bengaluru,Karnataka,,,SRC03901,MEDIUM,
LOC0577,S0364,HQ,Bengaluru,Bengaluru,Karnataka,,2023-04,SRC03908,HIGH,
LOC0578,S0365,Registered Office,"13-H, Ground Floor, S.N. Chatterjee Road, Kolkata, West Bengal - 700038",Kolkata,West Bengal,,2026-09,SRC03914,HIGH,
LOC0579,S0365,Office,"Chhatarpur, New Delhi",New Delhi,Delhi,,2024-02,SRC03920,MEDIUM,
LOC0580,S0366,HQ,Bengaluru,Bengaluru,Karnataka,,2025-09,SRC03921,HIGH,
LOC0581,S0367,"{'v': 'registered', 'address_or_area': 'L-248, 2nd Floor, 17th Cross, Sector 6, HSR Layout', 'city': 'Bengaluru', 'state': 'Karnataka', 'as_of': '2026', 'source_url': 'https://tracxn.com/d/companies/zupee/__PmrdsCMWWq3_k84VTZuubm0y7eRjtsFeBoHNpuDlDVk', 'confidence': 0.9}",,,,,,,,
LOC0582,S0367,"{'v': 'HQ', 'address_or_area': 'Apeejay Business Centre, 6th Floor, Arunachal Building', 'city': 'Gurugram', 'state': 'Haryana', 'as_of': '2026', 'source_url': 'https://pitchbook.com/profiles/company/266996-62', 'confidence': 0.7}",,,,,,,,
LOC0583,S0367,hq,"Apeejay Business Centre, 6th Floor, Arunachal Building",Gurugram,Haryana,,2025-08-21,SRC03933,HIGH,
LOC0584,S0367,registered_office,"L-248, 2nd Floor, 17th Cross, Sector 6, HSR Layout",Bengaluru,Karnataka,,2026-09-15,SRC03927,MEDIUM,
LOC0585,S0367,ops,Delhi-NCR,Gurugram,Haryana,,2026-02-01,SRC03934,HIGH,
LOC0586,S0368,HQ,"T-18, Shree Nilkanth Business Hub, Causeway Road",Surat,Gujarat,,2024,SRC03950,HIGH,
