person_id,startup_id,name,position,start_date,end_date,prev,linkedin,source_id,confidence
P0001,S0001,Vimal Kumar (Vivekananthamoorthy Vimalkumar),Co-founder & CEO,,,,,SRC00006,HIGH
P0002,S0001,Sheetal Lalwani (Sheetal Pai),Co-founder & COO,,,,,SRC00007,HIGH
P0003,S0001,Ramanathan R.V.,Co-founder (exited 2019),,,,,SRC00003,MEDIUM
P0004,S0001,Abhinay Subramanya,NOT a Juspay founder,,,,,SRC00008,LOW
P0008,S0002,Madhusudan Ekambaram,Co-founder & CEO,,,,,SRC00031,HIGH
P0006,S0002,Karthikeyan Krishnaswamy,Co-founder & CTO,,,,,SRC00041,HIGH
P0007,S0002,Vivek Veda,Co-founder & CFO,,,,,SRC00041,HIGH
P0009,S0002,Wan Hong,Co-founder,,,,,SRC00044,MEDIUM
P0010,S0002,Ajeet Kumar,Chief Operating Officer,,,,,SRC00045,MEDIUM
P0011,S0002,Ishan Bose,Chief Marketing Officer,,,,,SRC00045,MEDIUM
P0012,S0002,Rachit Agarwal,Chief Product Officer,,,,,SRC00045,MEDIUM
P0013,S0002,Mukesh Solanki,Chief Information Security Officer,,,,,SRC00045,MEDIUM
P0017,S0003,Ankit Gunvantrai Popat,Company Secretary & Compliance Officer,,,,,SRC00079,MEDIUM
P0014,S0003,Sameer Nigam,"Founder, Whole-time Director and CEO",,,,,SRC00077,HIGH
P0015,S0003,Rahul Chari,"Founder, Whole-time Director and CTO",,,,,SRC00077,HIGH
P0016,S0003,Burzin Engineer,Founder and Chief Reliability Officer,,,,,SRC00077,HIGH
P0018,S0003,Rohit Bhagat,Chairperson of the Board and Non-Executive Independent Director,,,,,SRC00077,HIGH
P0019,S0003,Tarun Bajaj,Non-Executive Independent Director,,,,,SRC00077,HIGH
P0020,S0003,Manish Sabharwal,Non-Executive Independent Director,,,,,SRC00077,HIGH
P0021,S0003,Zarin Daruwala,Non-Executive Independent Director,,,,,SRC00077,HIGH
P0022,S0003,Leigh Hopkins,Non-Executive Nominee Director,,,,,SRC00077,HIGH
P0023,S0003,Donna Morris,Non-Executive Nominee Director,,,,,SRC00077,HIGH
P0024,S0003,John David Rainey,Non-Executive Nominee Director,,,,,SRC00077,HIGH
P0025,S0003,Chris Nicholas,Non-Executive Nominee Director (Additional),,,,,SRC00077,HIGH
P0026,S0003,Karthik Raghupathy,Strategy Head,,,,,SRC00078,MEDIUM
P0027,S0003,Nilesh D Naik,PhonePe Wealth,,,,,SRC00078,MEDIUM
P0030,S0004,Arpit Chug,CFO,,,,,SRC00091,MEDIUM
P0031,S0005,Aadit Palicha,Co-founder & CEO,,,,,SRC00110,HIGH
P0032,S0005,Kaivalya Vohra,Co-founder,,,,,SRC00110,HIGH
P0033,S0005,Albinder Dhindsa,CEO,,,,,SRC00106,HIGH
P0034,S0005,ED summons recipients,Co-founders,,,,,SRC00109,HIGH
P0037,S0006,B V Jagadeesh,Chairman,,,,,SRC00117,MEDIUM
P0035,S0006,Sharad Sanghi,Co-founder & CEO,,,,,SRC00121,HIGH
P0036,S0006,Anindya Das,Co-founder & CTO,,,,,SRC00122,HIGH
P0048,S0011,Lalit Keshre,Co-founder & CEO,,,,,SRC00184,
P0049,S0011,Harsh Jain,Co-founder & COO,,,,,SRC00184,
P0050,S0011,Ishan Bansal,Co-founder,,,,,SRC00184,
P0051,S0011,Neeraj Singh,Co-founder,,,,,SRC00184,
P0051,S0011,Neeraj Singh,Co-founder & CTO,,,,,SRC00189,HIGH
P0050,S0011,Ishan Bansal,Co-founder & CFO,,,,,SRC00177,HIGH
P0052,S0011,Satya Nadella,Angel investor,,,,,SRC00190,HIGH
P0053,S0011,Prajal Kulkarni,Chief Information Security Officer,,,,,SRC00190,MEDIUM
P0054,S0011,Pradeep Chowdhury,CFO,,,,,SRC00190,MEDIUM
P0055,S0011,Roshan Dave,Company Secretary & Compliance Officer,,,,,SRC00191,MEDIUM
P0057,S0012,Ravi Dugar,CFO,,,,,SRC00232,MEDIUM
P0058,S0012,Sheth (co-founder),Co-founder,,,,,SRC00217,
P0059,S0012,Andy Goldfarb,Cofounder & Managing Partner (Globespan),,,,,SRC00225,
P0060,S0013,Bhavish Aggarwal,"Founder, CEO",,,,,SRC00239,HIGH
P0061,S0013,Krishnamurthy Venugopala Tenneti,Co-founding Director,,,,,SRC00239,MEDIUM
P0062,S0013,Navendu Agarwal,"SVP, Head of Business",,,,,SRC00249,MEDIUM
P0063,S0013,Raguraman Barathalwar,CTO and VP of Engineering,,,,,SRC00249,MEDIUM
P0064,S0013,Sheetal Chittawar,"Director, Silicon Strategy",,,,,SRC00249,MEDIUM
P0065,S0013,Sambit Sahu,Cofounder (Bodhi Computing),,2025,,,SRC00249,MEDIUM
P0066,S0013,Sunit S,Senior Product Leader,,2025,,,SRC00249,MEDIUM
P0067,S0013,Chandra Khatri,Founding Head of AI,,2025,,,SRC00249,MEDIUM
P0068,S0013,Goutham Ramkumar,Director - Evaluation and AI Data,,2025,,,SRC00250,MEDIUM
P0069,S0013,Rajesh Jayaram,Senior Director - Platform Hardware Architect,,2025,,,SRC00250,MEDIUM
P0070,S0013,Ramesh Babu Giri,Head of Software Engineering - AI Server,,2025,,,SRC00250,MEDIUM
P0071,S0013,Vineet Agarwal,Director - Corporate Finance & IR,,2025,,,SRC00250,MEDIUM
P0072,S0013,Ajay Raut,Senior Director - Cloud Architect,,2025,,,SRC00250,MEDIUM
P0073,S0013,Kishore Kulkarni,Senior Technologist,,2025,,,SRC00250,MEDIUM
P0078,S0016,Ronnie Screwvala,Co-founder & Chairman,,,,,SRC00292,HIGH
P0080,S0016,Phalgun Kompalli,Co-founder,,,,,SRC00297,HIGH
P0081,S0016,Ravijot Chugh,Co-founder (former),,,,,SRC00298,HIGH
P0079,S0016,Mayank Kumar,Co-founder (former),,,,,SRC00299,HIGH
P0082,S0016,Arjun Mohan,Former CEO,,2023-01,,,SRC00300,HIGH
P0083,S0016,Mukesh Mundra,CFO,,,,,SRC00301,HIGH
P0084,S0016,Gaurav Munjal,CEO (Unacademy post-acquisition),,,,,SRC00302,HIGH
P0085,S0016,Gaurav Kumar,Former President Strategy,,2024-11,,,SRC00303,HIGH
P0086,S0017,Ritesh Arora,Co-founder & CEO,,,,,SRC00341,HIGH
P0087,S0017,Nakul Aggarwal,Co-founder & CTO,,,,,SRC00341,HIGH
P0088,S0018,Pravin Jadhav,Founder & CEO,,,,,SRC00366,HIGH
P0089,S0018,Jay Prakash Gupta,Co-founder,,,,,SRC00352,HIGH
P0090,S0018,Alok Pandey,Co-founder,,,,,SRC00352,HIGH
P0091,S0018,Raunak Rathi,Co-founder and Director,,,,,SRC00357,MEDIUM
P0095,S0019,Siddharth Shah,Co-founder & continuing leader,,,,,SRC00369,HIGH
P0095,S0019,Siddharth Shah,Co-founder,,,,,SRC00379,HIGH
P0097,S0019,Rahul Guha,MD & CEO,,,,,SRC00380,HIGH
P0092,S0019,Dharmil Sheth,Co-founder,,,,,SRC00369,HIGH
P0093,S0019,Dhaval Shah,Co-founder,,,,,SRC00369,HIGH
P0094,S0019,Hardik Dedhia,Co-founder,,,,,SRC00369,HIGH
P0096,S0019,Harsh Parekh,Co-founder,,,,,SRC00381,HIGH
P0098,S0019,Alok Jagnani,CFO,,,,,SRC00380,HIGH
P0099,S0019,Dr. Jaydeep Tank,Independent Director,,,,,SRC00380,HIGH
P0100,S0020,Nalin Agrawal,Co-Founder,,,,,SRC00413,
P0101,S0020,Anil Gelra,Co-Founder,,,,,SRC00416,
P0102,S0020,Abhineet Sawa,Co-Founder,,,,,SRC00413,
P0103,S0020,Prashasta Seth,Investor / Board Member,,,,,SRC00418,
P0104,S0021,Ravi Kumar,Co-founder & CEO,,,,,SRC00431,HIGH
P0106,S0021,Raghu Kumar,Co-founder,,,,,SRC00431,HIGH
P0108,S0021,Shrinivas Viswanath,Co-founder,,,,,SRC00431,HIGH
P0109,S0021,Ravi Chandran Kumar,Board Director,,,,,SRC00433,HIGH
P0108,S0021,Shrinivas Viswanath,Board Director,,,,,SRC00433,HIGH
P0113,S0022,Vishnu Menon,"SVP, Head of Business Finance",,,,,SRC00452,MEDIUM
P0117,S0023,Nitin Sood,Chief Financial Officer,,,,,SRC00458,HIGH
P0114,S0023,Varun Dua,Founder,,,,,SRC00465,
P0116,S0023,Ruchi Deepak,Co-founder,,,,,SRC00465,
P0121,S0025,Mukesh Bansal,Co-Founder,,,,,SRC00497,
P0122,S0025,Ankit Nagori,Co-Founder,,,,,SRC00497,
P0123,S0025,Rishabh Telang,Co-Founder & CEO,,,,,SRC00497,
P0124,S0025,Deepak Poduval,Co-Founder,,,,,SRC00497,
P0125,S0025,Vani Kola,Board Member,,,,,SRC00499,
P0126,S0026,Krish Ramineni,Co-Founder & CEO,,,,,SRC00518,
P0127,S0026,Sam Udotong,Co-Founder & CTO,,,,,SRC00518,
P0130,S0027,Suku Krishnaraj,COO / President GTM (from ~Sep 2024),,,,,SRC00541,MEDIUM
P0133,S0028,Anand Subbaraman,CEO (2025-),,,,,SRC00548,HIGH
P0134,S0029,Nilesh Patel,Co-founder & CEO,,,,,SRC00569,HIGH
P0135,S0029,Prashant Singh,Co-founder & COO,,,,,SRC00577,HIGH
P0136,S0029,Sudhakar Gorti,Co-founder,,2023,,,SRC00577,HIGH
P0137,S0029,Sukhbir Kalsi,Co-founder (disputed),,unknown,,,SRC00569,LOW
P0140,S0030,Yashwanth Reddy,Chief Revenue Officer,,,,,SRC00583,MEDIUM
P0141,S0030,Narasimha Reddy,CFO and Head - Strategic Initiatives,,,,,SRC00583,MEDIUM
P0144,S0032,Dhiraj Rajaram,Founder & CEO,,,,,SRC00599,HIGH
P0146,S0032,Ambiga Subramanian,"Co-founder, ex-CEO",,,,,SRC00598,MEDIUM
P0147,S0032,Dhiraj Rajaram Chidambaram,Director,,,,,SRC00602,HIGH
P0148,S0032,Trichur Narayanaswamy Kumar,Director,,,,,SRC00602,HIGH
P0149,S0032,Alokesh Das,Director,,,,,SRC00602,HIGH
P0150,S0032,Pat Ryan,Investor / Litigant,,,,,SRC00598,MEDIUM
P0153,S0033,Sreekanth Annapureddy,Chief Technology Officer (current listing),,,,,SRC00605,MEDIUM
P0154,S0033,Durgadutt Nedungadi,"SVP & GM, Middle East, India & APAC",,,,,SRC00607,MEDIUM
P0155,S0034,Abhinav Asthana,CEO & Co-founder,,,,,SRC00612,HIGH
P0156,S0034,Ankit Sobti,CTO & Co-founder,,,,,SRC00612,HIGH
P0157,S0034,Abhijit Kane,Co-founder,,,,,SRC00612,HIGH
P0158,S0034,Gokul Rajaram,Board Member / Investor,,,,,SRC00615,MEDIUM
P0159,S0034,Girish Mathrubootham,Board Member / Investor,,,,,SRC00615,MEDIUM
P0160,S0035,Bhavin Turakhia,Co-Founder & CEO,,,,,SRC00640,HIGH
P0161,S0035,Ramki Gaddipati,Co-Founder & CTO,,,,,SRC00631,HIGH
P0163,S0035,Karla Booe,Chief Compliance Officer,,,,,SRC00635,HIGH
P0164,S0035,Sivaram Kowta,"President, India",,,,,SRC00627,MEDIUM
P0165,S0035,Shashank Mehrotra,Chief Marketing Officer & President,,,,,SRC00631,MEDIUM
P0166,S0035,Gary Singh,"President, US",,,,,SRC00627,MEDIUM
P0162,S0035,Abhijit Jaiswal,Co-Founder,,,,,SRC00631,MEDIUM
P0169,S0036,Kalyan Krishnamurthy,Group CEO,,,,,SRC00646,HIGH
P0170,S0036,Lydia Bly Jett,Independent Director,,,,,SRC00649,MEDIUM
P0171,S0036,Keki Minoo Mistry,Director,,,,,SRC00649,MEDIUM
P0167,S0036,Sachin Bansal,Co-founder,,,,,SRC00651,HIGH
P0168,S0036,Binny Bansal,Co-founder,,,,,SRC00647,HIGH
P0172,S0037,Pranav Goel,Co-founder,,,,,SRC00664,HIGH
P0173,S0037,Uttam Digga,Co-founder,,,,,SRC00664,HIGH
P0174,S0037,Vikas Choudhary,Co-founder,,,,,SRC00661,MEDIUM
P0175,S0037,Shruti Ranjan Satpathy,Chief Product and Technology Officer,,,,,SRC00664,HIGH
P0176,S0037,Anant Gupta,Partner,,,,,SRC00656,MEDIUM
P0177,S0037,Pranjal Mishra,UNKNOWN,,,,,,LOW
P0178,S0037,Kartik Singal,UNKNOWN,,,,,,LOW
P0084,S0038,Gaurav Munjal,Co-founder & CEO,,2025-05-28,,,SRC00680,HIGH
P0179,S0038,Roman Saini,Co-founder,,2025-05-28,,,SRC00671,HIGH
P0180,S0038,Hemesh Singh,Co-founder & CTO,,2024-06,,,SRC00680,HIGH
P0181,S0038,Sumit Jain,"Co-founder (via OpenTalk acquisition), CEO Test Prep",,2026-05-19,,,SRC00681,HIGH
P0182,S0038,Shashank Murali,Confidante of Munjal,,2025,,,SRC00680,MEDIUM
P0079,S0038,Mayank Kumar,Director,,,,,SRC00688,MEDIUM
P0083,S0038,Mukesh Mundra,Director,,,,,SRC00688,MEDIUM
P0183,S0039,Vamsi Krishna,Co-Founder & CEO,,,,,SRC00699,
P0184,S0039,Pulkit Jain,Co-Founder,,,,,SRC00704,
P0185,S0039,Anand Prakash,Co-Founder,,,,,SRC00704,
P0186,S0039,Saurabh Saxena,Co-Founder,,,,,SRC00705,
P0187,S0039,Pankaj Jain,CFO,,,,,SRC00698,
P0189,S0040,Amrit Pratik Acharya,Co-founder & CEO,,,,,SRC00716,HIGH
P0190,S0040,Srinath Ramakkrushnan,Co-founder,,,,,SRC00716,HIGH
P0191,S0040,Vishal Chaudhary,Co-founder,,,,,SRC00716,HIGH
P0192,S0040,Rahul Sharma,Co-founder,,2026,,,SRC00724,HIGH
P0193,S0040,Ankit Fatehpuria,Co-founder,,,,,SRC00722,HIGH
P0194,S0040,Pulkit Bhandari,CFO,,,,,SRC00721,HIGH
P0196,S0042,Naveen Tewari,Founder & CEO,,,,,SRC00756,HIGH
P0198,S0042,Abhay Singhal,Co-Founder,,,,,SRC00762,HIGH
P0197,S0042,Mohit Saxena,Co-Founder,,,,,SRC00763,HIGH
P0199,S0042,Piyush Shah,Co-Founder,,,,,SRC00764,HIGH
P0200,S0042,Marc Steifman,CFO,,,,,SRC00765,HIGH
P0201,S0042,Amit Chauhan,Chief Legal Officer,,,,,SRC00761,HIGH
P0202,S0042,Shefali Rai,SVP & CHRO,,,,,SRC00767,HIGH
P0203,S0042,Dr. Subi Chaturvedi,SVP & Chief Corporate Affairs & Public Policy Officer,,,,,SRC00768,HIGH
P0204,S0042,Kunal Nagpal,Chief Business Officer,,,,,SRC00766,HIGH
P0205,S0042,Mansi Jain,COO,,,,,SRC00769,HIGH
P0209,S0043,Sanjay Nayar (KKR India chairman; family trust promoter),Promoter group / Director,,,,,SRC00776,HIGH
P0210,S0044,Jaydeep Barman,Co-founder & CEO,,,,,SRC00785,HIGH
P0211,S0044,Kallol Banerjee,Co-founder,,,,,SRC00785,HIGH
P0212,S0044,Raghav Joshi,Co-founder,,,,,SRC00791,MEDIUM
P0213,S0044,Piyush Kakkad,CFO,,,,,SRC00786,HIGH
P0214,S0044,Ankush Grover,CEO,,,,,SRC00793,LOW
P0215,S0044,Akshay Tanna,"Partner, Head of India Private Equity",,,,,SRC00785,HIGH
P0218,S0045,Shashank Sinha,CEO,,,,,SRC00801,HIGH
P0224,S0046,Puneet Bhatia,"Chairman, Non-Executive Director",,,,,SRC00826,MEDIUM
P0225,S0047,S. Karthik Venkateswaran,Co-founder & CEO,,,,,SRC00834,HIGH
P0226,S0047,Ashish Jhina,Co-founder & COO,,,,,SRC00834,HIGH
P0227,S0047,Benjamin Frank Felt,Board Member,,,,,SRC00833,HIGH
P0228,S0047,Gautam Jain,Board Member,,,,,SRC00835,HIGH
P0229,S0047,Francis Cukierman Victor,Nominee Director,,,,,SRC00833,HIGH
P0230,S0047,Sameer Verma,Director,,,,,SRC00833,HIGH
P0231,S0047,Thomas Joseph Lloyd Williams,Director,,,,,SRC00833,HIGH
P0232,S0048,Anuj Srivastava,Co-founder and Chairman of the Board,,,,,SRC00856,HIGH
P0233,S0048,Ramakant Sharma,Co-founder and CEO,,,,,SRC00856,HIGH
P0235,S0048,Saurabh Jain,Co-founder (exited),,2026-02-20,,,SRC00858,HIGH
P0234,S0048,Shagufta Anurag,Co-founder,,,,,SRC00875,MEDIUM
P0236,S0048,Ankit Shah,Chief Strategy Officer,,,,,SRC00876,HIGH
P0237,S0048,Kartik Bhandari,Chief Marketing Officer,,,,,SRC00867,MEDIUM
P0238,S0048,Lalit Mittal,Chief Business Officer - India,,,,,SRC00867,MEDIUM
P0239,S0048,Abhishek Kasina,Group Chief Product Officer,,,,,SRC00867,MEDIUM
P0240,S0048,Gourav Khetan,Exited key person,,,,,SRC00877,LOW
P0245,S0049,Dhiresh Bansal,CFO,,,,,SRC00893,HIGH
P0246,S0049,Mohit Bhatnagar,Nominee Director (Peak XV Partners),,,,,SRC00893,HIGH
P0247,S0049,Rahul Bhardwaj,Company Secretary,,,,,SRC00893,HIGH
P0248,S0049,Mukul Arora,Director,,,,,SRC00893,HIGH
P0018,S0049,Rohit Bhagat,Director,,,,,SRC00893,HIGH
P0249,S0049,Hari Shanker Bhartia,Director,,,,,SRC00893,HIGH
P0250,S0049,Kimsuka Narsimhan,Director,,,,,SRC00893,HIGH
P0060,S0050,Bhavish Aggarwal,Founder & CEO,,,,,SRC00913,
P0251,S0050,Ankit Bhati,Co-Founder,,,,,SRC00913,
P0252,S0050,Arun Sarin,Board Member,,,,,SRC00913,
P0253,S0050,Krishnamurthy Venugopal Tenneti,Director,,,,,SRC00913,
P0254,S0050,Brent Richard Irvin,Director,,,,,SRC00913,
P0255,S0051,Aravind Sanka,Co-founder & CEO,,,,,SRC00925,HIGH
P0256,S0051,Pavan Guntupalli,Co-founder,,,,,SRC00928,HIGH
P0259,S0051,Srivatsa Katta,CTO,,,,,SRC00929,MEDIUM
P0260,S0052,Ankush Sachdeva,Co-founder & CEO,,,,,SRC00971,HIGH
P0261,S0052,Bhanu Pratap Singh,Co-founder & CTO (stepped down 2023),,2023-01,,,SRC00972,HIGH
P0262,S0052,Farid Ahsan,Co-founder & COO (stepped down 2023),,2023-01,,,SRC00972,HIGH
P0263,S0052,Manohar Singh Charan,Co-founder & CFO,,,,,SRC00973,HIGH
P0264,S0052,Nitin Jain,CTO,,,,,SRC00973,HIGH
P0265,S0052,Gaurav Bhatia,SVP Engineering,,,,,SRC00972,MEDIUM
P0266,S0053,Nirmit Parikh,Founder & Group CEO,,,,,SRC00998,HIGH
P0267,S0053,Aryan Kenchin,Former Co-Founder,,,,,SRC00998,HIGH
P0268,S0053,Kartik Narayan,CEO - Jobs Marketplace,,,,,SRC01004,HIGH
P0269,S0053,Vidyut Harivadan Parikh,Director,,,,,SRC01003,HIGH
P0270,S0053,Komal Lakhwani,Company Secretary,,,,,SRC01003,HIGH
P0271,S0053,John Philip,CBO - BlueMachines.ai,,,,,SRC01005,MEDIUM
P0272,S0053,Kshitij Jain,COO - BlueMachines.ai,,,,,SRC01006,MEDIUM
P0276,S0054,Nalin Negi,CEO (ex-CFO),,,,,SRC01013,MEDIUM
P0277,S0054,Rajnish Kumar,Chairman,,,,,SRC01013,MEDIUM
P0278,S0055,Saurav Kumar,Founder & CEO,,,,,SRC01035,HIGH
P0085,S0055,Gaurav Kumar,Head of Supply Chain & Manufacturing,,,,,SRC01029,MEDIUM
P0279,S0055,Anal Vijay Singh,VP Manufacturing & Plant Head,,,,,SRC01036,HIGH
P0280,S0055,Ashish Tandon,Global Head for Customer Excellence,,,,,SRC01037,HIGH
P0281,S0055,Pallavi Arora,Associate Vice President - Marketing,,,,,SRC01038,HIGH
P0282,S0055,Kausalya Nandakumar,Nominee Director (Hero MotoCorp),,,,,SRC01039,HIGH
P0283,S0055,Aayush Parwal,Nominee Director,,,,,SRC01029,MEDIUM
P0293,S0059,Nelson D'Souza,CFO,,,,,SRC01099,MEDIUM
P0301,S0061,Ravi Ramachandran,Co-founder & CEO,,,,,SRC01124,HIGH
P0299,S0061,Projjol Banerjea,Co-founder / Director,,,,,SRC01121,HIGH
P0300,S0061,Swathi Kulkarni,Co-founder,,,,,SRC01125,MEDIUM
P0298,S0061,Abhishek Ramanathan,Co-founder,,,,,SRC01133,MEDIUM
P0302,S0061,Sunitha Viswanathan,Nominee Director,,,,,SRC01121,MEDIUM
P0303,S0062,Akshat Nayyar,Co-founder & CEO,,,,,SRC01138,HIGH
P0304,S0062,Dr. Kunal Wani,Co-founder,,,,,SRC01144,HIGH
P0305,S0062,Kishor Kumar,Grievance Officer,,,,,SRC01145,MEDIUM
P0310,S0063,Keshav Porwal,"MD, Capital India Finance Ltd (seller side)",,,,,SRC01164,MEDIUM
P0309,S0063,Satrajit Bhattacharya,Founder & Vice Chairman / Whole-Time Director,,,,,SRC01163,HIGH
P0307,S0063,Anil Kothuri,MD & CEO / Additional Director,,,,,SRC01169,HIGH
P0311,S0063,Gopal Jain,Nominee Director,,,,,SRC01169,HIGH
P0312,S0063,Sanjiv Chadha,Nominee Director,,,,,SRC01169,HIGH
P0308,S0063,Kamal Rathi,Co-founder (technology),,,,,SRC01172,MEDIUM
P0313,S0063,Mahima Agrawal,Company Secretary,,,,,SRC01169,HIGH
P0317,S0064,Amit Kumar Agarwal,Co-founder & CEO,,,,,SRC01190,HIGH
P0315,S0064,Akhil Gupta,Co-founder & CTO,,,,,SRC01190,HIGH
P0320,S0065,Ram Shriram,Board member (joined May 2026),,,,,SRC01201,MEDIUM
P0321,S0066,Anirudh Sharma,Founder & CEO,,,,,SRC01220,HIGH
P0322,S0066,Rahul Rawat,Co-founder & COO,,,,,SRC01224,HIGH
P0323,S0066,Tanveer Ahmed,Co-founder & CTO,,,,,SRC01225,HIGH
P0325,S0067,Bhavin Pandya,Co-founder & Co-CEO,,,,,SRC01236,HIGH
P0324,S0067,Trivikraman Thampy,Co-founder & Co-CEO,,,,,SRC01236,HIGH
P0326,S0067,Shubham Aryan,Co-founder,,,,,SRC01241,MEDIUM
P0327,S0067,Saroj Panigrahi,COO → CEO,,,,,SRC01246,HIGH
P0328,S0067,Vikrant Goyal,CHRO,,,,,SRC01236,MEDIUM
P0329,S0067,Ritesh Agarwal,SVP Engineering,,,,,SRC01236,MEDIUM
P0330,S0067,Avik Kanungo,Director - Brand & Marketing Strategy,,,,,SRC01241,MEDIUM
P0331,S0067,Neha Singhvi,"VP - Public Affairs, Communications & CSR",,,,,SRC01241,MEDIUM
P0332,S0067,Manish Arora,Director of Product Management,,,,,SRC01241,MEDIUM
P0333,S0067,Jonathan A Sawyer,Board Member,,,,,SRC01242,MEDIUM
P0334,S0067,Frederick Emmer Pollock,Board Member,,,,,SRC01242,MEDIUM
P0335,S0067,John Scott Salter,Independent Board Member,,,,,SRC01242,MEDIUM
P0336,S0068,Aaditya Sharda,Co-founder,,,,,SRC01267,HIGH
P0337,S0068,Souvik Sengupta,Co-founder,,,,,SRC01267,HIGH
P0338,S0068,Shantanu Dutta,NOT a founder,,,,,,LOW
P0339,S0068,Nikhil Kamath,Investor,,,,,SRC01255,HIGH
P0167,S0070,Sachin Bansal,"Founder, Executive Chairman",,,,,SRC01286,HIGH
P0342,S0070,Ankit Agarwal,"Co-founder, CFO/ED",,,,,SRC01290,HIGH
P0343,S0070,Abhishek Dwivedi,MD and CEO,,,,,SRC00082,HIGH
P0344,S0070,Rajiv Naresh,Managing Director,,,,,SRC01292,MEDIUM
P0345,S0070,Mahima Gautam,CFO,,,,,SRC01290,HIGH
P0346,S0070,Siddhartha Basu,Chief of Staff to CFO,,,,,SRC01292,MEDIUM
P0347,S0070,Sharth Mandan,"Director, Data Science",,,,,SRC01292,MEDIUM
P0348,S0070,Naseem Halder,Group Chief Information Security Officer,,,,,SRC01292,MEDIUM
P0349,S0070,Prashanth Ravula,"Senior Manager, AI Strategy and Ops",,,,,SRC01295,MEDIUM
P0350,S0070,Chanchal Kumar,Company Secretary,,,,,SRC01290,HIGH
P0351,S0070,Amit Jambotkar,CTO,,,,,SRC01290,HIGH
P0352,S0070,Hina Doon,CCO,,,,,SRC01290,HIGH
P0348,S0070,Naseem Halder,Group CISO,,,,,SRC01292,MEDIUM
P0353,S0070,Shivam Tewari,CRO,,,,,SRC01292,MEDIUM
P0359,S0071,Kartheeswaran KK,Co-founder & CEO,,,,,SRC01313,HIGH
P0354,S0071,Thirukumaran Nagarajan,Co-founder (ex-CEO),,,,,SRC01314,HIGH
P0358,S0071,Vasudevan Chinnathambi,Co-founder,,,,,SRC01313,HIGH
P0357,S0071,Sharath Loganathan,Co-founder,,,,,SRC01313,HIGH
P0356,S0071,Ashutosh Vikram,Co-founder,,,,,SRC01314,HIGH
P0361,S0071,Vivek Venkatesan,CFO,,,,,SRC01313,HIGH
P0362,S0071,Mohammed Aehthesham,CTO,,,,,SRC01313,HIGH
P0363,S0071,Harish Swaminathan,Head - Product & Analytics,,,,,SRC01313,HIGH
P0364,S0071,Noopur Singla,Head - Corporate Development,,,,,SRC01313,HIGH
P0365,S0071,Naveena Raja,Head - Strategy & Supply Chain,,,,,SRC01313,HIGH
P0366,S0071,Shri Chakravarthy,Business Head - Ninjaglobal,,,,,SRC01313,HIGH
P0367,S0071,Kaushik Gopal,Head - Ninja Mandi,,,,,SRC01313,HIGH
P0368,S0071,Dennis John,General Counsel,,,,,SRC01313,HIGH
P0369,S0071,Surya Omar,Head - Human Resources,,,,,SRC01313,HIGH
P0360,S0071,Sachin Jose,Co-founder,,,,,SRC01315,MEDIUM
P0374,S0072,B. Amrish Rau,CEO,,,,,SRC01325,HIGH
P0374,S0072,B. Amrish Rau,CEO and Managing Director,,,,,SRC01329,HIGH
P0370,S0072,Lokvir Kapoor,"Executive Chairman, Co-founder",,,,,SRC01330,HIGH
P0371,S0072,Rajul Garg,Co-founder (left 2003),,,,,SRC01340,HIGH
P0375,S0072,Sameer Kamath,Group CFO,,,,,SRC01331,HIGH
P0376,S0072,Marc Mathenz,Former Group CFO,,,,,SRC01341,HIGH
P0377,S0073,Aravind Mani,Co-founder & CEO,,,,,SRC01372,
P0378,S0073,Vipin George,Co-founder & CPO,,,,,SRC01372,
P0379,S0074,Srikrishnan Ganesan,Co-founder & CEO,,,,,SRC01377,
P0380,S0074,Vignesh Girishankar,Co-founder,,,,,SRC01377,
P0381,S0074,Deepak Bala,Co-founder & CTO,,,,,SRC01377,
P0382,S0075,Mohit Kumar,Co-founder & CEO,,,,,SRC01390,
P0383,S0075,Vatsal Singhal,Co-founder & CTO,,,,,SRC01397,
P0384,S0075,Bhuvan Srinivasan,Chief Business Officer,,,,,SRC01416,HIGH
P0385,S0075,Yogesh Mittal,Group CFO,,,,,SRC01408,MEDIUM
P0386,S0075,Neeraj Kumar,Vice President Operations,,,,,SRC01408,MEDIUM
P0387,S0075,Vincent Lamoureux,VP Business Development EMEA,,,,,SRC01414,MEDIUM
P0388,S0075,Aditi Bhattacharya,VP Science,,,,,SRC01414,MEDIUM
P0389,S0075,Hussain Ahamed,Strategic Partnerships Americas,,,,,SRC01405,MEDIUM
P0390,S0075,Apoorv Shankar,exited,,,,,SRC01414,MEDIUM
P0393,S0076,Rajat Luthra,CEO (ex-KFC India CEO per secondary summary),,,,,SRC01438,MEDIUM
P0393,S0076,Rajat Luthra,CEO,,,,,SRC01438,MEDIUM
P0391,S0076,Sushant Goel,Co-founder,,,,,SRC01438,HIGH
P0392,S0076,Ayush Bathwal,Co-founder,,,,,SRC01438,HIGH
P0321,S0076,Anirudh Sharma,Co-founder,,,,,SRC01438,HIGH
P0394,S0076,Nathan Ingleby,,,,,,,LOW
P0395,S0076,Naama Raz,,,,,,,LOW
P0396,S0076,Vishakha Suresh,,,,,,,LOW
P0391,S0076,Sushant Goel,"Co-founder, Board Member",,,,,SRC01444,HIGH
P0392,S0076,Ayush Bathwal,"Co-founder, Director",,,,,SRC01445,HIGH
P0321,S0076,Anirudh Sharma,"Co-founder, Director",,,,,SRC01445,HIGH
P0111,S0076,Sujeet Kumar,Nominee Director,,,,,SRC01445,MEDIUM
P0397,S0076,Anshuman Khosla,Nominee Director,,,,,SRC01445,MEDIUM
P0401,S0078,Tanuj Shori,Founder & CEO,,,,,SRC01470,HIGH
P0402,S0078,Kanika Gupta Shori,Co-founder,,,,,SRC01469,HIGH
P0403,S0078,Sopan Gupta,Director,,,,,SRC01471,MEDIUM
P0404,S0078,Vivek Agarwal,Director,,,,,SRC01471,MEDIUM
P0405,S0078,Hitesh Kumar Singla,Director,,,,,SRC01471,MEDIUM
P0406,S0078,Kanika Gupta,Director,,,,,SRC01471,MEDIUM
P0407,S0078,Piyush Bothra,Director,,,,,SRC01471,MEDIUM
P0420,S0084,Upasana Taku,"Executive Director, Co-founder & CFO",,,,,SRC01517,HIGH
P0421,S0085,Asish Mohapatra,Co-founder & CEO,,,,,SRC01543,HIGH
P0424,S0085,Ruchi Kalra,"Co-founder, CFO & Whole-Time Director",,,,,SRC01551,HIGH
P0425,S0085,Bhuvan Gupta,Co-founder & CTO,,,,,SRC01552,MEDIUM
P0426,S0085,Vasant Sridhar,Co-founder & CSO,,,,,SRC01553,MEDIUM
P0264,S0085,Nitin Jain,Co-founder,,,,,SRC01545,MEDIUM
P0427,S0085,Chandranshu Sinha,Co-founder,,,,,SRC01545,MEDIUM
P0428,S0085,Vikram Singh,Business Head,,,,,SRC01554,MEDIUM
P0429,S0085,Prashant Roy Sharma,Head of Mid-Market Lending,,,,,SRC01553,MEDIUM
P0433,S0086,Gaurav Bagga (CPTO/SVP product & engineering),Chief Product & Technology Officer,~2020,2025-10,,,SRC01578,MEDIUM
P0434,S0087,Aniket Shah,Co-Founder & CEO,,,,,SRC01586,HIGH
P0435,S0087,Ujjwal Sukheja,Co-Founder,,,,,SRC01586,MEDIUM
P0436,S0087,Saran S.,Co-Founder,,,,,SRC01586,MEDIUM
P0437,S0087,Pankaj Makkar,Managing Director,,,,,SRC01587,HIGH
P0438,S0087,Rohit Sood,Partner,,,,,SRC01587,HIGH
P0449,S0090,Nick Morgan,"Regional Director, Aus/NZ",,,,,SRC01621,MEDIUM
P0450,S0090,Joshua Ravek,"Senior Manager, School Partnerships, NSW",,,,,SRC01621,MEDIUM
P0451,S0090,Cindy Blackburn,Director of Learning & Engagement,,,,,SRC01625,MEDIUM
P0454,S0092,Vinay Dube,Founder & CEO,,,,,SRC01644,HIGH
P0457,S0092,Rakesh Jhunjhunwala,Co-founder / anchor investor,,,,,SRC01650,HIGH
P0456,S0092,Aditya Ghosh,Co-founder (board),,,,,SRC01644,HIGH
P0464,S0092,Belson Coutinho,Chief Operating Officer,,,,,SRC01653,HIGH
P0459,S0092,Anand Srinivasan,Chief Commercial Officer,,,,,SRC01651,HIGH
P0460,S0092,Praveen Iyer,Ex-Co-Founder & CCO,,,,,SRC01651,HIGH
P0461,S0092,Neelu Khatri,Ex-SVP International Operations,,,,,SRC01652,HIGH
P0465,S0092,Ankur Goel,Chief Financial Officer,,,,,SRC01642,HIGH
P0458,S0092,Bhavin Joshi,SVP Strategy,,,,,SRC01644,MEDIUM
P0466,S0092,Sejal,Chief Human Resources Officer,,,,,SRC01644,MEDIUM
P0467,S0092,Naarayan T V,Chief Marketing Officer,,,,,SRC01644,MEDIUM
P0469,S0093,Nikhil Khattau Nirvan,Nominee Director,,,,,SRC01678,HIGH
P0411,S0093,Anshul Gupta,Director,,,,,SRC01678,HIGH
P0468,S0093,Amit Raj,Director,,,,,SRC01678,HIGH
P0470,S0094,Ashwin Damera,Co-Founder & CEO,,,,,SRC01687,HIGH
P0471,S0094,Chaitanya Kalipatnapu,Co-Founder & Executive Director,,,,,SRC01693,HIGH
P0472,S0094,Akshay Pathak,Regional General Counsel,,,,,SRC01694,MEDIUM
P0473,S0094,Shaun Dubash,Senior Director – Online Certificates,,,,,SRC01695,MEDIUM
P0474,S0095,Rohit Chawla,Founder & CEO,,,,,SRC01730,HIGH
P0475,S0095,Sifat Khurana,Co-Founder & CMO/CBO,,,,,SRC01726,HIGH
P0476,S0095,Vimal Bhola,Co-Founder & Chief Scientist,,,,,SRC01726,HIGH
P0477,S0095,Rishi Seth,Business Advisor,,,,,SRC01732,LOW
P0478,S0095,Gaurav Jhunjhunwala,Chief of Staff,,,,,SRC01732,LOW
P0479,S0095,Akshay Dhingra,Creative Director,,,,,SRC01732,LOW
P0480,S0095,Aman Pandey,VP - New Product Development,,,,,SRC01732,LOW
P0481,S0095,Aarushi Sharma,Art Director,,,,,SRC01732,LOW
P0482,S0096,Vaibhav Singh,Co-Founder,,,,,SRC01754,HIGH
P0483,S0096,Arnav Kumar,Co-Founder,,,,,SRC01754,HIGH
P0484,S0096,Rajan Chaudhary,Co-Founder,,,,,SRC01750,MEDIUM
P0485,S0096,Anshul Agarwal,CFO,,,,,SRC01747,MEDIUM
P0486,S0096,Sindhu Unnikrishnan,Head of Operations,,,,,SRC01747,MEDIUM
P0487,S0096,Zoltan Fischer,CEO,,,,,SRC01747,LOW
P0488,S0096,Pritesh Kamani,AD - FP&A and Business Finance,,,,,SRC01747,LOW
P0489,S0096,Monika Bhandari,Co-Founder (Tracxn listed),,,,,SRC01747,LOW
P0490,S0096,Yuvashankar T,Co-Founder (Tracxn listed),,,,,SRC01747,LOW
P0492,S0097,Raymond Stauffer,CEO-designate (from Sep 2026),2026-09,,,,SRC01757,HIGH
P0264,S0098,Nitin Jain,Chairman & Managing Director,,,,,SRC01764,HIGH
P0493,S0098,Hemant Daga,"Co-founder & CEO, Neo Asset Management",,,,,SRC01765,HIGH
P0494,S0098,Varun Bajpai,Co-founder,,,,,SRC01772,HIGH
P0496,S0098,Puneet Jain,"Co-founder & CIO, Neo Asset Management",,,,,SRC01765,HIGH
P0497,S0098,A V Srikanth,"Co-founder, Neo Multi-Family Office",,,,,SRC01772,HIGH
P0495,S0098,Shajikumar Devakar,"Co-founder & CEO, Neo Wealth Management",,,,,SRC01771,HIGH
P0498,S0098,Ronak R Sheth,Chief Marketing Growth Officer,,,,,SRC01768,MEDIUM
P0499,S0098,Suresh Chand Goyal,Independent Board Member,,,,,SRC01768,MEDIUM
P0500,S0098,Devina Shalin Khanna,Independent Board Member,,,,,SRC01768,MEDIUM
P0506,S0100,Abhishek Agarwal (Monty),Founder,,,,,SRC01784,HIGH
P0507,S0100,Rahul Garg,Director,,,,,SRC01787,HIGH
P0508,S0100,Abhinav Agarwal,Director,,,,,SRC01787,HIGH
P0509,S0100,Harminder Sahni,Director,,,,,SRC01787,HIGH
P0510,S0100,Shefali Sarohi Shyam,Director,,,,,SRC01787,HIGH
P0511,S0100,Hrishikesh Bhalchandra Parandekar,Director,,,,,SRC01787,HIGH
P0512,S0100,Umesh Pawan Choudhary,CFO,,,,,SRC01787,HIGH
P0513,S0100,Gulshan Mumtaz Khan,Company Secretary,,,,,SRC01787,HIGH
P0526,S0104,Sushil Mehta,Director,,,,,SRC01816,MEDIUM
P0527,S0104,Vishesh Rajaram,Board (Speciale Invest nominee),,,,,SRC01816,MEDIUM
P0521,S0104,Sunil Gupta,Co-founder & CEO,,,,,SRC01816,HIGH
P0522,S0104,Srinivasa Rao Aluri,Co-founder & Chairman,,,,,SRC01816,HIGH
P0523,S0104,Mark Mathias,Head of Production,,,,,SRC01816,MEDIUM
P0524,S0104,Anil Prabhakar,Technical Advisor,,,,,SRC01816,MEDIUM
P0528,S0104,Dilip Singh,Chief Product Officer,,,,,SRC01816,MEDIUM
P0529,S0104,Rahil Patel,Chief Growth Officer,,,,,SRC01816,MEDIUM
P0530,S0104,Samir Kulshrestha,Chief Financial Officer,,,,,SRC01816,MEDIUM
P0531,S0104,Sudiptaa Paul Choudhury,Chief Marketing Officer,,,,,SRC01816,MEDIUM
P0532,S0104,Sunil Bhide,Chief Delivery Officer,,,,,SRC01816,MEDIUM
P0533,S0104,Neeti Arora,CHRO,,,,,SRC01816,MEDIUM
P0534,S0104,Vinay Khattar,Board Member,,,,,SRC01817,MEDIUM
P0535,S0104,Rostow Ravanan,Independent Board Member,,,,,SRC01817,MEDIUM
P0536,S0104,Dimple Samtani,Independent Board Member,,,,,SRC01817,MEDIUM
P0539,S0106,Gokul Kandhi Umayorubhagan,Whole-time Director & COO,,,,,SRC01855,HIGH
P0540,S0106,Avani Vishal Davda,Independent Director,,,,,SRC01855,MEDIUM
P0122,S0106,Ankit Nagori,"Founder, Chairman, MD & CEO",,,,,SRC01841,HIGH
P0541,S0106,Hrithik Roshan,Investor-Ambassador for Kitchens of EatFit,,,,,SRC01854,MEDIUM
P0545,S0107,Susmit Patodia,Group Head of Business & New Initiatives (ex-Accenture; joined Sep 2025),,,,,SRC01868,MEDIUM
P0546,S0108,Apoorva Bajaj,CEO,,,,,SRC01873,MEDIUM
P0547,S0108,Shivaani Mehrotra Bajaj,Co-Founder & COO,,,,,SRC01873,MEDIUM
P0548,S0109,Saurabh Pandey,Co-founder & CEO,,,,,SRC01880,HIGH
P0549,S0109,Akshay Dubey,Co-founder & COO,,2023-10,,,SRC01881,HIGH
P0550,S0109,Rishav Dev,Director,,,,,SRC01882,HIGH
P0551,S0109,Vinay Juluri,Group CFO,,,,,SRC01883,HIGH
P0552,S0109,Rahul Nag,Head of Brand Communications,,,,,SRC01884,HIGH
P0553,S0109,Ankit Mishra,VP of Engineering,,,,,SRC01885,LOW
P0554,S0109,Sagar Singh,Head of Growth and Revenue,,,,,SRC01885,LOW
P0555,S0110,Ishendra Agarwal,Founder & CEO,2019,,,,SRC01926,HIGH
P0557,S0110,Aditya Labroo,Co-founder & COO,2019,,,,SRC01921,HIGH
P0559,S0110,Parag Garg,Vice President Finance,UNKNOWN,,,,SRC01920,MEDIUM
P0560,S0110,Aditya Todi,CFO,UNKNOWN,,,,SRC01920,MEDIUM
P0561,S0110,Naresh Kachhi,CTO,UNKNOWN,,,,SRC01920,MEDIUM
P0562,S0110,Anirudh Kudva,Chief Revenue Officer,UNKNOWN,,,,SRC01920,MEDIUM
P0563,S0110,Resha Jain,Chief Brand Officer,UNKNOWN,,,,SRC01920,MEDIUM
P0507,S0112,Rahul Garg,Founder & CEO,,,,,SRC01944,HIGH
P0577,S0118,Ajay Lakhotia,Founder & CEO,,,,,SRC02007,HIGH
P0578,S0118,Vijay Lakhotia,Director,,,,,SRC02002,MEDIUM
P0579,S0118,Shreyas Patil,Employee,,,,,SRC02007,LOW
P0580,S0119,Amit Gupta,Co-Founder & CEO,,,,,SRC02017,HIGH
P0581,S0119,RK Misra,Co-Founder,,,,,SRC02017,HIGH
P0582,S0119,Naveen Dachuri,Co-Founder & CTO,,,,,SRC02017,HIGH
P0584,S0119,Hemant Gupta,Co-Founder,,,,,SRC02013,MEDIUM
P0583,S0119,Anuj Tewari,Co-Founder & CFO,,,,,SRC02027,HIGH
P0585,S0119,Matteo Del Sorbo,Director,,,,,,HIGH
P0586,S0119,Eric Arvind Cyril Vas,Nominee Director,,,,,SRC02014,HIGH
P0587,S0119,Aprameya Radhakrishna,NOT A FOUNDER,,,,,,LOW
P0588,S0119,Harinthy,NOT VERIFIED AS CO-FOUNDER,,,,,,LOW
P0589,S0120,Sudheer Koneru,Founder & CEO,,,,,SRC02042,HIGH
P0590,S0120,Dheeraj Koneru,Founder & SVP Global Product Sales,,,,,SRC02043,HIGH
P0591,S0120,Anand Arvind,Founder & Chief Product Officer,,,,,SRC02043,HIGH
P0594,S0120,Sunil Koneru,Senior VP Customer Experience,,,,,SRC02043,HIGH
P0595,S0120,Gangaraju Raghav,Director,,,,,SRC02044,HIGH
P0596,S0120,Venkateswara Rao Koneru,Director,,,,,SRC02044,HIGH
P0597,S0120,Raj Mahajan,SVP Corporate Development,,,,,SRC02045,MEDIUM
P0592,S0120,Saritha Katikaneni,Founder,,,,,SRC02038,MEDIUM
P0593,S0120,Sunil Kumar,Founder,,,,,SRC02038,MEDIUM
P0602,S0123,Romita Mazumdar,Founder & CEO,,,,,SRC02081,HIGH
P0603,S0123,Surianarayanan,Co-Founder,,,,,,
P0604,S0123,Meenakshi Iyengar,Early Executive,,,,,SRC02087,LOW
P0612,S0125,Simha Nagaraj,CEO & Director,UNKNOWN,,,,SRC02096,HIGH
P0610,S0125,Bob Pattillo,Founder,,,,,SRC02095,HIGH
P0611,S0125,Puneeth Thimmegowda,Founder,,,,,SRC02098,HIGH
P0613,S0125,Radhakrishnan Anoop,Director,,,,,SRC02099,HIGH
P0614,S0125,Sita Sircar,Director,,,,,SRC02099,HIGH
P0615,S0125,Robert Alexander Pattillo,Director,,,,,SRC02099,HIGH
P0616,S0126,Siddharth Dungarwal,Founder & CEO,,,,,SRC02106,HIGH
P0617,S0126,Rishabh Nigam,Co-founder,,,,,SRC02107,MEDIUM
P0618,S0126,Nandini Shrivastava,Co-founder,,,,,SRC02107,MEDIUM
P0624,S0128,Karan Mukesh Mehta,Co-Founder,,,,,SRC02127,HIGH
P0623,S0128,Sonali Jindal,Co-Founder,,,,,SRC02124,HIGH
P0628,S0130,Hemant Mahendrakumar Kabra,Founder & Managing Director,,,,,SRC02141,HIGH
P0629,S0130,Ankit Gaggar,Director,,,,,SRC02142,MEDIUM
P0630,S0130,Ashish Gupta,,,,,,,LOW
P0631,S0130,Kapil Garg,,,,,,,LOW
P0634,S0134,Krish Subramanian,CEO & Co-founder,,,,,SRC02176,HIGH
P0635,S0134,Rajaraman Santhanam,CPO & Co-founder,,,,,SRC02176,HIGH
P0636,S0134,Saravanan KP,CTO & Co-founder,,,,,SRC02176,HIGH
P0637,S0134,Thiyagarajan T (Thiyagu),Co-founder (ex),,,,,SRC02187,MEDIUM
P0638,S0134,Jeff Sant,COO,,,,,SRC02176,HIGH
P0639,S0134,Mike Beach,CFO,,,,,SRC02176,HIGH
P0640,S0134,Lydia Stone,CAO,,,,,SRC02176,HIGH
P0641,S0134,Guy Marion,CMO,,,,,SRC02176,HIGH
P0642,S0134,Denis Curran,Chief Legal Officer,,,,,SRC02176,HIGH
P0643,S0134,Denise Haselhorst,CHRO,,,,,SRC02176,HIGH
P0644,S0134,Karthik Srinivasan,Director,,,,,SRC02177,HIGH
P0645,S0135,Sahil Barua,MD & CEO,,,,,SRC02215,HIGH
P0646,S0135,Kapil Bharati,"Whole-time Director, CTO",,,,,SRC02215,HIGH
P0650,S0135,Vani Venkatesh,Deputy CEO,,,,,SRC02215,HIGH
P0651,S0135,Ajith Pai,Former COO,,,,,SRC02215,HIGH
P0652,S0135,Amit Agarwal,Former CFO,,,,,SRC02222,HIGH
P0653,S0135,Vivek Pabari,CFO,,,,,SRC02222,HIGH
P0647,S0135,Suraj Saharan,Whole-time Director,,,,,SRC02212,HIGH
P0654,S0135,Neelam Dhawan,Chairperson,,,,,SRC02223,MEDIUM
P0655,S0135,Namita Thapar,Independent Director,,,,,SRC02224,HIGH
P0656,S0135,Sameer Mehta,Independent Director,,,,,SRC02224,HIGH
P0657,S0135,Yashish Dahiya,Independent Director,,,,,SRC02224,HIGH
P0658,S0135,Dr. Padmini Srinivasan,Independent Director,,,,,SRC02224,HIGH
P0659,S0135,Varun Bakshi,Chief Sales Officer,,,,,SRC02215,HIGH
P0660,S0135,Vikas Kapoor,Chief Strategy Officer,,,,,SRC02215,HIGH
P0661,S0135,Aruna Sundararajan,Former Independent Director,,,,,SRC02215,HIGH
P0662,S0135,Deepak Kapoor,Former Chairman,,,,,SRC02224,HIGH
P0663,S0135,Saugata Gupta,Former Independent Director,,,,,SRC02224,HIGH
P0329,S0138,Ritesh Agarwal,Founder & Group CEO,,,,,SRC02257,HIGH
P0667,S0138,Gautam Swaroop,CEO OYO International (departed),,2025-10,,,SRC02254,HIGH
P0668,S0138,Ankit Tandon,COO & CEO-Europe,,,,,SRC02254,HIGH
P0669,S0138,Sonal Sinha,CEO G6 Hospitality,,,,,SRC02255,HIGH
P0670,S0138,Varun Jain,COO Asia + SEAME,,,,,SRC02254,HIGH
P0671,S0138,Puneet Yadav,UK Country Head,,,,,SRC02254,HIGH
P0672,S0138,Shreerang Godbole,Chief Service Officer,,,,,SRC02254,HIGH
P0673,S0138,Shirish Damani,COO Europe Homes & Hotels,,,,,SRC02254,HIGH
P0674,S0138,Sandeep,CFO (unverified),,unknown,,,,LOW
P0688,S0144,Manish Agarwal,Co-Founder / Elder Council Member,,,,,SRC02307,HIGH
P0689,S0144,Ishank Gupta,Co-Founder / Elder Council Member,,,,,SRC02307,HIGH
P0690,S0144,Chandramouli K,CTO / Elder Council Member,,,,,SRC02308,LOW
P0691,S0145,Rohit Choudhary,Co-founder & CEO,,,,,SRC02329,HIGH
P0692,S0145,Keertay Agarwal,Co-founder & COO,,,,,SRC02329,HIGH
P0693,S0145,Yash Banwani,Co-founder & CTO,,,,,SRC02329,HIGH
P0694,S0145,Karan Gala,Director - Growth & Marketing,,,,,SRC02329,MEDIUM
P0695,S0145,Mayank Khanduja,Team member,,,,,SRC02337,LOW
P0696,S0145,Apoorva Ashram,NOT ASSOCIATED,,,,,,HIGH
P0697,S0145,Mayank Sinha,NOT ASSOCIATED,,,,,,HIGH
P0701,S0146,Arun B. Papaiah,Founder & CEO,,,,,SRC02349,HIGH
P0700,S0146,Aditya Kulkarni,Founder & CSO,,,,,SRC02349,HIGH
P0699,S0146,Srinivasan Namala,Founder & Director,,,,,SRC02349,HIGH
P0702,S0146,Sandeep Goyal,Director | R&D,,,,,SRC02349,HIGH
P0703,S0146,Avijit Goswami,Senior Manager | R&D,,,,,SRC02349,HIGH
P0704,S0146,Princy Khurana,Sr. Manager | Alliances and Program Management,,,,,SRC02349,HIGH
P0705,S0146,Sunny Revankar,Associate Director | Finance and Admin,,,,,SRC02349,HIGH
P0706,S0146,Prof. Jan Rehwinkel,Scientific Advisory Board,,,,,SRC02349,HIGH
P0707,S0146,Prof. Thomas Marron,Scientific Advisory Board,,,,,SRC02349,HIGH
P0708,S0146,Prof. Paul Brennan,Scientific Advisory Board,,,,,SRC02349,HIGH
P0709,S0146,Prof. Alejandro Sweet-Cordero,Scientific Advisory Board,,,,,SRC02349,HIGH
P0710,S0146,Dr. Manoj Desai,Scientific Advisory Board,,,,,SRC02349,HIGH
P0711,S0146,Dr. Akash Patnaik,Scientific Advisory Board,,,,,SRC02349,HIGH
P0715,S0148,Abhinav Pathak,Founder & CEO,,,,,SRC02374,HIGH
P0716,S0148,Abhinav Zutshi,Co-Founder & COO,,,,,SRC02379,HIGH
P0725,S0153,Nikhil Ramaswamy,Co-Founder & CEO,,,,,SRC02437,HIGH
P0727,S0153,Gokul NA,"Founder - Design, Product & Brand",,,,,SRC02420,HIGH
P0728,S0153,Eric Maire,Employee,,,,,SRC02420,MEDIUM
P0729,S0153,R S Rethinasamy,Employee,,,,,SRC02420,MEDIUM
P0730,S0154,Srivatsan Sridhar,Co-founder and CEO,,,,,SRC02442,HIGH
P0731,S0154,Movin Jain,Co-founder,,,,,SRC02456,HIGH
P0732,S0154,Srini Vadhri,,,,,,SRC02452,MEDIUM
P0733,S0154,Mridul Arora,,,,,,SRC02452,MEDIUM
P0734,S0154,Tarun Singhal,,,,,,SRC02452,MEDIUM
P0738,S0156,Rakesh Malik,Co-founder & CEO,,,,,SRC02470,HIGH
P0739,S0156,Pratap Narayan Singh,Co-founder & CTO,,,,,SRC02470,HIGH
P0740,S0156,Vivek Mehra,Board Member,,,,,SRC02470,HIGH
P0741,S0156,Shantanu Agarwal,Board Member,,,,,SRC02470,HIGH
P0742,S0156,Dr. Ir. Bram Nauta,Board Member,,,,,SRC02470,HIGH
P0743,S0156,David French,Board Member,,,,,SRC02470,HIGH
P0744,S0157,Dr. Sonam Kothari,CEO & Co-founder,,,,,SRC02485,HIGH
P0745,S0157,Dr. Abhishek Sen,Co-founder,,,,,SRC02486,HIGH
P0746,S0158,Vineeta Singh,CEO,,,,,SRC02495,HIGH
P0747,S0158,Kaushik Mukherjee,COO,,,,,SRC02498,HIGH
P0748,S0158,Ashish Dikshit,UNKNOWN,,,,,,LOW
P0749,S0158,Ankit,COO,,,,,,LOW
P0750,S0159,Prem Bhatia,Co-founder & CEO,,,,,SRC02504,HIGH
P0751,S0159,Ashwin Puri,Co-founder & CBO,,,,,SRC02505,HIGH
P0752,S0159,Vivek P.,Co-founder & CTO,,,,,SRC02505,HIGH
P0753,S0159,Abhishek Jakhotiya,VP of Engineering,,,,,SRC02506,MEDIUM
P0754,S0159,Karuppusamy S,Director of Engineering,,,,,SRC02505,MEDIUM
P0755,S0159,Sidhant Das,Director of Data & Engineering,,,,,SRC02505,MEDIUM
P0756,S0159,Harish Talreja,CFO,,,,,SRC02505,MEDIUM
P0757,S0159,Gaurav Girotra,Chief Commercial Officer,,,,,SRC02507,MEDIUM
P0758,S0159,Rebecca Xing,Co-founder & CEO of Trustana (acquired),,,,,SRC02508,HIGH
P0763,S0161,Vinod Dham,Founding advisor,,,,,SRC02531,
P0759,S0161,Dheemanth Nagaraj,"Co-Founder, CEO",,,,,SRC02532,HIGH
P0760,S0161,Ashok Jagannathan,"Co-Founder, Chief Architect",,,,,SRC02532,HIGH
P0761,S0161,Srikanth Nimmagadda,"Co-Founder, Chief Technologist",,,,,SRC02532,HIGH
P0762,S0161,Rajesh Vivekanandham,"Co-Founder, Chief Perf",,,,,SRC02532,HIGH
P0764,S0162,Sangeet Agrawal,Co-Founder & CEO,,,,,SRC02545,HIGH
P0765,S0162,Navin Parwal,Co-Founder & CMO,,,,,SRC02546,HIGH
P0766,S0162,Karan Kathpalia,Vice President,,,,,SRC02547,HIGH
P0767,S0162,Manu Chandra,Founder & Managing Partner,,,,,SRC02548,HIGH
P0768,S0162,Varun Alagh,Investor,,,,,SRC02544,MEDIUM
P0769,S0162,Ashish Goel,Investor,,,,,SRC02544,MEDIUM
P0233,S0162,Ramakant Sharma,Investor,,,,,SRC02544,MEDIUM
P0778,S0163,Yogesh Dhavade,CEO,,,,,SRC02565,HIGH
P0770,S0163,Amitava Saha,Co-Founder,,,,,SRC02564,HIGH
P0772,S0163,Supam Satyanarayan Maheshwari,Co-Founder,,,,,SRC02565,HIGH
P0773,S0163,Rajdeep Meda,Co-Founder,,,,,SRC02565,MEDIUM
P0774,S0163,Macey Quinn,Co-Founder,,,,,SRC02565,MEDIUM
P0775,S0163,Shaikh Awesh,Co-Founder,,,,,SRC02565,MEDIUM
P0776,S0163,Johnson Smith,Co-Founder,,,,,SRC02565,MEDIUM
P0777,S0163,Devendra Kumari,Co-Founder,,,,,SRC02565,MEDIUM
P0779,S0163,Mohit Sardana,Executive,,,,,SRC02562,MEDIUM
P0780,S0163,Tarun Agarwal,Executive,,,,,SRC02565,MEDIUM
P0781,S0163,Uday R. Sharma,Executive,,,,,SRC02565,MEDIUM
P0311,S0163,Gopal Jain,Board Member,,,,,SRC02565,HIGH
P0782,S0163,Varun Laul,Board Member,,,,,SRC02565,HIGH
P0785,S0164,Amit Kumar Chawla,Co-Founder & CEO,,,,,SRC02576,HIGH
P0786,S0164,Shreeram V Ramanathan,Co-Founder,,,,,SRC02576,HIGH
P0787,S0164,Neha Ramcharanlal Virmani,Co-Founder,,,,,SRC02576,MEDIUM
P0788,S0164,Veena Vinod Chawla,Co-Founder,,,,,SRC02576,MEDIUM
P0789,S0164,Rajeev Ahuja,Angel Investor,,,,,SRC02570,HIGH
P0790,S0165,Mohit Anand,Co-founder and CEO,,,,,SRC02591,HIGH
P0791,S0165,Sarthak Dubey,Co-founder and COO,,,,,SRC02591,HIGH
P0792,S0165,Mayank Morya,Co-founder and CTO,,,,,SRC02591,HIGH
P0793,S0165,Akshit Kaushik,Co-founder and CBO,,,,,SRC02591,HIGH
P0794,S0165,Bhranti Shah,Chief Underwriting Officer,,,,,SRC02589,HIGH
P0795,S0165,Head of Security,Head of Security,,,,,SRC02591,MEDIUM
P0796,S0165,Pankaj Mitra,Partner,,,,,SRC02590,HIGH
P0799,S0167,Geetansh Bamania,"Founder, CEO, Promoter",,,,,SRC02606,HIGH
P0800,S0167,Ajay Nain,Co-founder,,,,,SRC02609,MEDIUM
P0801,S0167,Somesh Dash,UNKNOWN,,,,,,LOW
P0837,S0181,"{'v': 'Devansh Jain', 'position': 'Executive Director', 'start': '2026', 'source_url': 'https://economictimes.indiatimes.com/industry/renewables/inox-clean-energy-powers-into-top-three-with-rs-25k-cr-buys-says-company-official/articleshow/131184869.cms', 'confidence': 0.85}",,,,,,,
P0841,S0182,"{'v': 'Amitabh Kant', 'position': 'Additional Director', 'start': '2025-12-08', 'source_url': 'https://www.thecompanycheck.com/company/raphe-mphibr-private-limited/U26990UP2017PTC095246', 'confidence': 0.85}",,,,,,,
P0842,S0182,"{'v': 'Varun Garg', 'position': 'Director', 'source_url': 'https://www.thecompanycheck.com/company/raphe-mphibr-private-limited/U26990UP2017PTC095246', 'confidence': 0.8}",,,,,,,
P0845,S0185,Ritwik Khare,Founder & CEO,,,,,SRC02735,HIGH
P0846,S0185,Karan Miglani,Co-Founder & CPO,,,,,SRC02736,HIGH
P0847,S0185,Nikhil Marwaha,Board Member,,,,,SRC02729,HIGH
P0866,S0197,Anup Agrawal,Co-Founder & CEO,,,,,SRC02796,HIGH
P0864,S0197,Siddharth Mehta,"Co-Founder, COO & CFO",,,,,SRC02796,HIGH
P0863,S0197,Mohit Bedi,Co-Founder & CBO,,,,,SRC02795,HIGH
P0867,S0197,Sumeet Basrani,CBO,,,,,SRC02799,HIGH
P0868,S0197,Akshat Kansal,CTO,,,,,SRC02796,MEDIUM
P0869,S0197,Ritesh Banglani,Independent Director,,,,,SRC02795,MEDIUM
P0889,S0209,Manoj Kumar Nambiar,Managing Director,,,,,SRC02886,HIGH
P0887,S0209,Vineet Chandra Chandra Rai,Chairman / Founder,,,,,SRC02875,HIGH
P0888,S0209,Shubhankar Sengupta,Founder,,,,,SRC02875,MEDIUM
P0890,S0209,Milind Ramchandra Nare,Deputy CEO & CFO,,,,,SRC02886,HIGH
P0891,S0209,Shailesh Kumar,Chief Business Officer,,,,,SRC02886,HIGH
P0892,S0209,Ranjan Das,Chief Risk Officer,,,,,SRC02886,HIGH
P0893,S0209,Anirudh Singh Thakur,Company Secretary & CCO,,,,,SRC02886,HIGH
P0894,S0209,Arvind Murarka,Chief Information Officer,,,,,SRC02875,HIGH
P0895,S0209,Ketan Agrawal,Deputy CFO,,,,,SRC02886,HIGH
P0896,S0209,Sharoni Pal,Head of Credit,,,,,SRC02886,HIGH
P0897,S0209,Vinod Kumar Pandey,Head of Central Operations,,,,,SRC02886,HIGH
P0898,S0209,Kanchan Banerjee,"Head of HR, Training, Admin & CSR",,,,,SRC02886,HIGH
P0899,S0209,Abin Kumar Mukhopadhyay,Head of Internal Audit and Vigilance,,,,,SRC02886,HIGH
P0900,S0209,Neena Gupta,NOT VERIFIED,,,,,,LOW
P0903,S0211,Anirudha Taparia,Founder & CEO,,,,,SRC02904,HIGH
P0904,S0211,Sidhartha Shaw,Co-Founder,,,,,SRC02914,HIGH
P0905,S0211,Vijeeta Sharma,Co-Founder,,,,,SRC02914,HIGH
P0906,S0211,Pankaj Walia,Co-Founder,,,,,SRC02911,HIGH
P0907,S0211,Karan Prakash Nanda,Principal Officer,,,,,SRC02905,HIGH
P0908,S0211,Shantanu Ranjan Chaturvedi,Principal Officer,,,,,SRC02905,MEDIUM
P0909,S0211,Gaurav Maheshwari,Group CFO,,,,,SRC02910,MEDIUM
P0910,S0211,15 founding partners,Founding Partner,,,,,SRC02904,HIGH
P0911,S0213,Raoul Nanavati,Co-Founder & CEO,,,,,SRC02927,HIGH
P0912,S0213,Jai Nanavati,Co-Founder & CTO,,,,,SRC02927,HIGH
P0913,S0213,Gaurav Banga,NOT ASSOCIATED,,,,,SRC02928,HIGH
P0916,S0215,Tarun Lawadia,Founder & CEO,,,,,SRC02951,HIGH
P0917,S0215,Sameer Kalra,Co-founder / COO,,,,,SRC02951,HIGH
P0918,S0215,Nikhil Sharma,AVP - Growth & Marketing,,,,,SRC02952,MEDIUM
P0944,S0226,Utkarsh Gupta,co-founder,,,,,SRC03021,HIGH
P0945,S0226,Dishant Daryani,co-founder,,,,,SRC03021,HIGH
P0948,S0228,Sunil Thomas,Co-founder,,,,,SRC03040,HIGH
P0947,S0228,Anand Jain,Co-founder,,,,,SRC03036,HIGH
P0946,S0228,Suresh Kondamudi,Co-founder,,,,,SRC03038,HIGH
P0949,S0228,Sidharth Malik,Former CEO,,2024-07,,,SRC03040,HIGH
P0950,S0228,Priyank Shah,UNKNOWN,,,,,,LOW
P0951,S0228,Preeti Chitnis,UNKNOWN,,,,,,LOW
P0973,S0238,Shardul Sheth,Co-Founder & CEO,,,,,SRC03111,HIGH
P0974,S0238,Sitanshu Sheth,Co-Founder & COO,,,,,SRC03111,HIGH
P0975,S0238,Ritesh Alladwar,Chief Financial Officer,,,,,SRC03111,HIGH
P0976,S0238,Sunil Jain,Chief Technology Officer,,,,,SRC03111,HIGH
P0977,S0238,Chaitanyaa Patel,Vice President - Strategic Initiatives & Farmer App,,,,,SRC03111,HIGH
P0978,S0238,Varun Narad,General Counsel - Legal & Secretarial,,,,,SRC03111,HIGH
P0979,S0238,Dr. Devraj Arya,Vice President - R&D and Regulatory Affairs,,,,,SRC03111,HIGH
P0977,S0238,Chaitanyaa Patel,VP - Strategic Initiatives & Farmer App,,,,,SRC03111,HIGH
P0978,S0238,Varun Narad,General Counsel - Legal,,,,,SRC03111,HIGH
P0979,S0238,Dr. Devraj Arya,VP - R&D and Regulatory Affairs,,,,,SRC03111,HIGH
P0988,S0241,Prasanna Rao,Co-Founder and CEO,,,,,SRC03151,HIGH
P0987,S0241,Chattanathan Devarajan,Co-Founder and MD,,,,,SRC03152,HIGH
P0989,S0241,Anand Chandra,Co-Founder,,,,,SRC03153,HIGH
P0990,S0241,Priyanka Wadhera,CFO,,,,,SRC03154,MEDIUM
P0991,S0241,Varun Malhotra,Board Member,,,,,SRC03152,HIGH
P0992,S0241,Margapuri Prasanna Rao,Board Member,,,,,SRC03152,MEDIUM
P0997,S0246,Himanshu Goyal,Co-Founder,,,,,SRC03188,HIGH
P0998,S0246,Gaurav Mandlecha,Co-Founder,,,,,SRC03188,HIGH
P0999,S0248,Priyanka Singhal,Founder & CEO,,,,,SRC03200,HIGH
P1000,S0248,Karthikraja M,Printed Circuit Board Designer,,,,,SRC03201,LOW
P1001,S0248,Sai Krishna,Firmware Engineer,,,,,SRC03201,LOW
P1002,S0248,Keerthi Nadella,Firmware Engineer,,,,,SRC03201,LOW
P1003,S0248,Chidanand Swamy,Junior Mechanical Engineer,,,,,SRC03201,LOW
P1004,S0248,Mohankumar L,Design Engineer,,,,,SRC03201,LOW
P1005,S0248,Hari Haran,Senior System Engineer,,,,,SRC03201,LOW
P1006,S0248,Samuel Paul,Embedded Firmware Engineer,,,,,SRC03201,LOW
P1007,S0248,Duvvuru Deepika,Junior PCB Design Engineer,,,,,SRC03201,LOW
P1009,S0255,Vinay Bagri,Co-Founder and CEO,,,,,SRC03226,HIGH
P1010,S0255,Virender Bisht,Co-Founder and CTO,,,,,SRC03226,HIGH
P1011,S0255,Amit Talwar,CEO of Niyo Forex,,,,,SRC03227,HIGH
P1012,S0255,Sai Sankar,Chief Business Officer,,,,,SRC03228,MEDIUM
P1013,S0255,Vineet Sethi,Chief Marketing Officer,,,,,SRC03229,MEDIUM
P1014,S0255,Smriti Advani,Vice President Brand Marketing,,,,,SRC03229,MEDIUM
P1015,S0255,Avinash Pandey,VP Sales,,,,,SRC03229,MEDIUM
P1016,S0256,Prateep Basu,Founder & CEO,,,,,SRC03259,HIGH
P1017,S0256,Ishan Tomar,Co-founder,,,,,SRC03270,MEDIUM
P1018,S0256,Rashmit Sukhmani,Co-founder,,,,,SRC03270,MEDIUM
P1019,S0256,Abhishek Raju,Co-founder,,,,,SRC03270,MEDIUM
P1024,S0258,Virendra Kumar Gupta,Director / Founder,,,,,,HIGH
P1022,S0258,Umang Bedi,Whole-time Director / Co-founder,,,,,,HIGH
P1025,S0258,Vikram Vaidyanathan,Nominee Director,,,,,,HIGH
P1026,S0258,Yana Vladimirovna Kachurina,Director,,,,,,HIGH
P1027,S0258,Neeraj Bharadwaj,Director,,,,,,HIGH
P1028,S0258,Prakul Kaushiva,Director,,,,,,HIGH
P1029,S0258,Utsav Mitra,Director,,,,,,HIGH
P1030,S0258,Nitin Kukreja,Director,,,,,,HIGH
P1031,S0258,Deepak Dara,Director,,,,,,HIGH
P1032,S0258,Prathivadibhayankara Rajagopalan Ramesh,"Additional Director / Independent Director, Chair of Audit Committee",,,,,,HIGH
P1033,S0258,Prasanna Prasad,Chief Product and Technology Officer,,,,,,HIGH
P1034,S0258,Prakashan Manikoth,Group CFO,,,,,,HIGH
P1035,S0258,Sandip Basu,Group CFO (former),,,,,,MEDIUM
P1024,S0258,Virendra Kumar Gupta,Founder / Managing Director,,,,,SRC03294,HIGH
P1022,S0258,Umang Bedi,Co-founder / Whole-time Director,,,,,SRC03295,HIGH
P1032,S0258,Prathivadibhayankara Rajagopalan Ramesh,Independent Director / Chair of Audit Committee,,,,,SRC03294,HIGH
P1071,S0278,Arvind Kondangi Lakshmikumar,Founder / Managing Director & CEO,,,,,SRC03387,HIGH
P1072,S0278,Ankit Kumar,Co-Founder / Executive Director & Chief Business and Revenue Officer,,,,,SRC03387,HIGH
P1073,S0278,Cecilia D'Souza,Co-Founder / Executive Director & Chief Commercial Officer,,,,,SRC03387,HIGH
P1074,S0278,Sudeep George,Co-Founder,,,,,SRC03381,MEDIUM
P1075,S0278,Munjal Chheda,COO,,,,,SRC03381,MEDIUM
P1076,S0278,Siva Shankar,CFO,,,,,SRC03381,MEDIUM
P1077,S0278,Prasanth Allada,CTO,,,,,SRC03381,MEDIUM
P1078,S0278,Shyam Sunder,Vice President of Products,,,,,SRC03381,MEDIUM
P1079,S0278,Mathew Cyriac,Nominee Director (Florintree),,,,,SRC03388,HIGH
P1081,S0280,Muthu Subramanian,MD & GM,,,,,SRC03405,HIGH
P0580,S0280,Amit Gupta,Director (Parent),,,,,SRC02014,HIGH
P0582,S0280,Naveen Dachuri,Director (Parent),,,,,SRC02014,HIGH
P0585,S0280,Matteo Del Sorbo,Director (Parent),,,,,SRC02014,HIGH
P0586,S0280,Eric Arvind Cyril Vas,Nominee Director (Parent),,,,,SRC02014,HIGH
P0581,S0280,R.K. Misra,Co-founder (Parent),,,,,SRC02021,MEDIUM
P0583,S0280,Anuj Tewari,CFO (Parent),,,,,SRC02014,HIGH
P1085,S0283,Rishi Das,"Co-Founder, Chairman, Executive Director & CEO",,,,,SRC03415,HIGH
P1084,S0283,Meghna Agarwal,"Co-Founder, Executive Director & COO",,,,,SRC03415,HIGH
P1086,S0283,Anshuman Das,"Co-Founder, Non-Executive Director",,,,,SRC03416,HIGH
P1087,S0283,Sanjay Mishra,Co-Founder,,,,,SRC03417,MEDIUM
P1088,S0283,Sandeep Singhal,Nominee Director (Non-Executive),,,,,SRC03418,HIGH
P1089,S0283,Pawan Jaichandbhai Jain,CFO,,,,,SRC03419,HIGH
P1090,S0283,Pranav Ayanath Kuttiyat,Company Secretary & Compliance Officer,,,,,SRC03419,HIGH
P1095,S0285,Aditya Mahesh Shah,Managing Director,2008-01-01,,,,SRC03444,HIGH
P1096,S0285,Tapan Jitendrakumar Gosaliya,Whole-Time Director,2010-09-30,,,,SRC03444,HIGH
P1111,S0290,Umesh Kumar,Co-founder & CEO,,,,,SRC03474,HIGH
P1112,S0290,Saksham Sarda,Co-founder & CTO,,,,,SRC03475,HIGH
P1113,S0290,Ashish B,Growth Manager,,,,,SRC03476,MEDIUM
P1120,S0296,Aditi Murarka Agrawal,co-founder and CEO,,,,,SRC03514,HIGH
P1121,S0296,Anurag Agrawal,co-founder,,,,,SRC03514,HIGH
P1122,S0296,Rahul Chowdhri,investor board member,,,,,SRC03516,MEDIUM
P0645,S0296,Sahil Barua,investor board member,,,,,SRC03516,MEDIUM
P0768,S0296,Varun Alagh,angel investor,,,,,SRC03516,LOW
P1126,S0305,Raghavendra Parvataraju,CEO,,,,,SRC03557,HIGH
P1127,S0305,Vijay Ponukumati,CTO,,,,,SRC03557,HIGH
P1128,S0305,Mohan Konyala,CPO,,,,,SRC03557,HIGH
P1129,S0305,Ashutosh Bordekar,CFO,,,,,SRC03557,HIGH
P1130,S0305,Nithin Kaimal,Partner and India COO,,,,,SRC03557,HIGH
P1133,S0307,Shashwath T.R.,Co-founder and CEO,,,,,SRC03569,HIGH
P1134,S0307,Sharan Srinivas J.,Co-founder and CTO,,,,,SRC03569,HIGH
P1135,S0309,Navneet Singh,Founder & CEO,,,,,SRC03587,HIGH
P1136,S0309,Kiran V. Sharma,Co-Founder & Chief Strategy Officer,,,,,SRC03584,HIGH
P1137,S0310,Vikram Chopra,Co-founder & CEO,,,,,SRC03602,HIGH
P1139,S0310,Mehul Agrawal,Co-founder & COO,,,,,SRC03601,HIGH
P1140,S0310,Gajendra Jangid,Co-founder & CMO,,,,,SRC03611,HIGH
P1141,S0310,Ruchit Agarwal,Co-founder & CFO,,,,,SRC03612,HIGH
P1142,S0310,Himanshu Ratnoo,CEO India Used-Car Business,,,,,SRC03601,HIGH
P1143,S0310,Ankit Bhalla,Director of Engineering,,,,,SRC03613,MEDIUM
P1149,S0316,Kunal Chimanlal Popat,Founder & CEO,2014,,,,SRC03650,HIGH
P1150,S0316,Kinjal Kunal Popat,Co-founder & COO,2014,,,,SRC03651,HIGH
P1153,S0320,Radhika Patil,Co-founder and CEO,,,,,SRC03684,HIGH
P1154,S0320,Bharath Patil,Co-founder and CTO,,,,,SRC03685,HIGH
P1155,S0320,Giriraj Nitin Gandhi,Director,,,,,SRC03676,MEDIUM
P1156,S0322,Ankit Agrawal,Founder & CEO,,,,,SRC03709,HIGH
P1157,S0322,Ish Babbar,Co-Founder & CTO,,,,,SRC03703,HIGH
P1158,S0322,Ranjeet Singh,CEO - InsuranceDekho for Corporate,,,,,SRC03703,HIGH
P0570,S0322,Abhishek Bansal,CEO - Insurance Business,,,,,SRC03710,MEDIUM
P1159,S0322,Joyeeta Ghosal,Head of Marketing,,,,,SRC03710,MEDIUM
P1160,S0322,Pankaj Goenka,VP & Head - B2B2C Business,,,,,SRC02153,MEDIUM
P1161,S0322,Divya Mohan,Chief Human Resources Officer,,,,,SRC03711,MEDIUM
P1162,S0322,Navneet Bhatt,"Head - Placement, Risk & Re Insurance",,,,,SRC03703,MEDIUM
P1163,S0322,Sumit Sengupta,Advisory Board Member,,,,,SRC03703,MEDIUM
P1191,S0367,Dilsher Singh Malhi,Co-founder and CEO,,,,,SRC03930,HIGH
P1192,S0367,Siddhant Saurabh,Co-founder,,,,,SRC03935,HIGH
P1193,S0367,Govind Mittal,Chief Spokesperson,,,,,SRC03938,MEDIUM
P1194,S0367,Subi Chaturvedi,Chief Corporate & Public Affairs Officer,,,,,SRC03942,MEDIUM
P1195,S0367,Gaurav Mehta,Chief Marketing Officer,,,,,SRC03943,MEDIUM
