startup_id,company,city,company_class,cohort,priority_rank,completeness_pct,source_quality_pct,freshness_pct,conflict_level,open_tasks,open_P1,verification_tasks,unresolved_conflicts,identity_missing,founders_missing,funding_missing,investors_missing,financials_missing,products_missing,traction_missing,people_missing,customers_missing,legal_missing,locations_missing,events_missing,technology_missing,next_best_action,last_researched,last_verified
S0001,Juspay,Bengaluru,Mature private company,,174,95.8,100.0,100,high,0,0,4,2,,,,,,,,,,,,,1,,2026-09-14,2026-09-15
S0002,KreditBee,Bengaluru,Mature private company,,194,97.9,100.0,100,high,0,0,8,6,,,,,,,,,,,,,1,,2026-09-15,p3-merge
S0003,PhonePe,Bengaluru,Mature private company,,115,91.7,100.0,100,high,0,0,7,5,,,,,,,,,,,,,1,,2026-09-15,p3-merge
S0004,Razorpay,Bengaluru,Mature private company,EXHAUST,28,64.6,100.0,100,low,6,6,0,0,,,,,,,,,1,,,,1,document product portfolio w/ launch/discontinuation status (company source first),2026-09-14,2026-09-15
S0005,Zepto,Mumbai,Mature private company,,205,95.8,100.0,100,high,0,0,5,1,,,,,,,,,,,,,1,,2026-09-15,p3-merge
S0006,Neysa,Mumbai,Startup,,110,83.3,100.0,100,moderate,0,0,7,1,,,,,,,,,,,,,,,2026-09-15,2026-09-15
S0007,Amagi,Bengaluru,Public company,,252,64.6,100.0,100,low,0,0,0,1,,,,,,,,1,,,,,1,,2026-09-14,2026-09-15
S0008,CRED,Bengaluru,Scale-up,EXHAUST,38,64.6,80.0,100,low,8,8,0,1,,,,,,,,1,,,,,1,complete investor register per round (lead vs participating) w/ round links,2026-09-14,2026-09-15
S0009,Darwinbox,Hyderabad,Scale-up,,107,60.4,100.0,100,low,0,0,0,1,,,,,,,,1,,,,,1,,2026-09-14,2026-09-15
S0010,Emergent,Bengaluru,Scale-up,TARGET,63,58.3,100.0,100,low,8,0,0,1,,,,,,,,1,,,,1,1,complete investor register per round (lead vs participating) w/ round links,2026-09-14,2026-09-15
S0011,Groww,Bengaluru,Public company,TARGET,60,87.5,100.0,100,high,4,0,8,6,,,,,,,,,1,,,,1,"resolve legal_name conflict: 'Billionbrains Garage Ventures Limite' vs 'Billionbrains Garage Ventures Limite' (primary source, then prefer)",2026-09-15,p3-merge
S0012,Gupshup,"Mumbai (India ops; HQ San Francisco, USA)",Startup,TARGET,72,72.9,100.0,100,moderate,7,0,5,0,,,,,,,,,,,,,,complete investor register per round (lead vs participating) w/ round links,2026-09-14,2026-09-15
S0013,Krutrim,Bengaluru,Startup,,116,91.7,100.0,100,high,0,0,9,3,,,,,,,,,,,,,,,2026-09-15,p3-merge
S0014,Sarvam AI,Bengaluru (founding reported Chennai/IIT Madras; HQ Bengaluru per 2026 disclosures),Scale-up,,165,56.2,100.0,100,low,0,0,0,0,,,,,,,,1,1,,,,,,2026-09-14,2026-09-15
S0015,Slice,Bengaluru,Scale-up,,127,68.8,90.0,100,low,0,0,0,1,,,,,,,,1,1,,,,1,,2026-09-14,2026-09-15
S0016,upGrad,Mumbai,Mature private company,,117,91.7,100.0,100,high,0,0,8,2,,,,,,,,,,,,,,,2026-09-15,2026-09-15
S0017,BrowserStack,"Mumbai (India HQ / ops); corporate HQ Dublin, Ireland",Scale-up,,159,93.8,100.0,100,high,0,0,7,7,,,,,,,,,,,,,,,2026-09-15,p3-merge
S0018,Dhan,Mumbai,Mature private company,,111,89.6,100.0,100,high,1,0,8,4,,,,,,,,,1,,,,,,2026-09-15,p3-merge
S0019,PharmEasy,Mumbai,Startup,TARGET,85,89.6,100.0,100,high,2,0,10,6,,,,,,,,,,,,,1,"resolve legal_name conflict: 'API Holdings Ltd (operator of PharmE' vs 'API Holdings Limited' (primary source, then prefer)",2026-09-15,p3-merge
S0020,Snapmint,Mumbai,Startup,,171,66.7,100.0,100,none,0,0,0,0,,,,,,,,,1,,,,1,,2026-09-14,2026-09-14
S0021,Upstox,Mumbai,Scale-up,,160,89.6,100.0,100,high,0,0,8,5,,,,,,,,,,,,,1,,2026-09-15,p3-merge
S0022,Udaan,Bengaluru,Scale-up,,141,72.9,100.0,100,low,0,0,0,0,,,,,,,,,1,,,,1,,2026-09-14,2026-09-15
S0023,ACKO,Bengaluru,Scale-up,,140,75.0,100.0,100,low,0,0,0,1,,,,,,,,,1,,,,,,2026-09-14,2026-09-15
S0024,CoinSwitch Kuber,Bengaluru (operating; Tracxn lists Chennai/Tamil Nadu — conflict),Scale-up,,147,66.7,100.0,100,low,1,0,0,0,,,,,,,,1,1,,,,1,,2026-09-14,2026-09-15
S0025,Cult.fit (CureFit),Bengaluru,Scale-up,EXHAUST,21,75.0,100.0,100,moderate,7,7,5,1,,,,,,,,,1,,,,1,complete investor register per round (lead vs participating) w/ round links,2026-09-14,2026-09-15
S0026,Fireflies AI,San Francisco / Pleasanton,Startup,,221,66.7,100.0,100,moderate,0,0,5,1,,,,,,,,,1,,,,1,,2026-09-14,2026-09-15
S0027,Hasura,Bengaluru (India ops) / San Francisco (HQ),Scale-up,TARGET,47,50.0,100.0,100,moderate,9,0,3,0,,,,,1,,1,,1,,,,1,obtain FY26 statutory financials (revenue/PAT) from MCA filing,2026-09-14,2026-09-15
S0028,Icertis,Pune (India ops) / Bellevue (HQ),Mature private company,TARGET,69,58.3,100.0,100,moderate,6,0,6,0,,,,,,,,,1,,,,1,complete investor register per round (lead vs participating) w/ round links,2026-09-14,2026-09-15
S0029,LeadSquared,Bengaluru,Mature private company,,167,93.8,100.0,100,high,0,0,11,1,,,,,,,,,,,,,1,,2026-09-15,p3-merge
S0030,MoEngage,Bengaluru,Scale-up,TARGET,79,72.9,100.0,100,moderate,8,0,4,1,,,,,,,,,,,,,1,complete investor register per round (lead vs participating) w/ round links,2026-09-14,2026-09-15
S0031,Moneyview,Bengaluru,Startup,,163,66.7,100.0,100,moderate,0,0,4,1,,,,,,,,1,,1,,,1,,2026-09-14,2026-09-15
S0032,Mu Sigma,Bengaluru,Mature private company,,206,97.9,100.0,100,high,0,0,7,6,,,,,,,,,,,,,1,,2026-09-15,p3-merge
S0033,Netradyne,Bengaluru,Startup,,138,72.9,100.0,100,low,0,0,0,0,,,,,,,,,,,,,1,,2026-09-14,2026-09-15
S0034,Postman,Bengaluru,Scale-up,,157,91.7,100.0,100,high,0,0,8,3,,,,,,,,,,,,,1,,2026-09-15,p3-merge
S0035,Zeta,Bengaluru,Mature private company,,118,91.7,100.0,100,high,0,0,9,6,,,,,,,,,,,,,1,,2026-09-15,p3-merge
S0036,Flipkart,Bengaluru,Subsidiary,,130,91.7,86.7,100,high,0,0,4,4,,,,,,,,,,,,,1,,2026-09-14,p3-merge
S0037,Porter,Bengaluru,Scale-up,TARGET,83,85.4,100.0,100,high,4,0,8,3,,,,,,,,,,,,,1,"resolve legal_name conflict: 'SmartShift Logistics Solutions Pvt L' vs 'SmartShift Logistics Solutions Pvt L' (primary source, then prefer)",2026-09-15,p3-merge
S0038,Unacademy,Bengaluru,Subsidiary,TARGET,77,87.5,100.0,100,high,6,0,6,4,,,,,,,,,,,,,1,"resolve legal_name conflict: 'Sorting Hat Technologies Pvt Ltd (ES' vs 'Sorting Hat Technologies Pvt Ltd' (primary source, then prefer)",2026-09-15,p3-merge
S0039,Vedantu,Bengaluru,Mature private company,,139,54.2,100.0,100,none,0,0,0,0,,,,,,1,1,,1,,,,1,,2026-09-14,2026-09-14
S0040,Zetwerk,Bengaluru,Mature private company,,179,95.8,100.0,100,high,0,0,9,7,,,,,,,,,,,,,1,,2026-09-15,p3-merge
S0041,Dream11 (Dream Sports),Mumbai,Former startup,,310,68.8,100.0,100,moderate,0,0,4,2,,,,,,,,1,1,,,,,,2026-09-14,2026-09-15
S0042,InMobi,Bengaluru,Startup,,187,95.8,100.0,100,high,0,0,8,6,,,,,,,,,,,,,,,2026-09-15,p3-merge
S0043,Nykaa,Mumbai,Mature private company,,182,68.8,100.0,100,none,0,0,0,0,,,,,,,,,1,,,,,,2026-09-14,2026-09-14
S0044,Rebel Foods,Mumbai,Mature private company,,155,93.8,100.0,100,high,0,0,7,3,,,,,,,,,,,,,,,2026-09-15,p3-merge
S0045,Drools,"Bengaluru (operating/brand HQ); registered office Rajnandgaon, Chhattisgarh",Startup,,143,81.2,100.0,100,high,0,0,7,5,,,,,,,,,,,,,1,,2026-09-15,p3-merge
S0046,Fractal Analytics,Mumbai,Mature private company,EXHAUST,24,64.6,100.0,100,low,7,7,0,0,,,,,,,,,,,,,,complete investor register per round (lead vs participating) w/ round links,2026-09-14,2026-09-15
S0047,Jumbotail,"Bengaluru, Karnataka",Startup,,232,93.8,100.0,100,high,0,0,7,4,,,,,,,,,,,,,1,,2026-09-15,p3-merge
S0048,Livspace,Bengaluru (HQ); Singapore domicile (reverse flip planned); ops India/Singapore/Middle East,Mature private company,,202,91.7,100.0,100,high,0,0,6,5,,,,,,,,,,,,,1,,2026-09-15,p3-merge
S0049,Meesho,"Bengaluru, Karnataka",Public company,,209,93.8,100.0,100,high,0,0,8,8,,,,,,,,,,,,,1,,2026-09-15,p3-merge
S0050,Ola (ANI Technologies),Bengaluru,Mature private company,TARGET,39,50.0,100.0,100,low,8,0,0,1,,,,,,1,1,,1,,,,1,complete investor register per round (lead vs participating) w/ round links,2026-09-14,2026-09-15
S0051,Rapido,"Bengaluru, Karnataka",Mature private company,,223,95.8,100.0,100,high,0,0,8,7,,,,,,,,,,,,,1,,2026-09-15,p3-merge
S0052,ShareChat,Bengaluru,Startup,,156,93.8,100.0,100,high,0,0,7,4,,,,,,,,,,,,,1,,2026-09-15,p3-merge
S0053,Apna,Bengaluru,Scale-up,,195,95.8,100.0,100,high,0,0,7,4,,,,,,,,,,,,,1,,2026-09-15,p3-merge
S0054,BharatPe,New Delhi,Startup,,134,70.8,63.3,100,low,0,0,0,0,,,,,,,,,,,,,1,,2026-09-14,2026-09-15
S0055,Euler Motors,Delhi (batch said Bengaluru — corrected: Delhi HQ per all sources),Startup,,190,87.5,100.0,100,high,0,0,5,4,,,,,,,,,,,,,1,,2026-09-14,p3-merge
S0056,Fibe (EarlySalary),Pune (batch said Bengaluru — corrected: Pune HQ per all sources),Scale-up,EXHAUST,37,39.6,50.0,100,moderate,9,9,3,1,,,,,,1,1,1,1,,,,1,complete investor register per round (lead vs participating) w/ round links,2026-09-14,2026-09-15
S0057,Innovaccer,Noida,Scale-up,,158,56.2,60.0,100,low,0,0,0,1,,,,,,,,1,,,,,1,,2026-09-14,2026-09-15
S0058,Pixxel,Bengaluru,Scale-up,,112,79.2,100.0,100,moderate,0,0,6,1,,,,,,,,1,,,,,,,2026-09-14,2026-09-15
S0059,Ecofy Finance (Ecofy),Mumbai,Startup,TARGET,93,58.3,100.0,100,low,8,0,0,0,,,,,,,,,1,,,,1,complete investor register per round (lead vs participating) w/ round links,2026-09-14,2026-09-15
S0060,Miko Technologies,Mumbai,Scale-up,EXHAUST,1,58.3,93.3,100,low,8,8,0,0,,,,,,,,1,1,,,,,complete investor register per round (lead vs participating) w/ round links,2026-09-14,2026-09-15
S0061,Nua,Mumbai,Scale-up,TARGET,76,83.3,100.0,100,high,6,0,6,4,,,,,,,,,1,,,,,identify evidence-backed named customers/partners (no logo inference),2026-09-15,p3-merge
S0062,Truemeds,Mumbai,Scale-up,TARGET,86,89.6,100.0,100,high,8,0,4,4,,,,,,,,,1,,,,,"resolve legal_name conflict: 'Intellihealth Solutions Private Limi' vs 'Intellihealth Solutions Private Limi' (primary source, then prefer)",2026-09-14,p3-merge
S0063,Weaver Services,Mumbai,Scale-up,,119,91.7,100.0,100,high,0,0,5,1,,,,,,,,,,,,,,,2026-09-15,p3-merge
S0064,NoBroker,Bengaluru,Mature private company,,172,93.8,100.0,100,high,0,0,6,2,,,,,,,,,,,,,1,,2026-09-15,p3-merge
S0065,Skyroot Aerospace,Hyderabad,Scale-up,TARGET,74,60.4,66.7,100,low,11,0,0,0,,,,,1,,,,,,,,1,obtain FY26 statutory financials (revenue/PAT) from MCA filing,2026-09-14,2026-09-15
S0066,Digantara,Bengaluru,Startup,,178,85.4,100.0,100,high,0,0,9,5,,,,,,,,,,,,,1,,2026-09-15,p3-merge
S0067,Games24x7,Mumbai,Mature private company,,123,89.6,100.0,100,high,0,0,7,6,,,,,,,,,1,,,,,,2026-09-15,p3-merge
S0068,Infra.Market,Thane,Startup,,241,97.9,100.0,100,high,0,0,5,5,,,,,,,,,,,,,1,,2026-09-14,p3-merge
S0069,Kinara AI,"Hyderabad (India R&D; HQ Los Altos, USA)",Subsidiary,EXHAUST,32,37.5,90.0,100,low,8,8,0,1,,,,,,1,1,1,1,,,,1,map current leadership (CEO/CFO/CTO + join dates) and 2024-26 changes,2026-09-14,2026-09-15
S0070,Navi,Bengaluru,Startup,,166,93.8,100.0,100,high,0,0,6,6,,,,,,,,,,,,,1,,2026-09-15,p3-merge
S0071,Ninjacart,Bengaluru,Scale-up,,120,91.7,83.3,100,high,0,0,5,2,,,,,,,,,,,,,1,,2026-09-14,2026-09-15
S0072,Pine Labs,Noida,Public company,,128,87.5,100.0,100,high,0,0,10,3,,,,,,,,,1,,,,,,2026-09-15,p3-merge
S0073,River Mobility,Bengaluru (factory Hoskote),Startup,TARGET,50,50.0,100.0,100,low,7,0,0,1,,,,,,1,1,,1,,,,1,document product portfolio w/ launch/discontinuation status (company source first),2026-09-14,2026-09-15
S0074,Rocketlane,"Chennai (dual HQ Wilmington, Delaware, USA)",Startup,,103,52.1,100.0,100,low,1,0,0,1,,,,,,1,1,,1,,,,1,,2026-09-14,2026-09-15
S0075,Ultrahuman,Bengaluru,Subsidiary,,151,93.8,100.0,100,high,0,0,8,8,,,,,,,,,,,,,1,,2026-09-15,p3-merge
S0076,Third Wave Coffee,Bengaluru,Startup,EXHAUST,15,81.2,100.0,100,high,4,4,8,16,,,,,,,,,,,,,1,"resolve founded_date conflict: 'Founded 2016 (BW Disrupt, DealStreet' vs 'Founded 2017 (Mint, Entrackr)' (primary source, then prefer)",2026-09-15,p3-merge
S0077,Celcius Logistics,Navi Mumbai,Startup,,101,62.5,56.7,100,low,0,0,0,1,,,,,,,,1,,,,,1,,2026-09-14,2026-09-15
S0078,Square Yards,Gurugram,Mature private company,,217,91.7,100.0,100,high,0,0,8,3,,,,,,,,,,,,,,,2026-09-15,p3-merge
S0079,Wint Wealth,Bengaluru,Scale-up,EXHAUST,8,54.2,53.3,100,low,8,8,0,0,,,,,,,,1,1,,,,1,complete investor register per round (lead vs participating) w/ round links,2026-09-14,2026-09-15
S0080,Airbound,Bengaluru,Startup,EXHAUST,34,43.8,40.0,100,none,10,10,0,0,,,,,1,,,1,1,1,,,1,establish legal entity + CIN + incorporation date + status via MCA,2026-09-14,2026-09-15
S0081,Ati Motors,Bengaluru,Startup,EXHAUST,12,47.9,73.3,100,moderate,8,8,4,1,,,,,,,,1,1,1,,,1,complete investor register per round (lead vs participating) w/ round links,2026-09-14,2026-09-15
S0082,Sapiom,San Francisco (US) — NOT Bengaluru; batch city attribution unsupported by evidence,Startup,TARGET,58,35.4,50.0,100,low,9,0,0,0,,,,,1,,1,1,1,1,,,1,complete investor register per round (lead vs participating) w/ round links,2026-09-14,2026-09-15
S0083,boAt,Delhi NCR (seed) — CORRECTED: Mumbai/Delhi ops,Mature private company,TARGET,57,56.2,76.7,100,low,8,0,0,0,,,,,,,,1,1,,,,,complete investor register per round (lead vs participating) w/ round links,2026-09-14,2026-09-15
S0084,MobiKwik,Gurugram,Startup,,297,62.5,100.0,100,low,0,0,0,1,,,,,,,,,1,,,,,,2026-09-14,2026-09-15
S0085,OfBusiness,Gurugram,Startup,,226,97.9,100.0,100,high,0,0,5,7,,,,,,,,,,,,,1,,2026-09-14,p3-merge
S0086,Pristyn Care,Gurugram,Scale-up,TARGET,41,68.8,100.0,100,moderate,6,0,6,0,,,,,,,,,1,,,,1,complete investor register per round (lead vs participating) w/ round links,2026-09-14,2026-09-15
S0087,Swish,Bengaluru,Startup,TARGET,64,83.3,100.0,100,high,7,0,5,5,,,,,,,,,1,,,,1,complete investor register per round (lead vs participating) w/ round links,2026-09-15,p3-merge
S0088,Hang Ten Systems,Bengaluru,Startup,TARGET,42,37.5,53.3,100,none,8,0,0,0,,,,,1,1,1,1,1,,,,1,"reconstruct funding history (dates, amounts, instruments, valuations, leads)",2026-09-14,2026-09-15
S0089,Moonrider,Bengaluru,Startup,,148,43.8,40.0,100,none,1,0,0,0,,,,,1,1,1,1,1,,,,1,,2026-09-14,2026-09-15
S0090,Toddle,Bengaluru,Startup,,246,100.0,100.0,100,high,0,0,9,2,,,,,,,,,,,,,1,,2026-09-15,p3-merge
S0091,Inito,Bengaluru,Startup,EXHAUST,5,39.6,53.3,100,low,9,9,0,1,,,,,1,1,1,1,1,,,,1,"resolve founded_date conflict: 'Founded 2021 (company PR / ET B2B De' vs 'Founded 2015 / Jul 2014 operating hi' (primary source, then prefer)",2026-09-14,2026-09-15
S0092,Akasa Air,Mumbai,Mature private company,,222,97.9,100.0,100,high,0,0,5,3,,,,,,,,,,,,,1,,2026-09-15,p3-merge
S0093,EatClub (BOX8),Mumbai,Mature private company,TARGET,70,87.5,100.0,100,high,4,0,8,2,,,,,,,,,,,,,,document product portfolio w/ launch/discontinuation status (company source first),2026-09-15,p3-merge
S0094,Eruditus,Mumbai,Startup,,142,87.5,100.0,100,high,0,0,9,3,,,,,,,,,,,,,1,,2026-09-15,p3-merge
S0095,Innovist,Gurugram,Scale-up,,225,91.7,100.0,100,high,0,0,9,3,,,,,,,,,,,,,,,2026-09-15,p3-merge
S0096,Leap (LeapScholar),Bengaluru,Startup,,164,89.6,100.0,100,high,0,0,7,7,,,,,,,,,,,,,1,,2026-09-15,2026-09-15
S0097,Nazara Technologies,Mumbai,Public company,EXHAUST,4,50.0,100.0,100,none,9,9,0,0,,,,,,1,1,,1,,,,1,verify founder identities/roles via MCA directors + primary press (2 independent sources),2026-09-14,2026-09-15
S0098,Neo (Neo Wealth),Mumbai,Startup,,224,95.8,100.0,100,high,0,0,6,4,,,,,,,,,,,,,1,,2026-09-15,2026-09-15
S0099,Stellapps,Bengaluru,Scale-up,TARGET,48,45.8,66.7,100,none,9,0,0,0,,,,,,1,1,1,1,,,,1,document product portfolio w/ launch/discontinuation status (company source first),2026-09-14,2026-09-14
S0100,Purple Style Labs,Mumbai,Public company,,188,93.8,70.0,100,high,0,0,4,4,,,,,,,,,,,,,1,,2026-09-15,p3-merge
S0101,Zypp Electric,Gurugram,Startup,,125,50.0,70.0,100,low,0,0,0,1,,,,,,1,1,1,1,,,,1,,2026-09-14,2026-09-15
S0102,Business Nextgen Finance,Mumbai,Startup,EXHAUST,27,41.7,70.0,100,low,9,9,0,1,,,,,,1,1,1,1,,,,1,complete investor register per round (lead vs participating) w/ round links,2026-09-14,2026-09-15
S0103,EtherealX (Ethereal Exploration),Bengaluru,Startup,TARGET,54,56.2,56.7,100,moderate,7,0,5,0,,,,,,,,1,1,,,,1,complete investor register per round (lead vs participating) w/ round links,2026-09-14,2026-09-15
S0104,QNu Labs,Bengaluru,Startup,,295,89.6,100.0,100,high,0,0,6,3,,,,,,,,,,,,,1,,2026-09-15,p3-merge
S0105,Ultraviolette,Bengaluru,Scale-up,TARGET,43,56.2,100.0,100,low,8,0,0,1,,,,,,,,1,1,1,,,1,complete investor register per round (lead vs participating) w/ round links,2026-09-14,2026-09-15
S0106,Curefoods,Bengaluru,Startup,,203,87.5,100.0,100,moderate,0,0,5,2,,,,,,,,,1,,,,1,,2026-09-14,p3-merge
S0107,Dezerv,Mumbai,Startup,EXHAUST,16,56.2,86.7,100,moderate,7,7,5,1,,,,,,,,,1,1,,,1,complete investor register per round (lead vs participating) w/ round links,2026-09-14,2026-09-15
S0108,Edubuk,Bengaluru,Startup,,106,81.2,100.0,100,high,0,0,7,4,,,,,,,,,1,,,,1,,2026-09-15,p3-merge
S0109,EloElo,Bengaluru,Startup,,124,89.6,100.0,100,high,0,0,6,3,,,,,,,,,,,,,1,,2026-09-15,p3-merge
S0110,GIVA,Bengaluru,Startup,,176,87.5,100.0,100,moderate,0,0,6,2,,,,,,,,,,,,,1,,2026-09-15,p3-merge
S0111,Impetus Technologies,Bengaluru,Scale-up,TARGET,40,37.5,73.3,100,none,9,0,0,0,,,,,,1,1,1,1,1,,,1,"reconstruct funding history (dates, amounts, instruments, valuations, leads)",2026-09-14,2026-09-14
S0112,Moglix,Noida,Scale-up,TARGET,73,75.0,100.0,100,moderate,6,0,6,3,,,,,,,,,,,,,,document product portfolio w/ launch/discontinuation status (company source first),2026-09-14,2026-09-15
S0113,MPL (Mobile Premier League),Bengaluru,Former startup,,321,39.6,40.0,100,none,9,0,0,0,,,,,1,1,1,1,1,,,,1,,2026-09-14,2026-09-15
S0114,PhysicsWallah,Noida,Public company,TARGET,84,56.2,50.0,100,none,7,0,0,0,,,,,,1,1,1,1,,,,1,complete investor register per round (lead vs participating) w/ round links,2026-09-14,2026-09-15
S0115,Popo Global,Bengaluru,Startup,,126,47.9,46.7,100,none,0,0,0,0,,,,,,1,1,1,1,,,,1,,2026-09-14,2026-09-15
S0116,Shadowfax,Bengaluru,Public company,TARGET,82,60.4,66.7,100,none,8,0,0,0,,,,,,1,1,1,1,,,,1,"reconstruct funding history (dates, amounts, instruments, valuations, leads)",2026-09-14,2026-09-15
S0117,Smallcase,Bengaluru,Startup,,184,62.5,50.0,100,none,0,0,0,0,,,,,,,1,1,1,,,,1,,2026-09-14,2026-09-15
S0118,StockGro,Bengaluru,Startup,,298,95.8,100.0,100,high,0,0,7,7,,,,,,,,,,,,,1,,2026-09-15,p3-merge
S0119,Yulu,Bengaluru,Startup,,238,95.8,100.0,100,high,0,0,6,8,,,,,,,,,,,,,1,,2026-09-14,p3-merge
S0120,Zenoti,Hyderabad,Mature private company,,207,91.7,100.0,100,high,0,0,8,6,,,,,,,,,,,,,1,,2026-09-15,p3-merge
S0121,Exxat,Bengaluru,Startup,EXHAUST,6,45.8,100.0,100,low,8,8,0,0,,,,,,1,1,1,1,,,,1,"reconstruct funding history (dates, amounts, instruments, valuations, leads)",2026-09-14,2026-09-15
S0122,Bellatrix Aerospace,Bengaluru,Startup,TARGET,49,50.0,100.0,100,low,8,0,0,0,,,,,,1,1,1,1,,,,1,"reconstruct funding history (dates, amounts, instruments, valuations, leads)",2026-09-14,2026-09-15
S0123,Foxtale,Mumbai,Startup,,104,87.5,100.0,100,high,0,0,4,4,,,,,,,,,,,,,1,,2026-09-14,p3-merge
S0124,GalaxEye,Bengaluru,Other - status unverified,,113,37.5,73.3,100,none,9,0,0,0,,,,,1,1,1,1,1,1,,,1,,2026-09-14,2026-09-14
S0125,HerSpace Manufacturing,Bengaluru,Startup,,198,77.1,96.7,100,moderate,1,0,3,1,,,,,1,,,,,,,,1,,2026-09-15,p3-merge
S0126,Snitch,Bengaluru,Scale-up,,183,87.5,100.0,100,moderate,0,0,7,0,,,,,,,,,,,,,1,,2026-09-15,2026-09-15
S0127,OneCard (FPL Technologies),Pune,Other - status unverified,EXHAUST,11,39.6,66.7,0,none,9,9,3,0,,,,,1,1,1,1,1,,,,1,complete investor register per round (lead vs participating) w/ round links,2026-09-14,2026-09-14
S0128,Rezolv,Mumbai,Startup,,200,89.6,100.0,100,high,0,0,4,1,,,,,,,,,,,,,1,,2026-09-15,p3-merge
S0129,JustAI,San Francisco,Startup,EXHAUST,35,37.5,86.7,100,moderate,9,9,3,0,,,,,1,1,1,1,1,1,,,1,complete investor register per round (lead vs participating) w/ round links,2026-09-14,2026-09-15
S0130,BGauss,Mumbai,Startup,,180,89.6,100.0,100,high,0,0,4,6,,,,,,,,,,,,,1,,2026-09-14,p3-merge
S0131,Emo Energy,Bengaluru,Startup,TARGET,67,45.8,63.3,100,none,10,0,0,0,,,,,,1,1,1,1,1,,,1,verify founder identities/roles via MCA directors + primary press (2 independent sources),2026-09-14,2026-09-14
S0132,Baaz Bikes,Delhi NCR (batch says Bengaluru — press says Delhi NCR; kept batch city with conflict note),Startup,,144,22.9,86.7,100,low,11,2,0,1,,1,,,1,1,1,1,1,1,,,1,,2026-09-14,2026-09-15
S0133,Piston,Bengaluru (batch; ops US),Startup,TARGET,71,25.0,50.0,100,none,11,0,0,0,,1,,,1,1,1,1,1,1,,,1,verify founder identities/roles via MCA directors + primary press (2 independent sources),2026-09-14,2026-09-14
S0134,Chargebee,Chennai,Mature private company,,213,91.7,100.0,100,high,0,0,12,0,,,,,,,,,,,,,1,,2026-09-15,2026-09-15
S0135,Delhivery,Gurugram,Public company,,305,93.8,100.0,60,low,0,0,0,1,,,,,,,,,,,,,1,,2026-09-14,p3-merge
S0136,Erisha E Mobility,Delhi NCR,Mature private company,TARGET,65,37.5,53.3,100,low,9,0,0,0,,,,,,1,1,1,1,,,,1,complete investor register per round (lead vs participating) w/ round links,2026-09-14,2026-09-15
S0137,Freshworks,Chennai,Public company,EXHAUST,33,45.8,86.7,100,none,7,7,0,0,,,,,,1,1,1,1,1,,,1,complete investor register per round (lead vs participating) w/ round links,2026-09-14,2026-09-14
S0138,OYO,Gurugram,Mature private company,,210,93.8,100.0,100,high,0,0,4,6,,,,,,,,,,,,,1,,2026-09-14,p3-merge
S0139,Policybazaar,Gurugram,Public company,,234,50.0,63.3,20,none,0,0,4,0,,,,,,1,1,1,1,,,,1,,2026-09-14,2026-09-14
S0140,Uniphore,Chennai / Palo Alto,Other - status unverified,,314,50.0,83.3,80,low,0,0,0,1,,,,,,1,1,1,1,1,,,1,,2026-09-14,2026-09-15
S0141,Urban Company,Gurugram,Public company,,249,41.7,33.3,80,none,0,0,0,0,,,,,,1,1,1,1,1,,,1,,2026-09-14,2026-09-14
S0142,Zomato,Gurugram,Public company,,253,50.0,83.3,20,none,0,0,3,0,,,,,,1,1,1,1,1,,,1,,2026-09-14,2026-09-14
S0143,Emversity,Bengaluru,Other - status unverified,,272,50.0,100.0,80,low,0,0,0,0,,,,,,1,1,1,1,1,,,1,,2026-09-14,2026-09-15
S0144,KGeN (Kratos Gamer Network),Bengaluru,Startup,,161,87.5,100.0,100,high,0,0,9,4,,,,,,,,,,,,,1,,2026-09-15,p3-merge
S0145,Seekho,Bengaluru,Startup,,131,89.6,100.0,100,high,0,0,6,0,,,,,,,,,,,,,1,,2026-09-15,2026-09-15
S0146,Avammune Therapeutics,Bengaluru,Startup,TARGET,88,70.8,100.0,60,high,10,0,2,2,,,,,1,,,,1,,,,1,verify founder identities/roles via MCA directors + primary press (2 independent sources),2026-09-14,p3-merge
S0147,HexaHealth,Gurugram,Other - status unverified,TARGET,53,43.8,23.3,0,none,10,0,2,0,,,,,,1,,1,1,,,,1,"reconstruct funding history (dates, amounts, instruments, valuations, leads)",2026-09-14,2026-09-14
S0148,Escape Plan (travel gear),Bengaluru,Startup,,135,87.5,100.0,100,high,0,0,1,3,,,,,,,,,,,,,1,,2026-09-14,p3-merge
S0149,Lendingkart,Ahmedabad,Startup,TARGET,89,50.0,100.0,0,low,7,0,5,0,,,,,,1,1,1,1,,,,1,document product portfolio w/ launch/discontinuation status (company source first),2026-09-14,2026-09-15
S0150,PB Healthcare,Gurugram,Scale-up,TARGET,51,47.9,100.0,0,none,9,0,3,0,,,,,,1,1,1,1,,,,1,map current leadership (CEO/CFO/CTO + join dates) and 2024-26 changes,2026-09-14,2026-09-14
S0151,Augnito,Mumbai,Startup,TARGET,75,45.8,70.0,100,none,7,0,0,0,,,,,,1,1,1,1,,,,1,document product portfolio w/ launch/discontinuation status (company source first),2026-09-14,2026-09-14
S0152,C2i Semiconductors,Bengaluru,Startup,EXHAUST,2,47.9,100.0,0,none,8,8,4,0,,,,,,1,1,1,1,,,,1,map current leadership (CEO/CFO/CTO + join dates) and 2024-26 changes,2026-09-14,2026-09-14
S0153,CynLr,Bengaluru,Startup,,219,95.8,100.0,100,high,0,0,7,3,,,,,,,,,,,,,1,,2026-09-15,p3-merge
S0154,Skydo,Bengaluru,Startup,,291,95.8,100.0,100,moderate,0,0,9,0,,,,,,,,,,,,,1,,2026-09-15,2026-09-15
S0155,Smart Joules,Delhi (New Delhi),Other - status unverified,,231,52.1,100.0,0,low,0,0,5,0,,,,,,1,1,1,1,,,,1,,2026-09-14,2026-09-15
S0156,VerveSemi (Vervesemi),Greater Noida (Bengaluru R&D),Startup,,235,89.6,100.0,100,high,0,0,6,7,,,,,,,,,,,,,1,,2026-09-15,p3-merge
S0157,Butterfly Learnings,Mumbai,Startup,,247,91.7,100.0,100,moderate,0,0,7,1,,,,,,,,,,,,,1,,2026-09-15,p3-merge
S0158,Sugar Cosmetics,Mumbai,Scale-up,,189,93.8,100.0,100,high,0,0,7,2,,,,,,,,,,,,,1,,2026-09-15,p3-merge
S0159,Graas.ai (Graas),Bengaluru,Startup,,242,91.7,100.0,100,moderate,0,0,9,2,,,,,,,,,,,,,1,,2026-09-15,p3-merge
S0160,Beepkart,Bengaluru,Former startup,,347,8.3,16.7,100,none,11,0,0,0,,1,1,1,1,1,1,1,1,1,,1,1,,2026-09-14,2026-09-14
S0161,Agrani Labs,Bengaluru,Startup,TARGET,46,72.9,96.7,100,high,4,0,8,3,,,,,,,,,1,,,,1,add dated operating metrics (users/GMV/ARR/units with measurement period + source),2026-09-15,p3-merge
S0162,Mokobara,Bengaluru,Startup,,154,81.2,100.0,100,moderate,0,0,7,2,,,,,,,,,1,,,,1,,2026-09-15,2026-09-15
S0163,XpressBees,Pune,Mature private company,,245,85.4,40.0,100,moderate,0,0,4,2,,,,,,,,,,,,,1,,2026-09-14,2026-09-15
S0164,Fundly.ai,Mumbai,Startup,,285,83.3,100.0,100,high,0,0,5,4,,,,,,,,,,,,,1,,2026-09-15,p3-merge
S0165,Mitigata,Bengaluru,Startup,,211,83.3,100.0,100,moderate,0,0,7,2,,,,,,,,,,,,,1,,2026-09-15,p3-merge
S0166,Refold AI,Bengaluru (+ San Mateo),Startup,,168,27.1,60.0,0,none,10,2,2,0,,,,,1,1,1,1,1,1,,,1,,2026-09-14,2026-09-14
S0167,RentoMojo,Bengaluru,Public company,,233,79.2,100.0,100,high,0,0,7,6,,,,,,,,,1,,,,1,,2026-09-15,p3-merge
S0168,Blinkit,Gurugram,Public company,EXHAUST,19,35.4,66.7,100,none,10,10,0,0,,,,,,1,,1,1,1,,,1,verify founder identities/roles via MCA directors + primary press (2 independent sources),2026-09-14,2026-09-14
S0169,Juniper Green Energy,Gurugram,Public company,,308,45.8,30.0,100,none,0,0,0,0,,,,,,1,1,1,1,,,,1,,2026-09-14,2026-09-15
S0170,Serentica Renewables,Gurugram,Other - status unverified,,306,47.9,50.0,100,low,0,0,0,1,,,,,,1,1,1,1,,,,1,,2026-09-14,2026-09-15
S0171,Swiggy,Bengaluru,Public company,,145,47.9,63.3,100,low,0,0,0,1,,,,,,1,1,1,1,,,,1,,2026-09-14,2026-09-15
S0172,Bonkers Corner,Mumbai,Other - status unverified,EXHAUST,7,50.0,70.0,100,low,9,9,0,0,,,,,,1,1,1,1,,,,1,verify founder identities/roles via MCA directors + primary press (2 independent sources),2026-09-14,2026-09-15
S0173,immunitoAI,Bengaluru,Other - status unverified,,294,62.5,60.0,100,low,0,0,0,0,,,,,,,,1,1,,,,1,,2026-09-14,2026-09-15
S0174,BigEndian Semiconductors,Bengaluru,Startup,,269,50.0,73.3,0,none,1,0,4,0,,,,,,1,1,1,1,,,,1,,2026-09-14,2026-09-14
S0175,Mojro Technologies,Bengaluru,Startup,,239,52.1,60.0,0,none,0,0,4,0,,,,,,1,1,1,1,,,,1,,2026-09-14,2026-09-14
S0176,Neo (Neo Investment Value Advisors),Mumbai,Startup,,280,50.0,50.0,0,none,0,0,3,0,,,,,,1,1,1,1,,,,1,,2026-09-14,2026-09-14
S0177,Capillary Technologies,Bengaluru,Public company,TARGET,59,50.0,100.0,0,none,9,0,3,0,,,,,,1,1,1,1,,,,1,verify founder identities/roles via MCA directors + primary press (2 independent sources),2026-09-14,2026-09-14
S0178,PowerUp Money,Bengaluru,Startup,,292,52.1,100.0,0,none,0,0,3,0,,,,,,1,1,1,1,,,,1,,2026-09-14,2026-09-14
S0179,Truva,Mumbai,Startup,,281,47.9,40.0,0,none,0,0,0,0,,,,,,,,1,1,,,,1,,,2026-09-14
S0180,Tsavorite,Bengaluru,Startup,,258,41.7,86.7,0,none,0,0,0,0,,,,,1,,,1,1,,,,1,,,2026-09-14
S0181,Inox Clean Energy,Noida,Mature private company,,136,54.2,70.0,0,none,0,0,0,0,,,,,,,,,1,,,,1,,,2026-09-14
S0182,Raphe mPhibr,Noida,Startup,,193,60.4,93.3,0,none,0,0,0,0,,,,,,,,,1,,,,1,,,2026-09-14
S0183,Battery Smart,Gurugram,Startup,,191,60.4,100.0,0,none,0,0,0,0,,,,,,,,1,1,,,,1,,,2026-09-14
S0184,Carrum Mobility,Bengaluru,Startup,EXHAUST,30,31.2,63.3,100,none,10,10,0,0,,1,,,1,1,,1,1,1,,,1,establish legal entity + CIN + incorporation date + status via MCA,2026-09-14,2026-09-15
S0185,Elivaas,Bengaluru,Startup,,169,89.6,100.0,100,high,0,0,7,3,,,,,,,,,,,,,1,,2026-09-15,p3-merge
S0186,nCore Games,Bengaluru,Startup,EXHAUST,26,27.1,40.0,100,none,11,11,0,0,,1,,,1,,1,1,1,1,,,1,verify founder identities/roles via MCA directors + primary press (2 independent sources),2026-09-14,2026-09-15
S0187,Stimuler AI,Bengaluru,Startup,TARGET,55,29.2,40.0,100,none,11,0,0,0,,1,,,1,,1,1,1,1,,,,verify founder identities/roles via MCA directors + primary press (2 independent sources),2026-09-14,2026-09-15
S0188,Zerodha,Bengaluru,Startup,TARGET,92,31.2,60.0,100,low,11,0,0,1,,,1,1,,1,1,1,1,1,,,1,"reconstruct funding history (dates, amounts, instruments, valuations, leads)",2026-09-14,2026-09-15
S0189,General Autonomy,Bengaluru,Startup,,277,41.7,63.3,0,none,0,0,0,0,,,,,1,1,1,1,1,,,,,,,2026-09-14
S0190,Otipy,Delhi NCR,Former startup,,358,8.3,20.0,100,none,11,0,0,0,,1,1,1,1,1,1,1,1,1,,1,1,,2026-09-14,2026-09-14
S0191,QOSMIC,Bengaluru,Startup,,284,43.8,73.3,0,none,0,0,0,0,,,,,1,,,1,1,1,,,,,,2026-09-14
S0192,Hachidori Robotics,Bengaluru,Startup,,303,52.1,40.0,0,none,0,0,0,0,,,,,1,,,1,1,,,,,,,2026-09-14
S0193,TransBnk,Gurugram,Startup,,302,41.7,86.7,0,none,0,0,0,0,,,,,1,1,,1,1,1,,,,,,2026-09-14
S0194,Olee Space,Pune,Startup,,228,47.9,73.3,100,low,0,0,0,0,,,,,1,,,1,1,,,,,,2026-09-14,2026-09-15
S0195,Atlys,Delhi NCR,Startup,,214,43.8,66.7,100,none,0,0,0,0,,,,,1,,1,1,1,,,,,,2026-09-14,2026-09-14
S0196,Goldi Solar,Surat,Mature private company,,152,50.0,53.3,100,low,0,0,0,0,,,,,,1,,1,1,,,,,,2026-09-14,2026-09-15
S0197,Kiwi (Gokiwi Tech),Bengaluru,Startup,,265,100.0,100.0,100,high,0,0,7,6,,,,,,,,,,,,,,,2026-09-15,p3-merge
S0198,Circolife,Mumbai,Startup,,132,39.6,40.0,100,low,10,2,0,0,,,,,1,,1,1,1,,,1,,,2026-09-14,2026-09-15
S0199,Agnikul Cosmos (AgniKul),Chennai,Startup,,114,33.3,20.0,0,none,10,2,2,0,,,,,1,1,1,1,1,,,1,1,,2026-09-14,2026-09-14
S0200,Aurm,Mumbai,Public company,,181,47.9,50.0,0,none,0,0,2,0,,,,,,,,1,1,,,,1,,2026-09-14,2026-09-14
S0201,Syfe,Gurugram,Other - status unverified,,329,50.0,50.0,0,none,0,0,2,0,,,,,,,,1,1,,,,1,,2026-09-14,2026-09-14
S0202,Prozo,Gurugram,Other - status unverified,,266,54.2,50.0,0,none,0,0,2,0,,,,,,,,1,1,,,,1,,2026-09-14,2026-09-14
S0203,Jurisphere.ai,Bengaluru,Startup,,273,41.7,50.0,0,none,1,0,7,0,,,,,1,1,1,1,1,,,,1,,2026-09-14,2026-09-14
S0204,The Energy Company,Bengaluru,Other - status unverified,,282,6.2,6.7,0,none,12,4,0,0,,1,1,1,1,1,1,1,1,1,,1,1,,,2026-09-14
S0205,Spike AI,Bengaluru,Other - status unverified,,283,6.2,10.0,0,none,12,4,0,0,,1,1,1,1,1,1,1,1,1,,1,1,,,2026-09-14
S0206,Physics Wallah,Noida,Other - status unverified,,359,6.2,20.0,0,none,12,4,0,0,,1,1,1,1,1,1,1,1,1,,1,1,,,2026-09-14
S0207,Arivihan,Bengaluru,Other - status unverified,,290,43.8,80.0,100,none,0,0,0,0,,,,,1,,1,1,1,,,,,,2026-09-14,2026-09-14
S0208,Netrasemi (NetraSemi),Bengaluru,Other - status unverified,,121,47.9,100.0,100,none,1,0,0,0,,,,,1,,1,1,1,,,,,,2026-09-14,2026-09-14
S0209,Arohan Financial Services,Kolkata,Subsidiary,,286,95.8,100.0,100,high,0,0,7,5,,,,,,,,,,,,,1,,2026-09-15,p3-merge
S0210,Ather Energy,Bengaluru,Public company,TARGET,87,43.8,26.7,0,none,10,0,2,0,,,,,,1,1,1,1,1,,,1,verify founder identities/roles via MCA directors + primary press (2 independent sources),2026-09-14,2026-09-14
S0211,Nexedge Capital,Delhi NCR,Startup,,229,91.7,100.0,100,high,0,0,7,7,,,,,,,,,,,,,1,,2026-09-15,p3-merge
S0212,Shiprocket,Delhi NCR,Public company,,227,37.5,23.3,0,none,11,4,1,0,,,,,,1,1,1,1,1,,,1,,2026-09-14,2026-09-14
S0213,Navana.ai,Mumbai,Startup,,199,89.6,100.0,100,high,0,0,6,4,,,,,,,,,,,,,1,,2026-09-15,p3-merge
S0214,Lickicious,Mumbai,Startup,,220,31.2,73.3,100,none,6,0,0,0,,,,,1,,1,1,1,1,,,1,,2026-09-15,2026-09-15
S0215,PumPumPum,Mumbai,Startup,,248,87.5,43.3,100,moderate,0,0,2,2,,,,,,,,,,,,,1,,2026-09-15,p3-merge
S0216,BimaKavach,Bengaluru,Startup,TARGET,95,25.0,83.3,100,moderate,7,0,5,1,,,,,1,,1,1,1,1,,1,1,"resolve founders conflict: 'Tejas Jain' vs 'Tejas Jain and Rajendra Kumar Jain' (primary source, then prefer)",2026-09-15,2026-09-15
S0217,CtrlS,Hyderabad,Scale-up,,108,35.4,73.3,100,moderate,7,0,5,1,,,,,1,,1,1,,1,,,1,,2026-09-15,2026-09-15
S0218,Watch Your Health,Mumbai MMR (Thane),Startup,,102,22.9,66.7,100,none,7,1,0,0,,,,1,1,,1,1,1,1,,1,1,,2026-09-15,2026-09-15
S0219,TrueFan AI,Gurugram,Other - status unverified,,299,37.5,73.3,0,none,12,4,0,0,,,,,1,1,1,1,1,,,,1,,,2026-09-14
S0220,Coulomb Litech,Mumbai,Other - status unverified,,276,35.4,100.0,0,none,12,4,0,0,,,,,1,1,1,1,1,,,,1,,,2026-09-14
S0221,Fermionic Design,Bengaluru,Other - status unverified,,260,39.6,100.0,0,none,12,4,0,0,,,,,1,1,1,1,1,,,,,,,2026-09-14
S0222,ANSCER Robotics,Bengaluru,Other - status unverified,,268,41.7,100.0,0,none,0,0,0,0,,,,,1,1,,1,1,,,,1,,,2026-09-14
S0223,Superleap AI,Bengaluru,Other - status unverified,,256,35.4,93.3,0,none,12,4,0,0,,,,,1,1,,1,1,,,,1,,,2026-09-14
S0224,Fire AI (FireAI),Mumbai,Startup,EXHAUST,20,20.8,3.3,100,low,9,9,0,1,,,,,1,1,1,1,1,1,,1,1,"build 2023-26 event timeline (raises, launches, exits, IPO steps) with dates",2026-09-14,2026-09-15
S0225,Matter,Ahmedabad,Startup,TARGET,78,20.8,10.0,100,none,10,0,0,0,,1,,,1,1,1,1,1,1,,1,1,"build 2023-26 event timeline (raises, launches, exits, IPO steps) with dates",2026-09-14,2026-09-15
S0226,Comet,Mumbai,Startup,,216,87.5,100.0,100,high,0,0,5,2,,,,,,,,,,,,,1,,2026-09-15,p3-merge
S0227,Balaji Wafers,Rajkot,Startup,,289,16.7,36.7,100,none,9,0,0,0,,1,,1,,1,1,1,1,1,,1,1,,2026-09-14,2026-09-14
S0228,CleverTap,Mumbai,Scale-up,,133,89.6,100.0,100,high,0,0,4,4,,,,,,,,,,,,,1,,2026-09-14,p3-merge
S0229,Drip Capital,Mumbai,Other - status unverified,,275,37.5,100.0,80,none,12,4,0,0,,,,1,1,1,1,1,1,,,,1,,,2026-09-14
S0230,Kissht (OnEMI),Mumbai,Public company,,250,37.5,100.0,100,none,12,4,0,0,,,,1,1,1,1,1,1,,,,1,,,2026-09-14
S0231,Lenskart,Gurugram,Public company,,300,39.6,100.0,80,none,12,4,0,0,,,,1,1,1,1,1,1,,,,1,,,
S0232,Neoble,Mumbai,Other - status unverified,,263,37.5,80.0,60,none,12,4,0,0,,,,1,1,1,1,1,1,,,,1,,,2026-09-14
S0233,QubeHealth Pay (QubeHealth),Mumbai,Other - status unverified,,251,37.5,66.7,100,none,12,4,0,0,,,,1,1,1,1,1,1,,,,1,,,2026-09-14
S0234,Qure.ai,Mumbai,Scale-up,TARGET,44,35.4,63.3,100,none,8,0,0,0,,,,,1,1,1,1,1,1,,,,complete investor register per round (lead vs participating) w/ round links,2026-09-14,2026-09-15
S0235,Greenwave Circularity,Pune,Startup,,153,35.4,76.7,100,low,9,2,0,1,,,,,1,1,1,1,1,1,,,,,2026-09-14,2026-09-15
S0236,Shortgun Games,Mumbai,Startup,,175,35.4,50.0,100,none,8,2,0,0,,,,,1,1,1,1,1,1,,,,,2026-09-14,2026-09-15
S0237,Uolo,Gurugram,Startup,,149,47.9,40.0,100,none,0,0,0,0,,,,,,1,,1,1,1,,,,,2026-09-14,2026-09-15
S0238,AgroStar,Pune,Mature private company,,262,97.9,100.0,100,high,0,0,8,6,,,,,,,,,,,,,,,2026-09-15,p3-merge
S0239,30 Sundays,Gurugram,Startup,,201,41.7,43.3,100,none,0,0,0,0,,,,,1,,,1,1,1,,,1,,2026-09-14,2026-09-15
S0240,Intellend Technologies Advisors,Thane,Startup,,257,37.5,63.3,100,none,8,1,0,0,,,,,1,,1,1,1,,,,1,,2026-09-14,2026-09-15
S0241,Arya.ag (Arya),Noida,Startup,,215,89.6,100.0,100,high,0,0,4,4,,,,,,,,,,,,,1,,2026-09-15,p3-merge
S0242,Hubilo,Ahmedabad,Acquired (operating),,122,41.7,63.3,100,low,0,0,0,0,,,,,,,1,1,1,,,,1,,2026-09-14,2026-09-15
S0243,ProFound (profound),Bengaluru,Startup,TARGET,80,39.6,20.0,100,none,8,0,0,0,,,,,1,,1,1,1,1,,,1,complete investor register per round (lead vs participating) w/ round links,2026-09-14,2026-09-14
S0244,Renee Cosmetics,Ahmedabad,Startup,EXHAUST,9,12.5,20.0,0,none,10,10,2,0,,1,,,1,1,1,1,1,1,,1,1,verify founder identities/roles via MCA directors + primary press (2 independent sources),2026-09-14,2026-09-14
S0245,Vini Cosmetics (Fogg),Ahmedabad,Former startup,,360,6.2,10.0,0,none,11,0,1,0,,1,1,1,1,1,1,1,1,1,,1,1,,2026-09-14,2026-09-14
S0246,Vecton AI,Bengaluru,Startup,,254,70.8,100.0,100,none,0,0,0,0,,,,,,,,,,,,,1,,2026-09-15,2026-09-15
S0247,Dialflo,Bengaluru,Startup,EXHAUST,23,12.5,26.7,0,none,11,11,1,0,,1,,,1,1,1,1,1,1,,1,1,establish legal entity + CIN + incorporation date + status via MCA,2026-09-14,2026-09-14
S0248,Ammunic Systems,Bengaluru,Startup,,267,81.2,100.0,100,moderate,0,0,9,0,,,,,,,,,,,,,1,,2026-09-15,2026-09-15
S0249,ANS Commerce,Bengaluru,Former startup,,335,6.2,20.0,100,none,11,0,0,0,,1,1,1,1,1,1,1,1,1,,1,1,,2026-09-14,2026-09-14
S0250,BharatGPT/Hanooman (Reliance+IIT-Bombay),Mumbai (Reliance/IIT-Bombay consortium),Former startup,,354,6.2,16.7,0,none,11,0,1,0,,1,1,1,1,1,1,1,1,1,,1,1,,2026-09-14,2026-09-14
S0251,Cellogen Therapeutics,Delhi (batch says Bengaluru; press says Delhi),Startup,,146,12.5,16.7,0,none,11,3,1,0,,1,,,1,1,1,1,1,1,,1,1,,2026-09-14,2026-09-14
S0252,Morphing Machines,Bengaluru (IISc-incubated),Startup,EXHAUST,13,16.7,20.0,0,none,11,11,1,0,,,,,1,1,1,1,1,1,,1,1,map current leadership (CEO/CFO/CTO + join dates) and 2024-26 changes,2026-09-14,2026-09-14
S0253,NeuroPixel.AI,Bengaluru,Former startup,,336,6.2,16.7,100,none,11,0,0,0,,1,1,1,1,1,1,1,1,1,,1,1,,2026-09-14,2026-09-14
S0254,Niro,Bengaluru,Former startup,,337,8.3,16.7,100,none,11,0,0,0,,1,1,1,1,1,1,1,1,1,,1,1,,2026-09-14,2026-09-14
S0255,Niyo,Bengaluru,Scale-up,TARGET,97,89.6,100.0,100,high,5,0,7,4,,,,,,,,,,,,,1,complete investor register per round (lead vs participating) w/ round links,2026-09-15,p3-merge
S0256,SatSure,Bengaluru,Scale-up,,150,85.4,100.0,100,high,0,0,3,5,,,,,,,,,,,,,1,,2026-09-14,p3-merge
S0257,Simpl,Bengaluru,Former startup,,333,12.5,20.0,0,none,10,0,2,0,,,1,1,1,1,1,1,1,1,,1,1,,2026-09-14,2026-09-14
S0258,VerSe Innovation,Bengaluru,Startup,TARGET,90,87.5,100.0,100,high,7,0,5,10,,,,,,,,,,,,,1,complete investor register per round (lead vs participating) w/ round links,2026-09-15,p3-merge
S0259,Wow! Momo,Kolkata,Startup,,330,18.8,16.7,0,none,9,1,3,0,,,,1,1,1,1,1,1,1,,1,1,,2026-09-14,2026-09-14
S0260,ARC,Bengaluru,Startup,EXHAUST,14,16.7,16.7,0,none,10,10,2,0,,,,,1,1,1,1,1,1,,1,1,establish legal entity + CIN + incorporation date + status via MCA,2026-09-14,2026-09-14
S0261,InstaAstro,Gurugram,Startup,TARGET,52,16.7,20.0,0,none,10,0,2,0,,,,,1,1,1,1,1,1,,1,1,establish legal entity + CIN + incorporation date + status via MCA,2026-09-14,2026-09-14
S0262,Iztri,Bengaluru,Startup,,244,16.7,13.3,0,none,10,2,2,0,,,,,1,1,1,1,1,1,,1,1,,2026-09-14,2026-09-14
S0263,Qila Games,Bengaluru,Startup,TARGET,66,16.7,13.3,0,none,10,0,2,0,,,,,1,1,1,1,1,1,,1,1,establish legal entity + CIN + incorporation date + status via MCA,2026-09-14,2026-09-14
S0264,Sasta Sundar,Kolkata,Public company,,338,29.2,40.0,0,none,9,1,3,0,,,,,1,1,1,1,1,,,1,1,,2026-09-14,2026-09-14
S0265,Astrotalk,Delhi NCR (Noida),Other - status unverified,,339,29.2,66.7,0,none,9,1,3,0,,,,,1,1,1,1,1,1,,1,1,,2026-09-14,2026-09-14
S0266,CarDekho (GirnarSoft),Jaipur,Other - status unverified,,341,31.2,53.3,0,none,9,1,3,0,,,,,1,1,1,1,1,1,,1,1,,2026-09-14,2026-09-14
S0267,SagarDefence Engineering,Mumbai,Other - status unverified,,230,31.2,30.0,0,none,9,1,3,0,,,,,1,1,1,1,1,1,,1,1,,2026-09-14,2026-09-14
S0268,InRisk Labs (EarthRe),Ahmedabad,Other - status unverified,,340,29.2,66.7,0,none,9,1,3,0,,,,,1,1,1,1,1,1,,1,1,,2026-09-14,2026-09-14
S0269,Videonetics,Kolkata,Other - status unverified,,332,27.1,30.0,0,none,9,1,3,0,,,,,1,1,1,1,1,1,,1,1,,2026-09-14,2026-09-14
S0270,Drivn (DRIVN),Gurgaon,Other - status unverified,,320,29.2,53.3,0,none,9,1,3,0,,,,,1,1,1,1,1,1,,1,1,,2026-09-14,2026-09-14
S0271,Turtlemint,Mumbai,Public company,,236,31.2,66.7,0,none,9,1,3,0,,,,,1,1,1,1,1,1,,1,1,,2026-09-14,2026-09-14
S0272,ValuEnable,Mumbai,Other - status unverified,,270,29.2,20.0,0,none,9,1,3,0,,,,,1,1,1,1,1,1,,1,1,,2026-09-14,2026-09-14
S0273,Wellbeing Nutrition,Mumbai,Other - status unverified,,293,29.2,66.7,0,none,9,1,3,0,,,,,1,1,1,1,1,1,,1,1,,2026-09-14,2026-09-14
S0274,Alt Carbon,Kolkata,Startup,EXHAUST,22,25.0,30.0,0,none,10,10,2,0,,,,,1,1,1,1,1,1,,,1,"reconstruct funding history (dates, amounts, instruments, valuations, leads)",2026-09-14,2026-09-14
S0275,Alphadroid,Noida,Startup,,129,16.7,16.7,0,none,11,3,1,0,,,,,1,1,1,1,1,1,,1,1,,2026-09-14,2026-09-14
S0276,Minfy Technologies,Hyderabad,Startup,,323,20.8,10.0,0,none,9,1,3,0,,,1,1,1,1,1,1,1,1,,,1,,2026-09-14,2026-09-14
S0277,Celebal Technologies,Jaipur,Startup,,309,18.8,16.7,0,none,9,1,3,0,,,,,1,1,1,1,1,1,,1,1,,2026-09-14,2026-09-14
S0278,Tonbo Imaging,Bengaluru,Startup,,279,89.6,100.0,100,high,0,0,2,4,,,,,,,,,,,,,1,,2026-09-14,p3-merge
S0279,DigitalPaani,Gurugram,Startup,,218,18.8,20.0,0,none,10,2,2,0,,,,,1,1,1,1,1,1,,1,1,,2026-09-14,2026-09-14
S0280,Yuma Energy,Bengaluru (ESTIMATE — Instagram snippet says Bengaluru-based; HQ not primary-sourced),Startup,TARGET,98,70.8,100.0,100,moderate,5,0,7,3,,1,,,,,,,,,,,1,verify founder identities/roles via MCA directors + primary press (2 independent sources),2026-09-15,p3-merge
S0281,Solinas Integrity,Chennai,Startup,,361,14.6,16.7,0,none,10,1,2,0,,,1,1,1,1,1,1,1,1,,1,1,,2026-09-14,2026-09-14
S0282,Covrzy,Bengaluru,Former startup,,348,8.3,10.0,100,none,11,0,0,0,,1,1,1,1,1,1,1,1,1,,1,1,,2026-09-14,2026-09-14
S0283,IndiQube,Bengaluru,Public company,,185,87.5,100.0,100,moderate,0,0,7,2,,,,,,,,,,,,,1,,2026-09-15,p3-merge
S0284,Smartworks,Gurugram,Public company,TARGET,61,43.8,100.0,60,none,12,0,0,0,,,,,,1,1,1,1,1,,,1,establish legal entity + CIN + incorporation date + status via MCA,,2026-09-14
S0285,Amnex Infotechnologies (Amnex),Ahmedabad,Scale-up,,162,52.1,86.7,60,none,0,0,0,0,,,,,,1,1,,1,,,,1,,,2026-09-14
S0286,MakeMyTrip,Gurugram,Public company,,170,41.7,86.7,60,none,0,0,0,0,,,,,,1,1,1,1,1,,,1,,,
S0287,Spinny,Gurugram,Mature private company,EXHAUST,10,45.8,86.7,80,none,12,12,0,0,,,,,,1,1,1,1,1,,,1,establish legal entity + CIN + incorporation date + status via MCA,,2026-09-14
S0288,Traqo,Gurugram,Other - status unverified,,264,47.9,73.3,80,none,0,0,0,0,,,,,,1,,1,1,1,,,1,,,2026-09-14
S0289,Trevel,Gurugram,Other - status unverified,,288,45.8,86.7,100,none,0,0,0,0,,,,,,1,,1,1,1,,,1,,,2026-09-14
S0290,Runable,Bengaluru,Startup,TARGET,99,87.5,100.0,100,high,8,0,4,3,,,,,,,,,,,,,1,"resolve legal_name conflict: 'Runable Inc.' vs 'Runable Systems Private Limited' (primary source, then prefer)",2026-09-15,p3-merge
S0291,GreenLine,Mumbai,Scale-up,TARGET,56,45.8,86.7,60,none,12,0,0,0,,,,,,1,,1,1,1,,,1,establish legal entity + CIN + incorporation date + status via MCA,,2026-09-14
S0292,IDfy,Mumbai,Mature private company,EXHAUST,29,50.0,100.0,100,none,12,12,0,0,,,,,,1,,1,1,1,,,1,establish legal entity + CIN + incorporation date + status via MCA,,2026-09-14
S0293,QWEEN,Bengaluru,Scale-up,TARGET,96,52.1,86.7,80,none,12,0,0,0,,,,,,1,,1,1,,,,1,establish legal entity + CIN + incorporation date + status via MCA,,2026-09-14
S0294,The Whole Truth,Mumbai,Startup,,296,10.4,6.7,100,none,12,3,0,0,,1,1,1,1,1,1,1,1,1,,1,1,,2026-09-14,2026-09-14
S0295,WinZO,New Delhi,Startup,,328,18.8,20.0,100,none,11,3,0,0,,1,1,1,1,1,1,1,1,1,,,1,,2026-09-14,2026-09-14
S0296,Nestasia,Kolkata,Startup,,192,79.2,100.0,100,high,0,0,6,3,,,,,,,,,,,,,1,,2026-09-15,p3-merge
S0297,Zettaone,Krishnagiri (mfg facility),Startup,,327,16.7,100.0,100,none,11,2,0,0,,1,1,1,1,1,1,1,1,1,,,1,,2026-09-14,2026-09-14
S0298,Landeed,Hyderabad,Startup,,109,16.7,20.0,100,none,11,2,0,0,,1,,,1,1,1,1,1,1,,1,1,,2026-09-14,2026-09-14
S0299,Milky Mist,Erode / Perundurai,Public company,TARGET,94,18.8,10.0,100,none,11,0,0,0,,1,,1,1,1,1,1,1,1,,,1,establish legal entity + CIN + incorporation date + status via MCA,2026-09-14,2026-09-14
S0300,QuickShift,Gurugram,Startup,,259,12.5,20.0,100,low,11,3,0,0,,1,,1,1,1,1,1,1,1,,1,1,,2026-09-14,2026-09-15
S0301,Atlan,New Delhi,Startup,EXHAUST,17,22.9,20.0,100,none,11,11,0,0,,,,1,1,1,1,1,1,1,,,1,establish legal entity + CIN + incorporation date + status via MCA,2026-09-14,2026-09-14
S0302,CHOSEN (skin/hair),Chennai,Startup,,137,12.5,10.0,100,none,11,3,0,0,,1,,1,1,1,1,1,1,1,,1,1,,2026-09-14,2026-09-14
S0303,Big Mishra,UNKNOWN,Startup,EXHAUST,3,18.8,20.0,100,none,10,10,0,0,,1,,1,,1,1,1,1,1,,1,1,verify founder identities/roles via MCA directors + primary press (2 independent sources),2026-09-14,2026-09-14
S0304,Centricity,Gurugram,Startup,TARGET,68,27.1,66.7,0,none,12,0,0,0,,,,,1,1,,1,1,1,,1,1,establish legal entity + CIN + incorporation date + status via MCA,,2026-09-14
S0305,Graph AI,Pleasanton,Startup,,271,70.8,66.7,100,none,0,0,0,0,,,,,,,,,1,,,,1,,2026-09-15,2026-09-14
S0306,GROWiT India,Surat,Other - status unverified,EXHAUST,36,27.1,20.0,100,none,10,10,0,0,,,,,,1,1,1,1,1,,,1,verify founder identities/roles via MCA directors + primary press (2 independent sources),2026-09-14,2026-09-14
S0307,Mindgrove Technologies,Chennai,Startup,TARGET,91,68.8,80.0,100,high,7,0,5,4,,,,,1,,,,,,,,1,"resolve founding_year conflict: '2021' vs '2022' (primary source, then prefer)",2026-09-15,p3-merge
S0308,NeoGeo,Gurugram,Startup,EXHAUST,31,14.6,66.7,0,none,12,12,0,0,,1,,,1,1,1,1,1,1,,1,1,establish legal entity + CIN + incorporation date + status via MCA,,2026-09-14
S0309,Kepler Aerospace,Bengaluru,Startup,,196,77.1,100.0,100,moderate,0,0,5,1,,,,,,,,,,,,,1,,2026-09-15,p3-merge
S0310,CARS24,Gurugram,Subsidiary,EXHAUST,18,79.2,100.0,100,high,7,7,5,1,,,,,,,,,1,,,,1,complete investor register per round (lead vs participating) w/ round links,2026-09-15,p3-merge
S0311,DealShare,Jaipur,Former startup,,362,6.2,33.3,100,none,11,0,0,0,,1,1,1,1,1,1,1,1,1,,1,1,,2026-09-14,2026-09-14
S0312,Chakr Innovation,Delhi NCR,Other - status unverified,TARGET,62,20.8,16.7,100,none,10,0,0,0,,,,,1,1,1,1,1,1,,,1,obtain FY26 statutory financials (revenue/PAT) from MCA filing,2026-09-14,2026-09-14
S0313,Dhruva Space,Hyderabad,Mature private company,EXHAUST,25,20.8,20.0,100,none,9,9,0,0,,,,1,1,1,1,1,1,1,,,1,complete investor register per round (lead vs participating) w/ round links,2026-09-14,2026-09-14
S0314,Nawgati,Delhi NCR,Startup,TARGET,81,29.2,50.0,0,none,12,0,0,0,,,,,1,1,1,1,1,1,,,1,establish legal entity + CIN + incorporation date + status via MCA,,2026-09-14
S0315,Zaggle,Hyderabad,Public company,TARGET,45,20.8,50.0,0,none,12,0,0,0,,1,,1,,1,1,1,1,1,,,1,establish legal entity + CIN + incorporation date + status via MCA,,2026-09-14
S0316,R for Rabbit,Ahmedabad,Scale-up,,186,89.6,100.0,100,high,0,0,5,4,,,,,,,,,,,,,1,,2026-09-15,p3-merge
S0317,BharatAgri,Bengaluru,Former startup,,346,6.2,16.7,100,none,11,0,0,0,,1,1,1,1,1,1,1,1,1,,1,1,,2026-09-14,2026-09-14
S0318,BluSmart,Ahmedabad,Former startup,,355,6.2,13.3,100,none,11,0,0,0,,1,1,1,1,1,1,1,1,1,,1,1,,2026-09-14,2026-09-14
S0319,Yantra Packs,Gurugram,Startup,,212,16.7,60.0,100,none,11,3,0,0,,1,,1,1,1,1,1,1,1,,,1,,2026-09-14,2026-09-14
S0320,Cradlewise,Bengaluru,Startup,,287,83.3,100.0,100,high,0,0,11,1,,,,,,,,,,,,,1,,2026-09-15,2026-09-15
S0321,Jaipur Robotics,"Manno, Switzerland",Startup,,317,16.7,60.0,0,none,12,4,0,0,,1,,1,1,1,1,1,1,1,,,1,,,2026-09-14
S0322,InsuranceDekho,Gurugram,Mature private company,,173,83.3,100.0,100,moderate,0,0,9,2,,,,,,,,,,,,,1,,2026-09-15,2026-09-15
S0323,MOPP Foods (Moppfoods),Gurugram,Startup,,261,16.7,40.0,0,none,12,4,0,0,,1,,1,1,1,1,1,1,1,,,1,,,2026-09-14
S0324,RenewBuy,Gurugram,Acquired (operating),,363,8.3,20.0,100,none,11,3,0,0,,1,1,1,1,1,1,1,1,1,,1,1,,2026-09-14,2026-09-14
S0325,Yubi,Chennai,Other - status unverified,,319,27.1,60.0,0,none,10,2,2,0,,,,,1,1,1,1,1,1,,1,1,,2026-09-14,2026-09-14
S0326,Guickly,Bengaluru,Other - status unverified,,240,29.2,40.0,0,none,10,2,2,0,,,,,1,1,1,1,1,1,,,1,,2026-09-14,2026-09-14
S0327,Zoplar,Unknown,Former startup,,356,8.3,20.0,100,none,11,0,0,0,,1,1,1,1,1,1,1,1,1,,1,1,,2026-09-14,2026-09-14
S0328,Navata Supply Chain Solutions,Hyderabad,Other - status unverified,,331,29.2,40.0,100,none,9,1,0,0,,,,,1,1,1,1,1,1,,,1,,2026-09-14,2026-09-14
S0329,Astra,Unknown,Former startup,,357,8.3,16.7,100,none,11,0,0,0,,1,1,1,1,1,1,1,1,1,,1,1,,2026-09-14,2026-09-14
S0330,mPokket,Kolkata,Other - status unverified,,312,27.1,40.0,0,none,10,2,2,0,,,,,1,1,1,1,1,1,,,1,,2026-09-14,2026-09-14
S0331,StockEdge/Kredent,Kolkata,Other - status unverified,,316,27.1,40.0,100,none,10,2,0,0,,,,,1,1,1,1,1,1,,,1,,2026-09-14,2026-09-14
S0332,EyeROV,Kochi,Other - status unverified,,324,33.3,80.0,0,none,10,2,2,0,,,,,1,1,,1,1,1,,,1,,2026-09-14,2026-09-14
S0333,iHub Robotics,Kochi,Other - status unverified,,318,29.2,30.0,0,none,11,3,1,0,,,,,1,,1,1,1,1,,,1,,2026-09-14,2026-09-14
S0334,AU Small Finance Bank,Jaipur,Other - status unverified,,364,6.2,100.0,100,none,11,3,0,0,,1,1,1,1,1,1,1,1,1,,1,1,,2026-09-14,2026-09-14
S0335,Climatech Environment,Jaipur,Other - status unverified,,365,6.2,20.0,100,none,11,3,0,0,,1,1,1,1,1,1,1,1,1,,1,1,,2026-09-14,2026-09-14
S0336,Finova Capital,Jaipur,Other - status unverified,,366,6.2,10.0,100,none,11,3,0,0,,1,1,1,1,1,1,1,1,1,,1,1,,2026-09-14,2026-09-14
S0337,Garuda Aerospace,Chennai,Other - status unverified,,367,6.2,20.0,100,none,11,3,0,0,,1,1,1,1,1,1,1,1,1,,1,1,,2026-09-14,2026-09-14
S0338,Hisabkitab,Surat,Startup,,313,31.2,50.0,100,none,11,3,0,0,,1,,,1,1,1,1,1,,,,,,2026-09-14,2026-09-14
S0339,Pickkup,Chandigarh,Startup,,352,35.4,50.0,40,none,10,3,2,0,,1,,,1,1,,1,1,,,,,,2026-09-14,2026-09-14
S0340,ShopKirana,Indore,Acquired (operating),,334,37.5,100.0,100,none,9,2,0,0,,1,,,1,1,,1,1,,,,,,2026-09-14,2026-09-14
S0341,Theater,Chandigarh,Startup,,322,33.3,50.0,100,none,11,3,0,0,,1,,,1,1,1,1,1,,,,,,2026-09-14,2026-09-14
S0342,Advaita Interactive,Kolkata,Other - status unverified,,368,6.2,20.0,0,none,12,4,0,0,,1,1,1,1,1,1,1,1,1,,1,1,,,2026-09-14
S0343,Lissun,Gurugram,Startup,,304,22.9,70.0,0,none,10,3,2,0,,,,,1,1,1,1,1,1,,1,,,2026-09-14,2026-09-14
S0344,Aeron Systems,Pune,Startup,,307,20.8,70.0,0,none,10,2,2,0,,1,,,1,1,1,1,1,1,,,,,2026-09-14,2026-09-14
S0345,Alle,Bengaluru,Former startup,,342,27.1,60.0,100,none,10,0,0,0,,,,,1,1,1,1,1,1,,,,,2026-09-14,2026-09-14
S0346,Altigreen,Bengaluru,Former startup,,326,14.6,50.0,100,none,10,0,0,0,,1,,,1,1,1,1,1,1,,1,,,2026-09-14,2026-09-14
S0347,Clear (ClearTax),Bengaluru,Startup,,105,25.0,80.0,0,low,10,3,2,1,,1,,,,1,1,1,1,1,,,,,2026-09-14,2026-09-15
S0348,Gramophone,Indore,Startup,,344,16.7,100.0,100,none,10,3,0,0,,1,1,1,1,1,1,1,1,1,,,,,2026-09-14,2026-09-14
S0349,Indrajaal,Hyderabad,Startup,,237,25.0,80.0,0,none,10,2,2,0,,1,,1,1,,,1,1,1,,,,,2026-09-14,2026-09-14
S0350,Leap India,Bengaluru,Public company,,208,22.9,86.7,0,none,10,4,2,0,,1,,,1,1,1,1,1,1,,,,,2026-09-14,2026-09-14
S0351,Ola Electric,Bengaluru,Public company,,177,22.9,86.7,0,none,10,3,2,0,,1,,,1,1,1,1,1,1,,,,,2026-09-14,2026-09-14
S0352,Rilo,Mumbai,Acquired (operating),,255,25.0,100.0,100,none,10,3,0,0,,1,,,1,1,1,1,1,1,,,,,2026-09-14,2026-09-14
S0353,Sanlayan Technologies,Bengaluru,Startup,,197,20.8,100.0,100,none,10,3,0,0,,1,,,1,1,1,1,1,1,,,,,2026-09-14,2026-09-14
S0354,Shopflo,Bengaluru,Acquired (operating),,204,25.0,73.3,0,none,10,2,2,0,,,,1,1,1,1,1,1,1,,,1,,2026-09-14,2026-09-14
S0355,smallest.ai,San Francisco,Startup,,301,31.2,83.3,0,none,10,2,2,0,,,,,1,1,1,1,1,1,,,1,,2026-09-14,2026-09-14
S0356,Dv2js Innovation,Delhi,Startup,,325,25.0,26.7,0,none,11,3,1,0,,,1,1,1,1,1,1,1,1,,,1,,2026-09-14,2026-09-14
S0357,4700BC,Mumbai,Acquired (operating),,278,29.2,100.0,0,none,10,2,2,0,,,,,1,1,1,1,1,1,,,1,,2026-09-14,2026-09-14
S0358,Dunzo,Bengaluru,Former startup,,349,8.3,33.3,100,none,11,0,0,0,,1,1,1,1,1,1,1,1,1,,1,1,,2026-09-14,2026-09-14
S0359,GamesKraft,Bengaluru,Startup,,243,27.1,100.0,0,none,10,2,2,0,,,,1,1,1,1,1,1,1,,,1,,2026-09-14,2026-09-14
S0360,Good Glamm Group,Mumbai,Former startup,,350,8.3,36.7,100,none,11,0,0,0,,1,1,1,1,1,1,1,1,1,,1,1,,2026-09-14,2026-09-14
S0361,Head Digital Works,Hyderabad,Startup,,315,29.2,56.7,0,none,10,2,2,0,,,,1,1,1,1,1,1,1,,,1,,2026-09-14,2026-09-14
S0362,Hike,Bengaluru,Former startup,,351,8.3,36.7,100,none,11,0,0,0,,1,1,1,1,1,1,1,1,1,,1,1,,2026-09-14,2026-09-14
S0363,KiranaClub,Bengaluru,Acquired (operating),,274,27.1,100.0,0,none,9,2,3,0,,,,,1,1,1,1,1,1,,,1,,2026-09-14,2026-09-14
S0364,Log9 Materials,Bengaluru,Former startup,,343,18.8,70.0,100,none,10,0,0,0,,1,,1,1,1,1,1,1,,,,,,2026-09-14,2026-09-14
S0365,PokerBaazi,Kolkata,Former startup,,353,18.8,86.7,100,low,10,0,0,0,,,1,1,1,1,1,1,1,1,,1,,,2026-09-14,2026-09-15
S0366,Pync,Bengaluru,Former startup,,345,25.0,90.0,100,none,10,0,0,0,,,,1,1,1,1,1,1,1,,,1,,2026-09-14,2026-09-14
S0367,Zupee,Bengaluru,Mature private company,TARGET,100,81.2,100.0,100,high,6,0,6,6,,,,,,,,,1,,,,,"resolve legal_name conflict: 'Zupee Games Private Limited' vs 'Cashgrail Private Limited' (primary source, then prefer)",2026-09-15,p3-merge
S0368,Vicharak,Surat,Startup,,311,60.4,100.0,100,moderate,0,0,4,0,,,,,,,,1,1,,,,1,,2026-09-15,2026-09-15
