startup_id,raw_url_field,claim_or_fields,title
S0002,,KreditBee app lending,
S0002,,Moneyview,
S0002,,Fibe,
S0002,,Kissht,
S0002,,KrazyBee Services Private Limited (NBFC arm); tech arm Finnovation Tech Solutions Private Limited; parent Finnov Private,
S0002,,KrazyBee Services Limited (NBFC arm); Finnovation Tech Solutions Private Limited (tech arm); Finnov Private Limited (hol,
S0002,,U65100KA2016PTC086990,
S0002,,U65100KA2016PLC086990,
S0003,,PhonePe payments,
S0003,,PhonePe diversified verticals,
S0003,,PhonePe Limited (redomiciled India 2022; ex-Flipkart hive-off 2020),
S0003,,PhonePe Limited,
S0003,,"late / pre-IPO (confidential DRHP Sep 2025, UDRHP Jan 2026)",
S0003,,late / pre-IPO,
S0004,,Razorpay full-stack platform,
S0005,,Zepto quick commerce,
S0005,,Zepto Cafe,
S0005,,"Zepto Private Limited (utations: KiranaKart Technologies per RoC filings — UNVERIFIED, needs MCA check)",
S0005,,Zepto Private Limited,
S0006,UNKNOWN,Rahul Gandotra listed as founder in some sources,
S0007,,Amagi cloud platform,
S0008,,CRED app,
S0008,,Happay,
S0009,,Darwinbox HCM platform,
S0010,Tracxn/IndiaFilings/UpForge registry aggregator pages,company.incorporation_date,
S0010,Tracxn/IndiaFilings/UpForge registry aggregator pages,company.cin,
S0010,,Emergent platform,
S0011,,"Groww investment platform (stocks, mutual funds, ETFs, F&O, IPOs, digital gold, US stocks)",
S0011,,"Margin Trading Facility (MTF), personal loans via NBFC subsidiary",
S0011,,Groww Mutual Fund (Groww Asset Management),
S0011,,Zerodha,
S0011,,Angel One,
S0011,,Upstox,
S0011,,Billionbrains Garage Ventures Limited (formerly Billionbrains Garage Ventures Private Limited),
S0011,,Billionbrains Garage Ventures Limited,
S0011,,2018-01-09 (certificate 2018-01-17),
S0011,,2018-01-09,
S0011,,Public,
S0011,,Public (listed on BSE and NSE),
S0011,unknown,TPG/Tiger $213M round 2024,
S0011,unknown,conflict,
S0012,,"Conversational messaging platform (WhatsApp, RCS, SMS, Instagram, voice)",
S0012,,AI agents / Auto Bot Builder / campaign copilot / agent assist,
S0012,,Twilio,
S0012,,Infobip,
S0012,,Kore.ai,
S0012,batch b08.json,Seed city Bengaluru (batch seed),
S0013,,"Krutrim Cloud (GPU clusters, model repos, AI customer-care agents, mapping, language hub)",
S0013,,"Krutrim LLMs (Krutrim-1/2, Indic multilingual, open-sourced Feb 2025)",
S0013,,Kruti AI assistant,
S0013,,Sarvam AI,
S0013,,Private,
S0013,,Active,
S0013,,"Full-stack AI cloud infrastructure + Indic LLMs + AI apps (Kruti assistant, Krutrim Cloud); pivoted 2025-26 to AI-cloud-",
S0013,,"Full-stack AI cloud infrastructure; enterprise GPU compute; AI cloud services for telecom, FS, healthcare, logistics",
S0013,,~222-234 (early 2026; down from ~640-660 mid-2025 post-layoffs),
S0013,,150,
S0014,,"Sarvam frontier Indic models (text, speech, vision, documents)",
S0014,,Sarvam Vision (document intelligence); agentic AI platform; TTS/STT/translation APIs,
S0014,,Krutrim,
S0014,batch b08.json,Seed city Bengaluru (batch seed reports Bengaluru),
S0015,ZaubaCorp/Tracxn/FalconEbiz registry aggregator pages,company.incorporation_date,
S0015,ZaubaCorp/Tracxn/FalconEbiz registry aggregator pages,company.cin,
S0015,,HDFC Bank / Nubank (valuation comps cited),
S0015,,notice,
S0017,,"Mumbai (India HQ / ops); corporate HQ Dublin, Ireland",
S0017,,Mumbai,
S0017,,Maharashtra (ops),
S0017,,Maharashtra,
S0017,,SaaS subscription — cloud testing infrastructure/platform (manual + automated + visual + accessibility + test management,
S0017,,SaaS subscription — cloud testing infrastructure (manual + automated + visual + accessibility + test management),
S0017,,"India-ops: Mumbai HQ-country + Dublin corporate HQ; SF/NYC offices. Classify India-ops, NOT India-registered.",
S0017,,"India-ops HQ: Mumbai; Corporate domicile: Dublin, Ireland; Offices: SF, NYC",
S0017,prompt specification,"Series A $7.5M, Series B $67M, Series C $220M @ $1.4B (prompt claim)",
S0017,prompt specification,Founders include Jahangir (prompt claim),
S0018,,investor link,
S0018,,investor link,
S0018,,investor link,
S0018,,investor link,
S0018,,Dhan,
S0018,,Option Trader app,
S0018,,DhanHQ API,
S0018,,ScanX,
S0018,,Fuzz (askfuzz.ai),
S0018,,Zerodha,
S0018,,Groww,
S0018,,Raise Financial Services Pvt Ltd (operator of Dhan),
S0018,,Raise Securities Private Limited (formerly Moneylicious Securities Private Limited),
S0018,,Founder is ex-Kotak P&L (per prompt hypothesis 'Dhanish'),
S0019,,investor link,
S0019,,investor link,
S0019,,investor link,
S0019,,investor link,
S0019,,investor link,
S0019,,PharmEasy medicine delivery,
S0019,,Thyrocare (subsidiary),
S0019,,API Holdings Ltd (operator of PharmEasy),
S0019,,API Holdings Limited,
S0019,,Online pharmacy + diagnostics + telehealth marketplace,
S0019,,Online pharmacy marketplace + diagnostics (Thyrocare) + B2B pharma distribution (Ascent/Aknamed) + telehealth,
S0020,,investor link,
S0020,,investor link,
S0020,,investor link,
S0020,,investor link,
S0020,,EMI-on-UPI (no credit card required),
S0020,,ZestMoney,
S0020,,Axio,
S0020,,Simpl,
S0020,,LazyPay,
S0021,,investor link,
S0021,,investor link,
S0021,,Stocks/IPO/F&O/commodities/currency trading,
S0021,,"Fixed deposits, P2P lending, govt bonds, NCDs, gold, insurance",
S0021,,Zerodha,
S0021,,Groww,
S0021,,Angel One,
S0021,,RKSV Securities (Upstox brand),
S0021,,RKSV Securities India Private Limited,
S0021,,"Discount broking (stocks, F&O, IPO, MF) + insurance distribution; NBFC/AMC licenses sought 2026",
S0021,,"Discount broking (stocks, F&O, IPO, MF, commodities, currencies) + insurance distribution + lending/NBFC/AMC application",
S0021,,"Raghu Kumar (per Livemint Feb 2026: founded by Kumar, Raghu Kumar, and Shrinivas Viswanath)",
S0021,,Kavitha Subramanian (per TOI/company-signal per Entrackr 2024 buyback piece),
S0021,,"$3B (TOI headline, Nov 2021)",
S0021,,$3.5B (company press release per Entrackr 2024; Livemint 2026),
S0022,,insolvency,
S0022,,ruling,
S0023,,Motor insurance,
S0023,,Health & Life insurance,
S0023,,Travel insurance,
S0023,,Go Digit General Insurance,
S0023,,Policybazaar,
S0023,,InsuranceDekho,
S0024,,investigation,
S0024,,complaint,
S0025,,allegation,
S0026,,"Fireflies.ai meeting assistant (record/transcribe/summarize/action items, CRM integrations)",
S0026,,Otter.ai,
S0026,,Read AI,
S0026,,Recall.ai,
S0027,,Hasura GraphQL Engine + Hasura Cloud (instant GraphQL APIs over Postgres/existing DBs),
S0027,,Stellate,
S0027,,Strapi,
S0027,,ZettaBlock,
S0028,Tracxn/TheCompanyCheck/IndiaMART registry aggregator pages,company.incorporation_date,
S0028,Tracxn/TheCompanyCheck/IndiaMART registry aggregator pages,company.cin,
S0028,,Icertis Contract Intelligence (ICI) + Icertis Vera AI agents,
S0029,,LeadSquared sales execution + marketing automation + field-force platform,
S0029,,HubSpot,
S0029,,Salesforce,
S0029,,Zoho CRM,
S0029,,911,
S0029,,1063,
S0029,india-startup-db/enrich/leadsquared.json,"911 employees (DB estimate, May 2025)",
S0029,,FY23 revenue not separately confirmed,
S0030,"aggregator pages (Tracxn/Forge-style, low weight)",$1.34B/post-money $1.43B figures on some aggregators,
S0031,,Moneyview App,
S0031,DRHP-based reporting Mar 2026,"125.5M registered users, ~10M monetised; 42 bank/NBFC partners (Dec 2025)",
S0031,Tracxn profile,registered,
S0031,DRHP-based reports Mar 2026,FY25 net profit Rs 240cr; 9M-FY26 profit Rs 209.7-245cr variants across outlets,
S0032,,Mu Sigma Decision Sciences platform,
S0032,PitchBook profile via search,HQ,
S0032,Tracxn profile via search,ops,
S0032,PitchBook/Crunchbase profiles via search,conflict,
S0032,,Mu Sigma Inc. / Mu Sigma Business Solutions Pvt Ltd (UNVERIFIED split),
S0032,,Mu Sigma Business Solutions Private Limited,
S0032,,1936,
S0032,,3684,
S0032,,2025,
S0032,,2026-09,
S0032,,HQ Northbrook/Chicago US; founding + delivery Bengaluru,
S0032,,HQ Austin TX USA; founding + delivery Bengaluru India,
S0032,Tracxn profile via search,Priyanka Ashok listed as co-founder on Tracxn,
S0032,existing DB,"1,936 (existing DB, 2025)",
S0033,,Driver-i,
S0034,,Postman API Platform,
S0034,,"Postman, Inc.",
S0034,,Postdot Technologies Private Limited,
S0035,,financials,
S0035,,SuperSET,
S0035,,Floa,
S0035,,Zeta Prime,
S0035,,XUBE,
S0035,,notice,
S0035,YourStory 2021,$1.45Bn,
S0035,Moneycontrol 2025 (retrospective),$1.15Bn pre-money,
S0035,,Zeta Tech India (ESTIMATE: operating entity names vary; parent Zeta Services Inc.),
S0035,,Better World Technology Private Limited,
S0035,,fintech/card infra,
S0035,,fintech/banking-tech,
S0035,,UNKNOWN,
S0035,,1700,
S0036,,"Flipkart Internet Pvt Ltd (ESTIMATE: Indian operating entity; parent Flipkart Pte Ltd, Singapore — domicile shift to Ind",
S0036,,Flipkart Internet Private Limited,
S0036,,"B2C marketplace + subsidiaries (PhonePe separated 2022, Myntra, Cleartrip)",
S0036,,"B2C marketplace + subsidiaries (Myntra, Cleartrip, Flipkart Minutes, Shopsy)",
S0036,,"Walmart Inc. (~85% stake, ESTIMATE)",
S0036,,Walmart Inc. (~80.5% stake),
S0036,,"₹80,000+ Cr revenue claims (media/press)",
S0037,,person Pranjal Mishra,
S0037,,person Kartik Singal,
S0037,YourStory Sep-2025,"+57% to Rs 4,306 Cr (YourStory)",
S0037,People Matters Nov-2025,+58% (People Matters),
S0037,,SmartShift Logistics Solutions Pvt Ltd (ESTIMATE: commonly cited operating entity),
S0037,,SmartShift Logistics Solutions Pvt Ltd,
S0037,,B2B+B2C on-demand intra-city logistics marketplace,
S0037,,B2B+B2C on-demand intra-city logistics marketplace; commission-based model,
S0037,,UNKNOWN,
S0037,,2000,
S0038,TechCrunch Sep-2026,$206M (TechCrunch),
S0038,IndiaToday Sep-2026,"just over $200M / Rs 1,900 Cr (IndiaToday/News18)",
S0038,,Sorting Hat Technologies Pvt Ltd (ESTIMATE: widely cited operating entity; verify via MCA),
S0038,,Sorting Hat Technologies Pvt Ltd,
S0038,,acquired (Sep 2026),
S0038,,acquired (Sep 2026) by upGrad,
S0038,,"B2C online test-prep/subscription + offline centres (Graphy, Relevel)",
S0038,,B2C subscription test-prep + offline centres (franchise) + Airlearn language app + Graphy creator SaaS + PrepLadder medi,
S0038,,UNKNOWN,
S0038,,1000,
S0040,,Zetwerk Manufacturing Businesses Pvt Ltd (ESTIMATE: commonly cited; verify via MCA),
S0040,,Zetwerk Manufacturing Businesses Limited,
S0040,,active,
S0040,,active (IPO pipeline),
S0040,,b2b manufacturing,
S0040,,B2B contract manufacturing,
S0040,,B2B managed marketplace for contract manufacturing,
S0040,,Technology-led contract manufacturing platform connecting enterprise customers with manufacturing supplier network,
S0040,,private,
S0040,,private (IPO pending),
S0040,,operating (Bengaluru),
S0040,,operating HQ,
S0041,,Dream11,
S0041,,FanCode,
S0041,,DreamSetGo,
S0041,,Dream Capital,
S0041,,Mobile Premier League (MPL),
S0041,,My11Circle (Games24x7),
S0041,,Zupee,
S0042,,InMobi Advertising,
S0042,,Glance (+Roposo),
S0042,,U72900KA2011PTC060216,
S0042,,U72900HR2011PTC129638,
S0042,,"B2B adtech (InMobi Advertising) + consumer engine (Glance lock-screen/AI shopping, Roposo, 1Weather)",
S0042,,"B2B adtech (InMobi Advertising DSP/Exchange) + consumer engine (Glance AI shopping, Roposo, 1Weather)",
S0042,,operating (redomiciling India from Singapore; in progress Dec 2025),
S0042,,operating HQ Bengaluru; registered office Haryana (redomiciling in progress),
S0043,,Nykaa Beauty,
S0043,,Nykaa Fashion,
S0043,,Superstore (eB2B),
S0044,,Swiggy,
S0044,,Curefoods,
S0044,,EatClub (Box8),
S0044,,TRACTION,
S0044,,Rebel Foods Private Limited (formerly Faasos Food Services),
S0044,,Rebel Foods Private Limited,
S0044,,"Cloud kitchens + omnichannel (EatSure food courts, Wendy's franchise)",
S0044,,"Cloud kitchens + omnichannel (EatSure food courts, Wendy's India franchise, brand portfolio)",
S0045,,"Bengaluru (operating/brand HQ); registered office Rajnandgaon, Chhattisgarh",
S0045,,Bengaluru,
S0045,,3400-4195 (PitchBook 3400 as of 2025; Tracxn official 4195),
S0045,,3489,
S0047,,"Bengaluru, Karnataka",
S0047,,Bengaluru,
S0047,,B2B marketplace + logistics + fintech working capital + J24 retail network,
S0047,,B2B marketplace + logistics + fintech working capital + J24 retail network + GoldenEye Retail OS,
S0047,,"446 (Tracxn official) to ~1435 (Inc42, likely incl. field staff)",
S0047,,1435,
S0048,,Home Interior Designs E-commerce Pvt Ltd (India); group via Singapore,
S0048,,Livspace India Private Limited (formerly Home Interior Designs E-commerce Pvt Ltd),
S0048,,Bengaluru (HQ); Singapore domicile (reverse flip planned); ops India/Singapore/Middle East,
S0048,,Bengaluru,
S0048,,"Marketplace + services (design-to-installation fees, commissions, private label)",
S0048,,"Marketplace + services (design-to-installation fees, commissions, private label); franchise model (Livspace Studios)",
S0048,,6500 (PitchBook 2026),
S0048,,6500,
S0048,user_prompt,GNAN listed as founder in some sources,
S0049,,"Meesho Limited (listed Dec 2025; formerly Meesho Inc./Pvt Ltd; subsidiaries incl. Meesho Technologies, Meesho Grocery, M",
S0049,,Meesho Limited,
S0049,,U74900KA2015PTC082263,
S0049,,U74900KA2015PLC082263,
S0049,,2015-01-01,
S0049,,2015-08-13,
S0049,,"Bengaluru, Karnataka",
S0049,,Bengaluru,
S0049,,Commission-light marketplace (ads + logistics/Valmo fees; commission on Meesho Mall),
S0049,,"Zero-commission marketplace; revenue from logistics (Valmo), advertising (Meesho Ads), and Meesho Mall brand ads",
S0049,,2082 (Tracxn official),
S0049,,2082,
S0049,,Public (since Dec 2025 IPO),
S0049,,Public,
S0049,,https://www.meesho.com/,
S0049,prompt,Shark Tank ₹110L investment (from prompt),
S0049,N/A,No evidence found in any source,
S0051,,Roppen Transportation Services Private Limited (dba Rapido),
S0051,,Roppen Transportation Services Private Limited,
S0051,,"Bengaluru, Karnataka",
S0051,,Bengaluru,
S0051,,Mobility / road transport tech (bike taxi-led multimodal),
S0051,,Mobility / road transport tech (bike-taxi-led multimodal),
S0051,,Ride-hailing marketplace (commission on bike taxis; subscription for auto/cab; delivery + ads),
S0051,,Ride-hailing marketplace (zero-commission SaaS subscription for drivers; commission-free food delivery via Ownly; ads),
S0051,,817 (Tracxn official),
S0051,,817,
S0052,,conflict,
S0052,,conflict,
S0052,,conflict,
S0052,,conflict,
S0052,,Mohalla Tech Pvt Ltd (operator of ShareChat/Moj/QuickTV),
S0052,,Mohalla Tech Pvt Ltd,
S0052,,social media,
S0052,,social media / vernacular platforms,
S0052,,ad-supported + virtual gifting + subscriptions (QuickTV micro-drama),
S0052,,ad-supported + virtual gifting/live streaming + subscriptions (QuickTV micro-drama),
S0052,,UNKNOWN,
S0052,,1712,
S0053,,UNKNOWN,
S0053,,Apnatime Tech Private Limited,
S0053,,marketplace / SaaS hiring platform,
S0053,,marketplace / SaaS hiring platform + enterprise Voice AI,
S0053,,1605 (PitchBook profile; UNVERIFIED),
S0053,,745,
S0054,,BharatPe merchant stack,
S0055,,conflict,
S0055,,conflict,
S0055,,conflict,
S0055,,conflict,
S0055,,Delhi (batch said Bengaluru — corrected: Delhi HQ per all sources),
S0055,,Delhi,
S0055,,447 (per The Company Check; UNVERIFIED),
S0055,,500,
S0056,,conflict,
S0056,,conflict,
S0056,,conflict,
S0056,,conflict,
S0057,Economic Times/Tracxn/TheCompanyCheck registry aggregator pages,company.incorporation_date,
S0057,Economic Times/Tracxn/TheCompanyCheck registry aggregator pages,company.cin,
S0057,,Healthcare Intelligence Platform / Data Activation Platform,
S0058,,Fireflies hyperspectral satellites,
S0058,,Aurora,
S0058,,Orbital Sidekick,
S0060,Tracxn/TheCompanyCheck/FalconeBiz registry aggregator pages,company.cin,
S0060,,Avishkaar,
S0060,,PlayShifu,
S0060,,SP Robotics,
S0061,,Whisper (P&G),
S0061,,Stayfree (Kenvue),
S0061,,Sofy (Unicharm),
S0061,,Pee Safe,
S0061,,U24299HR2019PTC079977,
S0061,,U24290MH2016PTC288629,
S0061,,"D2C + omnichannel retail (e-commerce, quick commerce, offline; Apollo Pharmacy, Wellness Forever)",
S0061,,"D2C + omnichannel retail (e-commerce, quick commerce, offline; Amazon, Nykaa, Zepto, Swiggy Instamart, Myntra M-Now)",
S0062,,PharmEasy,
S0062,,Tata 1mg,
S0062,,Intellihealth Solutions Private Limited (alias per LinkedIn),
S0062,,Intellihealth Solutions Private Limited,
S0062,,U85320MH2019PTC320566,
S0062,,U62099MH2019PTC320566,
S0062,,2019,
S0062,,2019-02-01,
S0063,,"Tech-led affordable housing finance (AI underwriting, alternative data); acquisition-led scale",
S0063,,"Tech-led affordable housing finance (AI underwriting, alternative data); acquisition-led scale (CIHL 100%, Centrum HFL 7",
S0064,,conflict,
S0064,,conflict,
S0064,,brokerage-free listings + subscriptions + home/financial services,
S0064,,"brokerage-free listings + subscriptions + financial services (home loans) + home services (packers & movers, interiors, ",
S0064,,1001-5000 (Crunchbase range; UNVERIFIED),
S0064,,1001-5000,
S0065,,Vikram-1,
S0065,,Vikram-2,
S0066,,conflict,
S0066,,conflict,
S0066,,conflict,
S0066,,conflict,
S0066,,UNKNOWN,
S0066,,Digantara Research and Technologies Private Limited,
S0066,,space situational awareness data + satellite constellation (defence/gov + commercial operators),
S0066,,space surveillance data + satellite constellation (defence/gov + commercial operators),
S0066,,UNKNOWN,
S0066,,125,
S0067,,Dream Sports (Dream11/My11Circle rival context),
S0067,,MPL,
S0067,,Winzo,
S0067,,Head Digital Works (A23),
S0067,,active (distressed pivot — RMG banned Aug 2025),
S0067,,active (distressed pivot — RMG banned Aug 2025; free-to-play exploration),
S0067,,gaming (real-money skill gaming),
S0067,,Sports Tech / Gaming (real-money skill gaming),
S0067,,Real-money skill gaming (now suspended) → pivoting to free-to-play; ad/subscription/IAP exploration,
S0067,,"Real-money skill gaming (RummyCircle, My11Circle) → suspended Aug 2025; pivoting to free-to-play, ad/subscription/IAP",
S0068,,person Shantanu Dutta,
S0068,,Hella Infra Market Private Limited,
S0068,,Hella Infra Market Limited,
S0068,,2016-08-01,
S0068,,2016-07-15,
S0068,,active private,
S0068,,active private (pre-IPO via Shalimar Paints reverse listing),
S0069,https://platform.tracxn.com/a/d/company/62b3091ceac61421544873d1/kinara ai,FUNDING,
S0069,,investor link,
S0069,,investor link,
S0069,https://platform.tracxn.com/a/d/company/62b3091ceac61421544873d1/kinara ai,$36M total (Tracxn snippet),
S0070,,investor link,
S0070,,investor link,
S0070,,Navi Technologies Ltd / Navi Group (Navi Finserv NBFC arm),
S0070,,Navi Limited (formerly Navi Technologies Limited),
S0070,,"B2C fintech superapp (lending, insurance, MF, UPI)",
S0070,,"B2C fintech superapp (lending via NBFC arm, UPI payments, insurance, mutual funds)",
S0070,,1737,
S0070,,3398,
S0070,,"Digital-first financial services holding company offering personal loans, home loans, LAP, UPI payments, health insuranc",
S0071,,investor link,
S0071,,investor link,
S0071,,investor link,
S0071,,investor link,
S0071,,6 founders including Sachin Jose,
S0072,,Paytm / PhonePe (cited as competitors in Reuters DRHP coverage),
S0072,,Stripe (CEO-cited closest global comparable),
S0072,None,arbitration,
S0072,,L67100HR1998PLC113312,
S0072,,U67100HR1998PLC113312,
S0072,,operating,
S0072,,Public (listed),
S0072,,Uttar Pradesh / Haryana,
S0072,,Uttar Pradesh,
S0073,,investor link,
S0073,,investor link,
S0073,,investor link,
S0073,,investor link,
S0073,,investor link,
S0074,,investor link,
S0074,,investor link,
S0074,,investor link,
S0074,,investor link,
S0074,,investor link,
S0075,,investor link,
S0075,,investor link,
S0075,,investor link,
S0075,,investor link,
S0075,,investor link,
S0075,,investor link,
S0075,,TRACTION,
S0075,,"B2C hardware (Ring Air/Pro, M1 CGM) + subscription software (PowerPlugs)",
S0075,,"B2C hardware (Ring AIR/PRO, M1/M2 Live CGM, Home) + subscription software (PowerPlugs, UltrahumanX) + blood testing (Blo",
S0075,enrich/ultrahuman.json,$120M (original DB value),
S0075,enrich/ultrahuman.json,"enrich/ultrahuman.json states 'subsidiary: LazyCo (Pune, 2017)'",
S0075,enrich/ultrahuman.json,enrich/ultrahuman.json lists only Mohit Kumar and Vatsal Singhal,
S0075,enrich/ultrahuman.json,Prior DB note mentions Chainalytics,
S0076,,person Nathan Ingleby,
S0076,,person Naama Raz,
S0076,,person Vishakha Suresh,
S0076,,RTD bottled coffee,
S0076,,"ACTIVE — Rs 408 crore (~$43M) round led by WestBridge Capital announced Aug 2026; 240+ cafes, targeting 320 by FY-end",
S0076,,ACTIVE,
S0076,,"ACTIVE — Rs 408 crore (~$43M) round led by WestBridge Capital announced Aug 2026; 240+ cafes, targeting 320 by FY-end",
S0076,,"ACTIVE — Private; Rs 408 crore (~$43M) round led by WestBridge Capital announced Aug 2026; ~240 cafes per Mint, 75+ per ",
S0076,,"ACTIVE — Rs 408 crore (~$43M) round led by WestBridge Capital announced Aug 2026; 240+ cafes, targeting 320 by FY-end",
S0076,,"ACTIVE — Series D Rs 408 crore (~$43M) round led by WestBridge Capital completed Aug 24, 2026; ~240 cafes, targeting 320",
S0076,,"India's homegrown coffee QSR chain operating 204+ cafes across 13+ cities; sells packaged coffee beans, easy coffee bags",
S0076,,Growth (Series C+),
S0076,,Growth (Series D),
S0078,,Square Yards Consulting Pvt Ltd (UNVERIFIED legal suffix),
S0078,,Square Yards Consulting Private Limited,
S0085,,"OFB Tech Pvt Ltd (converted to OFB Tech Ltd, public limited, per IPO reports)",
S0085,,OFB Tech Limited (formerly OFB Tech Pvt Ltd),
S0085,,operating,
S0085,,operating (IPO-bound),
S0085,,B2B commerce + embedded NBFC lending (Oxyzo) + SaaS tools,
S0085,,"B2B raw material procurement marketplace + embedded NBFC lending (Oxyzo) + SaaS (BidAssist, Nexizo)",
S0087,,ACTIVE — $24M round led by Bertelsmann India Investments reported Sep 2026; $38M Series B announced Mar 2026 (company bl,
S0087,,ACTIVE,
S0087,,Foodtech / 10-min food delivery,
S0087,,Foodtech / 10-minute food delivery,
S0087,,"B2C end-to-end foodtech: owns kitchens, ordering app, last-mile; 10-min fresh food in ~1km radius",
S0087,,"B2C full-stack food delivery: owns neighbourhood kitchens (Delight Centers), proprietary technology, last-mile delivery;",
S0090,,2019 (legal entity Teacher Tools Pvt Ltd; CIN per Tracxn legal-entity page),
S0090,,2019-08-22,
S0092,,UNKNOWN,
S0092,,U63013MH2020PTC350653,
S0092,,UNKNOWN,
S0092,,2020-11-24,
S0092,,https://www.akasaair.com,
S0092,prompt,Bengaluru (prompt states Bengaluru HQ),
S0093,,investor link,
S0093,,Nawabi,
S0093,,KaiGunas,
S0093,,No IPO/DRHP filed,
S0093,,"full-stack multi-brand cloud kitchens (own procurement, prep, last-mile delivery)",
S0093,,"full-stack multi-brand cloud kitchen (own procurement, prep, last-mile delivery)",
S0093,,https://www.eatclub.com,
S0093,,https://www.box8.in,
S0094,,edtech exec education,
S0094,,edtech executive education,
S0094,,exec-education programs with 80+ global universities; enterprise + government cohorts,
S0094,,Blended executive education programs with 80+ global universities; enterprise/government L&D; consumer enrolments,
S0095,batch s1_02.json status_hint,L'Oreal deal valuation ~$350-450M (batch hint),
S0095,,active (acquired-but-operating),
S0095,,active (acquired-majority),
S0096,NOT_FOUND,"Acrew Capital, WestBridge, Omidyar Network (prompt-specified; not found in any source)",
S0100,None,FUNDING,
S0100,,Nykaa,
S0100,,ZMUM,
S0100,,active (listed),
S0100,,active (listed on NSE/BSE since Sep 7 2026),
S0100,,omnichannel luxury retail (Pernia's Pop-Up Shop/Stuido + owned brands),
S0100,,omnichannel luxury fashion retail (multi-brand designer platform + owned brands),
S0100,,public (listed Sep 2026; was private at research cut),
S0100,,public (listed Sep 2026),
S0100,,haircare/beauty D2C (prompt suggestion),
S0104,,Series A,
S0104,,Series A1,
S0106,,Multi-brand cloud kitchens + QSR dine-in/kiosks; brand incubation,
S0106,,Multi-brand cloud kitchen + QSR dine-in/kiosks; brand incubation via acquisition,
S0107,batch s1_04.json,Batch manifest city = Bengaluru,
S0108,batch s1_05.json,Batch manifest + operating signals: Bengaluru,
S0108,,Bengaluru,
S0108,,Hyderabad,
S0108,,Karnataka,
S0108,,Telangana,
S0108,enrich/edubuk.json,"Existing DB: Bengaluru, Karnataka",
S0109,,GreenHorn Pvt Ltd (operating entity per founder profile),
S0109,,Greenhorn Wellness Private Limited,
S0109,,gaming livestream / social entertainment / micro-drama,
S0109,,social entertainment / live streaming / micro-drama,
S0109,,B2C/B2B2C live social entertainment; micro-drama OTT (Story TV) subscriptions + virtual gifting,
S0109,,"B2C live social entertainment; virtual gifting, subscriptions (Story TV), advertising, brand partnerships",
S0110,,"Omnichannel D2C: silver + 14/18K gold + lab-grown diamonds; online + 150-210 stores, franchise-led",
S0110,,Omnichannel D2C: 925 silver + 14/18K gold + lab-grown diamonds; online + franchise-led stores,
S0110,user_prompt,Prompt suggests Chennai as possible HQ,
S0111,,founder UNKNOWN,
S0112,,investor link,
S0112,,investor link,
S0112,,investor link,
S0112,,investor link,
S0112,,investor link,
S0112,,investor link,
S0112,,investor link,
S0112,,investor link,
S0112,,investor link,
S0112,,investor link,
S0112,Tracxn recent-news snippet,DPIIT — manufacturing startup growth initiative (Dec 2024),
S0112,,OfBusiness,
S0112,,Infra.Market,
S0112,,Zetwerk,
S0112,,Udaan,
S0112,Tracxn recent-news snippet,HIRING,
S0112,Tracxn recent-news snippet (ET Manufacturing Today link),DPIIT and Moglix join forces to foster growth of manufacturing startups,
S0112,Tracxn recent-news snippet,Launches biofuels as new category,
S0112,seed-prompt (no URL),Seed prompt: Series F ~$145M at $895M (2022); investors incl. Tencent/Hillhouse/Zero31/Aminav,
S0118,,"Jan 13, 2020",
S0118,,2020-01-13,
S0118,,Social investment platform with SEBI-registered advisors; gamified virtual trading; AI research assistant (Stoxo),
S0118,,Social investment platform with SEBI-registered advisors; gamified virtual trading; AI research assistant (Stoxo); B2B i,
S0118,,62,
S0118,,211,
S0118,USER_PROMPT,IIT graduate (prompt claim),
S0119,,person Matteo Del Sorbo,
S0119,N/A,person Aprameya Radhakrishna,
S0119,N/A,person Harinthy,
S0119,N/A,complaint,
S0119,,"Yulu partners with Zepto to deploy 20,000 EVs",
S0119,,Yulu launches Yulu Wynn for consumer purchase,
S0119,,Mobility-as-a-Service (MaaS) / EV sharing + BaaS,
S0119,,MaaS / EV sharing + BaaS + B2B gig-worker rentals,
S0119,,238,
S0119,,1405,
S0119,,"2nd Floor, Etamin Block (Wing A), Prestige Tech Park, Kadubeesanahalli, Bengaluru, Karnataka 560103",
S0119,,"Exora Business Park/Prestige Tech Park II, 2nd Floor, Wing A, Bellandur Khane Village, Outer Ring Road, Bengaluru - 5601",
S0119,,"238 (enrich/yulu.json, 2024)",
S0119,,"1,405 (MCA as of Apr 2026)",
S0119,,$173M post-money (PitchBook),
S0119,,$170M post-money (CBInsights),
S0119,,Aprameya Radhakrishna + MCart mentioned as founder,
S0119,,"No evidence; all credible sources list Amit Gupta, RK Misra, Naveen Dachuri, Hemant Gupta as original founders",
S0119,,Since April 2025 (VCCircle),
S0119,,Q2 FY25 = Jul-Sep 2024 (Business Today),
S0120,,"Soham, Inc. (also known as ManageMySpa)",
S0120,,"Soham, Inc.",
S0120,,UNKNOWN,
S0120,,U72300TG2015PTC097184,
S0120,,UNKNOWN,
S0120,,2015-01-08,
S0120,,"B2B SaaS (subscription) for beauty, fitness, wellness businesses",
S0120,,"B2B SaaS subscription for beauty, wellness, fitness businesses",
S0120,,"Bellevue, Washington, USA; India office: Hyderabad, Telangana",
S0120,,"RMZ Futura, Block A Plot No 14 & 15, Hitech city, Phase 2, Hyderabad, Telangana, India - 500081",
S0123,,person Surianarayanan,
S0123,,"Mumbai, Maharashtra, India",
S0123,,"601, 6th Floor, Ackruti Trade Center, MIDC, Number 7, Andheri East, Mumbai, Maharashtra, India, 400069",
S0123,,D2C Ecommerce (skincare products) + marketplace,
S0123,,D2C Ecommerce (skincare + bodycare) + marketplace; ~95% online revenue,
S0123,,314,
S0123,,376,
S0125,,proptech / workforce housing,
S0125,,workforce housing / proptech,
S0125,P3-WAVE prompt,aerospace composites/DFR (P3-WAVE prompt),
S0126,https://www.snitch.com (existing enrich/snitch.json),2018,
S0128,,"B2B AI-native lending lifecycle software for banks/NBFCs (collections, underwriting)",
S0128,,"B2B AI-native lending lifecycle SaaS (collections, underwriting, risk)",
S0128,task_prompt,EV charging/battery intelligence,
S0130,None,FUNDING,
S0130,,person Ashish Gupta,
S0130,,person Kapil Garg,
S0130,,B2C/B2B2C — manufacture + sale of electric two-wheelers,
S0130,,B2C/B2B2C — manufacture + sale of electric two-wheelers; subsidiary of RR Global,
S0132,,Batch city: Bengaluru,
S0134,,RevenueWorks,
S0134,task_prompt,$50M raised in 2021 (per task prompt),
S0134,task_prompt,$60M raised in 2022 (per task prompt),
S0134,task_prompt,$1.3B valuation (per task prompt),
S0134,enrich/chargebee.json,Chennai (per existing enrich/chargebee.json),
S0135,,B2B logistics services,
S0135,,B2B logistics services (3PL express parcel + PTL + supply chain),
S0138,,person Sandeep,
S0138,,OYO Workstation,
S0138,,investigation,
S0138,,Active,
S0138,,"Active, Pre-IPO",
S0138,,B2B2C marketplace + company-serviced hotels,
S0138,,B2B2C marketplace + company-serviced hotels + asset management,
S0138,,https://www.oyorooms.com/,
S0141,None,"Fresh issue Rs 472 Cr + OFS Rs 1,428 Cr; total Rs 1,900 Cr",
S0141,None,Founders sold shares worth Rs 780 Cr ahead of DRHP,
S0144,,gaming/web3 distribution protocol,
S0144,,verified distribution protocol / AI data,
S0144,,B2B verified user-distribution protocol; revenue from partner acquisition/loyalty programs,
S0144,,"B2B verified user-distribution protocol; revenue from partner acquisition/loyalty programs, AI data labeling, and tokeno",
S0144,,https://kgen.io,
S0145,,person Apoorva Ashram,
S0145,,person Mayank Sinha,
S0145,,B2B Skilling,
S0145,prompt instruction,Apoorva Ashram/Mayank Sinha (prompt-suggested names),
S0146,,UNKNOWN,
S0146,,U21001KA2024PTC194702,
S0146,,"B2B R&D drug discovery; preclinical/clinical pipeline, partnerships",
S0146,,"B2B R&D drug discovery; preclinical/clinical pipeline, POC-driven partnerships",
S0148,,U82990KA2024PTC195320 (per company blog footer; verify via MCA),
S0148,,U82990KA2024PTC195320,
S0148,,Inventory-led omnichannel travel-gear retail (own + partner brands),
S0148,,"Inventory-led omnichannel travel-gear retail (own + partner brands: HRX, Snitch, Rare Rabbit)",
S0149,IndiaFilings,company.legal_name,
S0149,IndiaFilings,company.founded_date,
S0149,IndiaFilings,company.incorporation_date,
S0149,"ET, Infomerics",company.status,
S0149,batch,company.primary_sector,
S0149,"Tracxn, ET",company.business_model,
S0149,IndiaFilings,company.cin,
S0149,"Tracxn, Inc42",company.startup_stage,
S0149,"IndiaFilings, Tracxn",company.public_private,
S0149,,financials,
S0149,,financials,
S0149,,financials,
S0149,,financials,
S0149,,financials,
S0150,"Tracxn, MCA",company.legal_name,
S0150,"Tracxn, MCA",company.founded_date,
S0150,"Tracxn, MCA",company.incorporation_date,
S0150,"Tracxn, MCA",company.status,
S0150,batch,company.primary_sector,
S0150,"Tracxn, Entrackr",company.business_model,
S0150,"Tracxn, TheCompanyCheck",company.cin,
S0150,Tracxn,company.startup_stage,
S0150,"Tracxn, MCA",company.public_private,
S0150,,financials,
S0150,,financials,
S0151,Tofler,company.legal_name,
S0151,"MCA (Tofler, TheCompanyCheck)",company.founded_date,
S0151,Tofler,company.incorporation_date,
S0151,"Tofler, MCA",company.status,
S0151,batch,company.primary_sector,
S0151,Tracxn,company.business_model,
S0151,"Tofler, TheCompanyCheck",company.cin,
S0151,Tracxn,company.startup_stage,
S0151,"Tracxn, MCA",company.public_private,
S0151,,financials,
S0151,,financials,
S0152,Tracxn,company.legal_name,
S0152,"Tracxn, Entrackr",company.founded_date,
S0152,Tracxn,company.incorporation_date,
S0152,"Infineon PR, Times of India",company.status,
S0152,batch,company.primary_sector,
S0152,Infineon PR,company.business_model,
S0152,Tracxn,company.cin,
S0152,"Tracxn, Infineon PR",company.startup_stage,
S0152,Tracxn,company.public_private,
S0152,,financials,
S0152,,financials,
S0153,Tracxn,company.legal_name,
S0153,Tracxn,company.founded_date,
S0153,Tracxn,company.incorporation_date,
S0153,"Tracxn, LinkedIn",company.status,
S0153,batch,company.primary_sector,
S0153,Tracxn,company.business_model,
S0153,,financials,
S0153,,financials,
S0153,,financials,
S0153,Tracxn,10-04-2015,
S0153,,2015-04-09,
S0153,batch,robotics vision,
S0153,,robotics vision / industrial automation,
S0153,Tracxn,AI-based robotic vision solutions (Object Intelligence platform) for industrial robotics,
S0153,,Hardware-led robotics systems with Object Intelligence software stack; B2B manufacturing automation,
S0154,tracxn.com/d/legal-entities/india/skydo-technologies-private-limited,company.legal_name,
S0154,skydo.com/about-us,company.founded_date,
S0154,skydo.com/about-us,company.incorporation_date,
S0154,startupwired.com/2026/08/13/skydo-crosses-1-billion-in-annual-payment-volume/,company.status,
S0154,batch s2_06,company.primary_sector,
S0154,skydo.com,company.business_model,
S0154,batch s2_06,company.hq_type,
S0154,tracxn.com,company.registered_office,
S0154,linkedin.com/company/skydo-official,company.employee_estimate,
S0154,tracxn.com/d/companies/skydo,company.cin,
S0154,tracxn.com/d/companies/skydo,company.startup_stage,
S0154,tracxn.com,company.public_private,
S0154,tracxn.com,company.state,
S0154,tracxn.com,company.country,
S0154,batch s2_06,hq,
S0154,tracxn.com,registered_office,
S0154,unknown,Ashank Dubey + Samak Goel,
S0155,tracxn.com/d/legal-entities/india/smart-joules-private-limited,company.legal_name,
S0155,tracxn.com/d/legal-entities/india/smart-joules-private-limited,company.founded_date,
S0155,tracxn.com/d/legal-entities/india/smart-joules-private-limited,company.incorporation_date,
S0155,batch s2_06,company.primary_sector,
S0155,thecompanycheck.com,company.dpiit_recognized,
S0155,tracxn.com/d/legal-entities/india/smart-joules-private-limited,company.cin,
S0155,tracxn.com,company.startup_stage,
S0155,tracxn.com,company.public_private,
S0155,tracxn.com/d/legal-entities/india/smart-joules-private-limited,Delhi/New Delhi,
S0155,batch s2_06,Bengaluru,
S0156,tracxn.com/d/legal-entities/india/vervesemi-microelectronics-private-limited,company.legal_name,
S0156,tracxn.com/d/legal-entities/india/vervesemi-microelectronics-private-limited,company.founded_date,
S0156,tracxn.com/d/legal-entities/india/vervesemi-microelectronics-private-limited,company.incorporation_date,
S0156,tracxn.com/d/legal-entities/india/vervesemi-microelectronics-private-limited,Greater Noida,
S0156,batch s2_06,Bengaluru,
S0156,tracxn.com/d/legal-entities/india/vervesemi-microelectronics-private-limited,Jun 8 2017,
S0156,,2017-06-08,
S0156,tracxn.com/d/legal-entities/india/vervesemi-microelectronics-private-limited,Greater Noida (Bengaluru R&D),
S0156,,Greater Noida,
S0156,batch s2_06,semiconductor motor control,
S0156,,semiconductor design (analog/mixed-signal ICs),
S0156,vervesemi.com,"Fabless semiconductor company; ML-enhanced analog signal chain ICs for industrial, smart energy, motor control, avionics",
S0156,,"Fabless semiconductor company designing precision analog signal chain ICs for energy, automotive, industrial, space and ",
S0156,,"Fabless semiconductor design; IP licensing, custom design services, own chip sales",
S0157,businesstoday.in,company.legal_name,
S0157,batch s2_06,company.founded_date,
S0157,inc42.com/buzz/butterfly-learnings-raises-%E2%82%B965-cr-to-scale-neurodivergent-care-network/,FUNDING,Butterfly Learnings Raises ₹65 Cr To Scale Neurodivergent Care Network
S0157,inc42.com/buzz/butterfly-learnings-raises-%E2%82%B965-cr-to-scale-neurodivergent-care-network/,investor link,
S0157,inc42.com/buzz/butterfly-learnings-raises-%E2%82%B965-cr-to-scale-neurodivergent-care-network/,investor link,
S0157,inc42.com/buzz/butterfly-learnings-raises-%E2%82%B965-cr-to-scale-neurodivergent-care-network/,investor link,
S0157,entrepreneur.economictimes.indiatimes.com,₹755 Cr post-money,
S0157,inc42.com/buzz/sugar-cosmetics-raises-%E2%82%B9145-cr-from-a91-at-a-near-80-valuation-cut/,₹550-600 Cr post-money,
S0157,businesstoday.in,"Full-stack paediatric behavioural health platform for neurodivergent children; clinical therapy, inclusive schooling, di",
S0157,,"India's first full-stack paediatric behavioural health platform for neurodivergent children, combining clinical therapy,",
S0158,moneycontrol.com,company.legal_name,
S0158,moneycontrol.com,company.founded_date,
S0158,moneycontrol.com,company.incorporation_date,
S0158,moneycontrol.com,company.status,
S0158,batch s2_06,company.primary_sector,
S0158,startupfox.in,company.business_model,
S0158,batch s2_06,company.hq_type,
S0158,moneycontrol.com,company.startup_stage,
S0158,moneycontrol.com,company.public_private,
S0158,batch s2_06,company.state,
S0158,batch s2_06,company.country,
S0158,moneycontrol.com,Offline retail expansion,Sugar Cosmetics raises Rs 144.5 crore from A91 Partners at sharp valuation cut
S0158,,person Ashish Dikshit,
S0158,,person Ankit,
S0158,moneycontrol.com,investor link,
S0158,inc42.com/buzz/sugar-cosmetics-raises-%E2%82%B9145-cr-from-a91-at-a-near-80-valuation-cut/,investor link,
S0158,inc42.com/buzz/sugar-cosmetics-raises-%E2%82%B9145-cr-from-a91-at-a-near-80-valuation-cut/,investor link,
S0158,inc42.com/buzz/sugar-cosmetics-raises-%E2%82%B9145-cr-from-a91-at-a-near-80-valuation-cut/,investor link,
S0158,,AROMAE,
S0158,,COCUN,
S0158,batch s2_06,hq,
S0158,,registered_office,
S0158,,TRACTION,
S0158,moneycontrol.com,Sugar Cosmetics (private limited),
S0158,,VS Works Pvt Ltd,
S0158,Task prompt,Task prompt states SUGAR + AROMAE + COCUN + brush lines exist,
S0158,Multiple sources searched,No evidence of AROMAE or COCUN on website or in any search results,
S0159,,LEGAL_REGULATORY,
S0159,,Bengaluru,
S0159,,Singapore,
S0159,,ai ecommerce growth,
S0159,,AI commerce / e-commerce analytics,
S0161,,https://www.agranilabs.com,
S0161,task_prompt,Srikanth Sundararajan listed as potential founder in task prompt,
S0164,,ACTIVE — raised $4M Sep 2026,
S0164,,ACTIVE,
S0164,,fintech / B2B pharma,
S0164,,fintech / B2B pharma distribution,
S0164,,B2B pharma distribution + embedded credit,
S0164,,"B2B pharma distribution platform with embedded credit, commerce (FundlyMart), and payments/settlement infrastructure",
S0164,user prompt,AI/finance,
S0165,,ACTIVE — $15M Series B Jun 2026,
S0165,,ACTIVE,
S0165,,B2B cyber-resilience SaaS + SOC services,
S0165,,B2B cyber-resilience SaaS + SOC services + cyber insurance brokerage,
S0167,,person Somesh Dash,
S0167,,"ACTIVE — Rs 1255.57cr IPO Sep 9-11 2026, 72.88x subscribed; allotment Sep 15",
S0167,,"ACTIVE — listed on NSE/BSE from Sep 17, 2026",
S0167,,furniture rental / consumer services,
S0167,,furniture and appliance rental / consumer subscription,
S0167,,furniture/appliance rental subscription,
S0167,,"D2C subscription-based rental of furniture, appliances, and home essentials",
S0167,,public (listing Sep 2026),
S0167,,public,
S0169,IPO filings,company.legal_name,
S0169,Failory Gurgaon list,company.founded_date,
S0169,Not found in search results,company.incorporation_date,
S0169,"pv magazine India, Fortune India",company.primary_sector,
S0169,Fortune India,company.business_model,
S0169,Not found in search results,company.cin,
S0169,Fortune India,company.startup_stage,
S0169,Fortune India,company.public_private,
S0170,pv magazine India,company.legal_name,
S0170,pv magazine India,company.founded_date,
S0170,pv magazine India,company.incorporation_date,
S0170,pv magazine India,company.primary_sector,
S0170,pv magazine India,company.business_model,
S0170,Not found in search results,company.cin,
S0170,pv magazine India,company.startup_stage,
S0170,pv magazine India,company.public_private,
S0171,IPO filings,company.legal_name,
S0171,MarkHub24,company.founded_date,
S0171,MarkHub24,company.incorporation_date,
S0171,"batch file, Inventiva",company.primary_sector,
S0171,Inventiva,company.business_model,
S0171,Not found in search results,company.cin,
S0171,TechCrunch,company.startup_stage,
S0171,TechCrunch,company.public_private,
S0172,Entrackr (RoC filing),company.legal_name,
S0172,Entrackr,company.founded_date,
S0172,Entrackr,company.incorporation_date,
S0172,"foundersday, Entrackr",company.primary_sector,
S0172,"foundersday, Entrackr",company.business_model,
S0172,Not found in search results,company.cin,
S0172,Entrackr,company.startup_stage,
S0172,Entrackr,company.public_private,
S0173,Inc42,company.legal_name,
S0173,Inc42,company.founded_date,
S0173,Inc42,company.incorporation_date,
S0173,Inc42,company.primary_sector,
S0173,Inc42,company.business_model,
S0173,Not found in search results,company.cin,
S0173,Inc42,company.startup_stage,
S0173,Inc42,company.public_private,
S0179,LinkedIn,company.legal_name,
S0179,ET,company.founded_date,
S0179,LinkedIn,company.status,
S0179,ET,company.primary_sector,
S0179,not found,company.cin,
S0179,Tracxn,company.startup_stage,
S0179,LinkedIn,company.public_private,
S0179,,"founder {'v': 'Monil Singhal', 'role': 'co-founder', 'type': 'co-founder', 'confidence': 0.95, 'src': 'ET'}",
S0179,,"founder {'v': 'Puneet Arora', 'role': 'co-founder', 'type': 'co-founder', 'confidence': 0.95, 'src': 'ET'}",
S0179,,"founder {'v': 'Ankit Gupta', 'role': 'co-founder', 'type': 'co-founder', 'confidence': 0.95, 'src': 'ET'}",
S0179,,Truva platform,
S0179,,HIRING,
S0179,,TRACTION,
S0179,,TRACTION,
S0180,LinkedIn,company.legal_name,
S0180,tsavoritesi.com,company.founded_date,
S0180,"ET,Reuters",company.status,
S0180,ET,company.primary_sector,
S0180,US-incorporated,company.cin,
S0180,ET,company.startup_stage,
S0180,LinkedIn,company.public_private,
S0180,,"founder {'v': 'Shalesh Thusoo', 'role': 'Founder, CEO', 'type': 'founder', 'background': 'Former Intel/chip veteran', 'confidence': 0.9, 'src': 'tsavoritesi.com'}",
S0180,,"founder {'v': 'Guntram Wolski', 'role': 'Co-Founder, CDD', 'type': 'co-founder', 'confidence': 0.85, 'src': 'tsavoritesi.com'}",
S0180,,"founder {'v': 'Mike Uhler', 'role': 'Co-Founder, COO', 'type': 'co-founder', 'confidence': 0.85, 'src': 'tsavoritesi.com'}",
S0180,,"founder {'v': 'Sarvagya Kochak', 'role': 'CTO', 'type': 'co-founder', 'confidence': 0.8, 'src': 'tsavoritesi.com'}",
S0180,,"founder {'v': 'Shirish Seetharam', 'role': 'Co-Founder, VP BD', 'type': 'co-founder', 'confidence': 0.8, 'src': 'tsavoritesi.com'}",
S0180,,"founder {'v': 'Chandra Joshi', 'role': 'Co-Founder, VP SW', 'type': 'co-founder', 'confidence': 0.8, 'src': 'tsavoritesi.com'}",
S0180,,Omni Processing Unit (OPU),
S0180,,Agentic Operating Stack (TAOS),
S0180,,HIRING,
S0180,,TRACTION,
S0180,,TRACTION,
S0181,Tracxn,company.legal_name,
S0181,Tracxn,company.founded_date,
S0181,Tracxn,company.incorporation_date,
S0181,"ET,CNBC",company.status,
S0181,ET,company.primary_sector,
S0181,Tracxn,company.cin,
S0181,CNBC,company.startup_stage,
S0181,CNBC,company.public_private,
S0181,,"founder {'v': 'Devansh Jain', 'role': 'Executive Director', 'type': 'executive', 'background': 'INOXGFL Group', 'confidence': 0.85, 'src': 'ET'}",
S0181,,"person {'v': 'Devansh Jain', 'position': 'Executive Director', 'start': '2026', 'source_url': 'https://economictimes.indiatimes.com/industry/renewables/inox-clean-energy-powers-into-top-three-with-rs-",
S0181,,financials,
S0181,,financials,
S0181,,financials,
S0181,,Inox Neo,
S0181,,Inox Solar,
S0181,,HIRING,
S0181,,TRACTION,
S0181,,TRACTION,
S0181,,TRACTION,
S0182,Tracxn,company.legal_name,
S0182,Tracxn,company.founded_date,
S0182,Tracxn,company.incorporation_date,
S0182,"Inc42,TechCrunch",company.status,
S0182,Inc42,company.primary_sector,
S0182,Tracxn,company.cin,
S0182,TechCrunch,company.startup_stage,
S0182,Tracxn,company.public_private,
S0182,,"founder {'v': 'Vivek Mishra', 'role': 'co-founder', 'type': 'co-founder', 'background': 'PhD robotics, aerospace engineering', 'confidence': 0.9, 'src': 'Inc42'}",
S0182,,"founder {'v': 'Vikash Mishra', 'role': 'co-founder', 'type': 'co-founder', 'background': 'PhD aerospace engineering, advanced materials', 'confidence': 0.9, 'src': 'Inc42'}",
S0182,,"founder {'v': 'Nitin Katiyar', 'role': 'co-founder', 'type': 'co-founder', 'confidence': 0.8, 'src': 'CARE Ratings'}",
S0182,,"person {'v': 'Amitabh Kant', 'position': 'Additional Director', 'start': '2025-12-08', 'source_url': 'https://www.thecompanycheck.com/company/raphe-mphibr-private-limited/U26990UP2017PTC095246', 'conf",
S0182,,"person {'v': 'Varun Garg', 'position': 'Director', 'source_url': 'https://www.thecompanycheck.com/company/raphe-mphibr-private-limited/U26990UP2017PTC095246', 'confidence': 0.8}",
S0182,,financials,
S0182,,financials,
S0182,,financials,
S0182,,financials,
S0182,,Bharat,
S0182,,mR10,
S0182,,mR20,
S0182,,mR10-IC,
S0182,,Long-endurance UAV,
S0182,,HIRING,
S0182,,HIRING,
S0182,,TRACTION,
S0182,,TRACTION,
S0182,,TRACTION,
S0183,LinkedIn,company.legal_name,
S0183,Wikipedia,company.founded_date,
S0183,Wikipedia,company.incorporation_date,
S0183,"Freepressjournal,Laffaz",company.status,
S0183,Wikipedia,company.primary_sector,
S0183,batterysmart.in/aboutUs,company.cin,
S0183,Laffaz,company.startup_stage,
S0183,Laffaz,company.public_private,
S0183,,"founder {'v': 'Pulkit Khurana', 'role': 'co-founder', 'type': 'co-founder', 'background': 'IIT Kanpur alumnus', 'confidence': 0.95, 'src': 'Wikipedia'}",
S0183,,"founder {'v': 'Siddharth Sikka', 'role': 'co-founder', 'type': 'co-founder', 'background': 'IIT Kanpur alumnus', 'confidence': 0.95, 'src': 'Wikipedia'}",
S0183,,financials,
S0183,,financials,
S0183,,financials,
S0183,,financials,
S0183,,financials,
S0183,,Battery swapping network,
S0183,,Swapping stations,
S0183,,HIRING,
S0183,,TRACTION,
S0183,,TRACTION,
S0183,,TRACTION,
S0183,,TRACTION,
S0183,,TRACTION,
S0185,,Bengaluru,
S0185,,Gurugram,
S0185,,travel villas,
S0185,,luxury villa management,
S0185,,tech-driven luxury villa management platform,
S0185,,asset-light villa management platform,
S0185,https://india-startup-db/enrich/elivaas.json,"2 rounds (Seed/Series A, Series B)",
S0189,,investor link,
S0189,,investor link,
S0189,,investor link,
S0189,,investor link,
S0189,,investor link,
S0191,,investor link,
S0191,,investor link,
S0191,,investor link,
S0191,,investor link,
S0191,,investor link,
S0191,,Optical Ground Stations,
S0191,,Optical Communication Terminals,
S0191,,OISL Systems,
S0192,,investor link,
S0192,,investor link,
S0192,,Autonomous Mobile Robots (AMR),
S0192,,Unit Load Carriers,
S0192,,Beacons and Charging Stations,
S0193,,investor link,
S0193,,investor link,
S0193,,investor link,
S0193,,investor link,
S0193,,investor link,
S0193,,investor link,
S0194,,Free Space Optical Communication (FSOC),
S0194,,Directed Energy Weapon (DEW) systems,
S0195,,founder Unknown,
S0195,,Atlys visa processing platform,
S0195,,HQ,
S0197,,Kiwi credit card on UPI,
S0197,,Interest-Back EMI on UPI,
S0197,,Credit-on-UPI platform enabling RuPay credit cards linked to UPI,
S0197,,"Credit-on-UPI platform enabling RuPay credit cards linked to UPI; revenue from transaction processing fees, interest, an",
S0197,,Amit (prompt reference),
S0197,,Licensed as CRIL-CAML (prompt reference),
S0197,,Not in existing DB investor_links,
S0198,,Cooling-as-a-Service (CaaS),
S0199,"instafinancials.com, zaubacorp.com",company.legal_name,
S0199,agnikul.in,company.website,
S0199,Times of India: Agnikul from IIT-M brainchild to space odyssey,company.founded_date,
S0199,CIN U74999TN2017PTC119779 (2017 prefix),company.incorporation_date,
S0199,ET May 2026: Agnikul eyes -75M at M valuation,company.status,
S0199,batch manifest,company.primary_sector,
S0199,search results,company.secondary_sectors,
S0199,"company website, search results",company.business_model,
S0199,search results,company.customer_type,
S0199,company website,company.hq_type,
S0199,"instafinancials.com, zaubacorp.com",company.registered_office,
S0199,not found,company.employee_estimate,
S0199,not verified,company.dpiit_recognized,
S0199,"instafinancials.com, zaubacorp.com",company.cin,
S0199,"Series C raised Nov 2025, Series D in talks May 2026",company.startup_stage,
S0199,search results,company.public_private,
S0199,batch manifest,company.state,
S0199,batch manifest,company.country,
S0199,agnikul.in,company.website_status,
S0203,Tracxn,company.legal_name,
S0203,jurisphere.ai,company.website,
S0203,LinkedIn announcement July 2024,company.founded_date,
S0203,CIN L72200KA2012PLC065294,company.incorporation_date,
S0203,Inc42 May 2026: raised .2M,company.status,
S0203,batch manifest,company.primary_sector,
S0203,search results,company.secondary_sectors,
S0203,Inc42: AI-powered lawyer marketplace,company.business_model,
S0203,Legal500: IndusLaw partnership,company.customer_type,
S0203,Tracxn,company.hq_type,
S0203,Tracxn,company.registered_office,
S0203,not found,company.employee_estimate,
S0203,not verified,company.dpiit_recognized,
S0203,Tracxn,company.cin,
S0203,Seed/Series A funding round May 2026,company.startup_stage,
S0203,search results,company.public_private,
S0203,batch manifest,company.state,
S0203,batch manifest,company.country,
S0203,jurisphere.ai,company.website_status,
S0207,Moneycontrol,company.founded_date,
S0207,Moneycontrol,company.primary_sector,
S0207,Moneycontrol,company.business_model,
S0207,Moneycontrol,company.startup_stage,
S0207,Moneycontrol,company.public_private,
S0208,Instagram,company.founded_date,
S0208,Inc42,company.primary_sector,
S0208,ET,company.business_model,
S0208,Inc42,company.startup_stage,
S0208,Inc42,company.public_private,
S0209,ZaubaCorp,company.legal_name,
S0209,Company website,company.website,
S0209,"LinkedIn, MFIN",company.founded_date,
S0209,ZaubaCorp,company.incorporation_date,
S0209,"ET, Businessworld",company.status,
S0209,Tracxn,company.primary_sector,
S0209,"Tracxn, Aavishkaar Group",company.business_model,
S0209,"ZaubaCorp, Arohan website",company.hq_type,
S0209,Tracxn,company.registered_office,
S0209,"Tracxn (May 1, 2026)",company.employee_estimate,
S0209,ZaubaCorp,company.cin,
S0209,Aavishkaar Group website,company.parent_company,
S0209,DRHP filed May 2026,company.startup_stage,
S0209,"DRHP filed, not yet listed",company.public_private,
S0209,ZaubaCorp,company.state,
S0209,Multiple sources,company.country,
S0209,,person Neena Gupta,
S0209,Tracxn,fintech/microfinance,
S0209,,NBFC-MFI / fintech,
S0209,"Tracxn, Aavishkaar Group",NBFC-MFI providing microfinance loans to low-income women entrepreneurs,
S0209,,"NBFC-MFI providing microfinance loans to low-income women entrepreneurs via JLG model; also offers SME loans, insurance ",
S0209,,Neena Gupta (user prompt suggestion),
S0210,Forbes India,company.founded_date,
S0210,Not found,company.incorporation_date,
S0210,"BSE/NSE May 6, 2025",company.status,
S0210,Multiple sources,company.primary_sector,
S0210,Multiple sources,company.business_model,
S0210,IPO May 2025,company.startup_stage,
S0210,Listed BSE/NSE,company.public_private,
S0210,Bengaluru,company.state,
S0211,Not found in search results,company.legal_name,
S0211,Not found,company.website,
S0211,Not found,company.founded_date,
S0211,Not found,company.incorporation_date,
S0211,"Entrackr, Inc42, ET",company.status,
S0211,"Entrackr, Inc42",company.primary_sector,
S0211,"ET, Inc42",company.business_model,
S0211,Not found in search results,UNKNOWN,
S0211,,Nexedge Capital Management Private Limited,
S0211,Not found,UNKNOWN,
S0211,,2024-10-23,
S0211,"Entrackr, Inc42",Delhi NCR,
S0211,,New Delhi,
S0211,"ET, Inc42",Technology-led wealth management for HNIs/UHNIs,
S0211,,Technology-led wealth management and multi-family office for HNIs/UHNIs; SEBI-registered investment adviser; AMFI-regist,
S0211,Not found,UNKNOWN,
S0211,,187,
S0211,Maiden funding round Aug 2026,Early-stage (maiden round),
S0211,,Early-stage (maiden round completed),
S0211,prompt-instruction,IIFCL+IFC joint PE arm (per P3-WAVE prompt),
S0211,prompt-instruction,Mumbai (per P3-WAVE prompt),
S0212,DRHP,company.legal_name,
S0212,Company website,company.website,
S0212,"Listed Aug 19, 2026",company.status,
S0212,Multiple sources,company.primary_sector,
S0212,Multiple sources,company.business_model,
S0212,IPO Aug 2026,company.startup_stage,
S0212,Listed BSE/NSE,company.public_private,
S0212,Delhi NCR,company.state,
S0213,SiliconIndia,company.legal_name,
S0213,SiliconIndia,company.founded_date,
S0213,Not found,company.incorporation_date,
S0213,Series A Sep 2026,company.status,
S0213,Multiple sources,company.primary_sector,
S0213,VarIndia,company.business_model,
S0213,SiliconIndia,Navana.ai (Navana Tech),
S0213,,NAVANA TECH INDIA PRIVATE LIMITED,
S0213,Not found,UNKNOWN,
S0213,,2018-09-30,
S0213,VarIndia,Full-stack voice AI for regulated enterprises,
S0213,,Full-stack voice AI platform for regulated enterprises (BFSI),
S0213,,https://navana.ai,
S0215,,ops,
S0215,,Mumbai (batch city hint),
S0215,,Mumbai,
S0215,,Gurugram,
S0215,,mobility / used-car leasing,
S0215,,mobility / used-car leasing / corporate mobility solutions,
S0217,,Bengaluru (batch hint),
S0219,Tracxn,company.legal_name,
S0219,Inc42,company.founded_date,
S0219,thecompanycheck.com,company.incorporation_date,
S0219,Inc42,company.primary_sector,
S0219,thecompanycheck.com,company.cin,
S0219,Inc42,company.startup_stage,
S0219,Tracxn,company.public_private,
S0219,YourStory,company.state,
S0220,Tofler,company.legal_name,
S0220,Zaakscorp,company.founded_date,
S0220,Zaakscorp,company.incorporation_date,
S0220,VCCircle,company.primary_sector,
S0220,Zaakscorp,company.cin,
S0220,VCCircle,company.startup_stage,
S0220,Tofler,company.public_private,
S0220,Tofler,company.state,
S0221,Tofler,company.legal_name,
S0221,Zaakscorp,company.founded_date,
S0221,Zaakscorp,company.incorporation_date,
S0221,Inc42,company.primary_sector,
S0221,Zaakscorp,company.cin,
S0221,Tracxn,company.startup_stage,
S0221,Tofler,company.public_private,
S0221,Tofler,company.state,
S0222,Tofler,company.legal_name,
S0222,Zaakscorp,company.founded_date,
S0222,Zaakscorp,company.incorporation_date,
S0222,YourStory,company.primary_sector,
S0222,Zaakscorp,company.cin,
S0222,YourStory,company.startup_stage,
S0222,Tofler,company.public_private,
S0222,Tofler,company.state,
S0223,Tofler,company.legal_name,
S0223,Tracxn,company.founded_date,
S0223,Tofler,company.incorporation_date,
S0223,BW Disrupt,company.primary_sector,
S0223,Tofler,company.cin,
S0223,BW Disrupt,company.startup_stage,
S0223,Tofler,company.public_private,
S0223,BW Disrupt,company.state,
S0226,,financials,
S0226,,Mumbai,
S0226,,Bengaluru,
S0226,,https://www.wearcomet.com,
S0227,company website,company.state,
S0228,None,FUNDING,
S0228,,person Priyank Shah,
S0228,,person Preeti Chitnis,
S0228,,DHL,
S0228,,665,
S0228,,651,
S0228,,$125M CPEF 2022 at $1.5B valuation (user prompt claim),
S0238,,Active; private agritech,
S0238,,Active,
S0238,,Digital agronomy and agri-input commerce,
S0238,,Digital agronomy and agri-input commerce; omnichannel (app + advisory centres + Saathi stores); output linkages via Kima,
S0238,,"Office Nos. 001-004, Ground Floor, Nyati Tech Park, Wadgaon Sheri, Pune - 411014",
S0241,,Ahmedabad (batch metadata),
S0241,,Arya Collateral Warehousing Services Private Limited (associated entity; operating-company identity needs confirmation),
S0241,,Arya Collateral Warehousing Services Private Limited,
S0241,,"Grain commerce, farmgate storage and lending services",
S0241,,"Farmgate storage, grain commerce, and warehouse-receipt-backed lending",
S0252,,founder Ranjani Narayan,
S0255,,founder Vinay Bagri,
S0255,,founder Virender Bisht,
S0255,,"ACTIVE — agreed to acquire Capital India Finance RemitX forex business for Rs 11.4 cr, Sep 2026",
S0255,,ACTIVE,
S0255,,fintech / travel-fintech,
S0255,,fintech / travel-banking,
S0255,,"Travel-fintech / neobank (forex cards, cross-border)",
S0255,,"Travel-fintech / neobank: zero-forex markup debit/credit cards via partner banks (DCB, SBM), forex services via Kanji Fo",
S0255,,https://www.goniyo.com,
S0255,prompt,Vikram Chatterjee and Shreyans Sheth (prompt-suggested names),
S0256,,founder Prateep Basu,
S0256,,"ACTIVE — IN-SPACe Technology Adoption Fund selectee, 2026",
S0256,,ACTIVE,
S0256,,Satellite earth-observation analytics (decision intelligence),
S0256,,"Satellite Earth-observation analytics (decision intelligence) for agriculture, banking, insurance, infrastructure, aviat",
S0256,,https://satsure.co,
S0257,,founder Nitya Sharma,
S0258,,founder Virendra Gupta,
S0258,,founder Umang Bedi,
S0258,,founder Shailendra Sharma,
S0258,,person Virendra Kumar Gupta,
S0258,,person Umang Bedi,
S0258,,person Vikram Vaidyanathan,
S0258,,person Yana Vladimirovna Kachurina,
S0258,,person Neeraj Bharadwaj,
S0258,,person Prakul Kaushiva,
S0258,,person Utsav Mitra,
S0258,,person Nitin Kukreja,
S0258,,person Deepak Dara,
S0258,,person Prathivadibhayankara Rajagopalan Ramesh,
S0258,,person Prasanna Prasad,
S0258,,person Prakashan Manikoth,
S0258,,person Sandip Basu,
S0258,,financials,VerSe Innovation achieves 88% Revenue Growth; Cuts Burn by 20%
S0258,,financials,Dailyhunt parent VerSe Innovation halves EBITDA loss to Rs 710 crore in FY24
S0258,,financials,VerSe Innovation to reach Ebitda break-even by FY25-end: Co-founder
S0258,,financials,VerSe - Tracxn Company Profile
S0258,,financials,VerSe Innovation achieves 88% Revenue Growth; Cuts Burn by 20%
S0258,,financials,VerSe Innovation achieves 88% Revenue Growth; Cuts Burn by 20%
S0258,,financials,Dailyhunt parent VerSe Innovation halves EBITDA loss to Rs 710 crore in FY24
S0258,,financials,Dailyhunt parent VerSe Innovation halves EBITDA loss to Rs 710 crore in FY24
S0258,,financials,VerSe Innovation to reach Ebitda break-even by FY25-end: Co-founder
S0258,,financials,VerSe Innovation to reach Ebitda break-even by FY25-end: Co-founder
S0258,,Dailyhunt,
S0258,,Josh,
S0258,,NexVerse.ai,
S0258,,Dailyhunt Premium,
S0258,,allegation,
S0258,,notice,
S0258,,complaint,
S0258,,VerSe Innovation raises $805M at $5B valuation (Series J),
S0258,,VerSe Innovation raises venture debt from Alteria Capital,
S0258,,VerSe acquires Magzter,
S0258,,VerSe acquires majority stake in Valueleaf Group,
S0258,,360 One marks down VerSe valuation by 42% to $2.9B,
S0258,,VerSe Innovation lays off 350 employees,
S0258,,Builder.ai round-tripping allegations surface,
S0258,,VerSe Innovation reports 88% revenue growth in FY25,
S0258,,Prakashan Manikoth appointed Group CFO,
S0258,,P.R. Ramesh appointed Independent Director and Audit Committee Chair,
S0258,,Prasanna Prasad appointed CPTO,
S0258,,VerSe launches SparkStation AI content platform,
S0258,,TRACTION,
S0258,,TRACTION,
S0258,,TRACTION,
S0258,,TRACTION,
S0258,,TRACTION,
S0258,,TRACTION,
S0258,,TRACTION,
S0258,,ACTIVE — operating; 350 layoffs May 2025 (AI automation/profitability); Builder.ai round-tripping allegation overhang,
S0258,,ACTIVE,
S0258,,media (Josh/Dailyhunt),
S0258,,digital media / local language content platform,
S0258,,"Vernacular content (Dailyhunt) + short video (Josh), pivoting to AI",
S0258,,ad-supported (Dailyhunt/NexVerse.ai) + subscriptions (Dailyhunt Premium/Magzter) + influencer marketplace (VerSe Collab),
S0258,hyperresearch_fetch,http://verse.in,
S0258,,late-stage unicorn (~$4-5B valuation band; $1.7-1.9B raised per trackers),
S0258,,late-stage unicorn (Series J); pre-IPO,
S0258,,$5 billion post-money (April 2022 Series J),
S0258,,"$2.9 billion (360 One internal mark, 2024)",
S0258,,150 million MAU (April 2022),
S0258,,179 million MAU (October 2024),
S0258,,"Rs 1,261 crore (operating revenue)",
S0258,,"Rs 1,493 crore (total revenue)",
S0258,,ACTIVE — operating; 350 layoffs May 2025 (AI automation/profitability); Builder.ai round-tripping allegation overhang,
S0258,,ACTIVE — operating; 350 layoffs May 2025 (AI automation/profitability); Builder.ai round-tripping allegation overhang; I,
S0258,,"Mantri Commercio, Spatium Offices, Unit 001, Tower A, 5th Floor, Outer Ring Road, Near Sakra World Hospital, Kariyammana",
S0258,,"11th Floor, Wing E, Helios Business Park Outer Ring Road, Kadubeesanahalli, Bengaluru, Karnataka, India - 560103",
S0259,,founder Sagar Daryani,
S0259,,founder Binod Homagai,
S0260,,founder Jobin Joseph,
S0260,,founder Kaustubh K. Jadhav,
S0261,,founder Nitin Verma,
S0262,,founder Rohit Ramesh,
S0262,,founder Ankit Choudhary,
S0263,,founder Dhananjai Hari,
S0263,,founder Neeraj Mishra,
S0278,,Active — DRHP filed with SEBI Dec 2025 for IPO,
S0278,,Active — DRHP filed Dec 2025; SEBI approval Jul 2026; OFS-only IPO pending,
S0278,,defence imaging / electro-optics,
S0278,,defence imaging / electro-optics / EO-IR sensors,
S0278,,"private (pre-IPO; DRHP filed Dec 2025, pure OFS)",
S0278,,"private (pre-IPO; DRHP filed Dec 2025, pure OFS; SEBI cleared Jul 2026)",
S0280,,Active — $35M Series A Sep 2026 led by Magna,
S0280,,Active,
S0280,,Bengaluru (ESTIMATE — Instagram snippet says Bengaluru-based; HQ not primary-sourced),
S0280,,Bengaluru,
S0283,,"Active & listed — Rs 700 Cr IPO (Rs 650 Cr fresh + Rs 50 Cr OFS), price band Rs 225–237, listed ~July 2025",
S0283,,Active & listed (NSE:INDIQUBE),
S0283,,public (listed; IPO July 2025),
S0283,,public (listed; NSE:INDIQUBE),
S0290,,Runable Inc.,
S0290,,Runable Systems Private Limited,
S0290,,ai agents,
S0290,,AI Agents / Applied AI,
S0296,,West Elm,
S0296,,Active (private),
S0296,,Active,
S0296,,ecommerce / home decor D2C,
S0296,,home decor and lifestyle D2C,
S0296,prompt_specification,Gurugram,
S0296,prompt_specification,Bessemer Venture Partners $14M,
S0296,prompt_specification,Nishtha Shboth,
S0307,,registered_office,
S0307,,Fabless chip design; Secure IoT SoC for biometrics/industrial IoT,
S0307,,"Fabless chip design; Secure IoT SoC for biometrics/industrial IoT, vision, edge computing",
S0309,,Space infra + mission ops; autonomous swarming satellites for surveillance,
S0309,,"Space infra + mission ops; autonomous swarming satellites for ISR; GSaaS, Avionics-as-a-Service, Mission-Ops-as-a-Servic",
S0310,,used car marketplace platform,
S0310,,used car marketplace platform + NBFC lending + vehicle ownership ecosystem,
S0310,user_prompt,Gurbax Singh Chhinna + Chirdeep Singh (user prompt suggestion),
S0316,,https://www.rforrabbit.com,
S0316,,https://www.brandforce.com,
S0316,,https://www.rforrabbit.com,
S0320,,TRACTION,
S0322,,TRACTION,
S0343,,founder Krishna Veer Singh,
S0343,,founder Tarun Gupta,
S0345,,founder Prateek Agarwal,
S0345,,founder Harshit Madan,
S0345,,founder Pavan Patil,
S0351,None,Public listing,
S0351,,investor link,
S0365,,founder Navkiran Singh,
S0365,,founder Varun Ganjoo,
S0365,,founder Puneet Singh,
S0366,,founder Harsh Prateek,
S0366,,founder Mayank Sahu,
S0367,Tracxn,company.legal_name,
S0367,Ambitionbox,company.founded_date,
S0367,Tracxn CIN prefix,company.incorporation_date,
S0367,Still operating post RMG ban,company.status,
S0367,batch metadata,company.primary_sector,
S0367,Multiple sources,company.business_model,
S0367,,financials,
S0367,,financials,
S0367,,"{'v': 'Skill-based gaming platform', 'conf': 0.9}",
S0367,,"{'v': 'registered', 'address_or_area': 'L-248, 2nd Floor, 17th Cross, Sector 6, HSR Layout', 'city': 'Bengaluru', 'state",
S0367,,"{'v': 'HQ', 'address_or_area': 'Apeejay Business Centre, 6th Floor, Arunachal Building', 'city': 'Gurugram', 'state': 'H",
S0367,,HIRING,
S0367,,HIRING,
S0367,,NEWS_EVENTS,
S0367,,NEWS_EVENTS,
S0367,,NEWS_EVENTS,
S0367,,TRACTION,
S0367,Tracxn,Zupee Games Private Limited,
S0367,,Cashgrail Private Limited,
S0367,Tracxn registered office,Bengaluru,
S0367,,Gurugram,
S0367,Tracxn registered office,Karnataka,
S0367,,Haryana,
S0367,batch metadata,gaming rmg,
S0367,,skill-based gaming,
S0367,Multiple sources,Online skill-based gaming platform; pivoted to free-to-play social games and micro-dramas after RMG ban,
S0367,,"Online skill-based gaming platform; free-to-play social games, micro-dramas (Zupee Studio), esports, astrology (Neo Astr",
S0368,,$278K accelerator + $120K = $398K total (PitchBook),
