startup_id,company_name,primary_sector,company_stage,city,state,founding_year,age_years,completeness_pct,tier,source_quality_pct,freshness_pct,conflict_level,notes
S0001,Juspay,fintech payments infrastructure,unicorn (Series D),Bengaluru,Karnataka,2012,14,95.8,Fully researched,100.0,100,high,DERIVED analytics view of STARTUPS+SCORES; no new claims; sample=tracked universe (368).
S0002,KreditBee,fintech lending,"unicorn (Series E, Apr 2026)",Bengaluru,Karnataka,,,97.9,Fully researched,100.0,100,high,DERIVED analytics view of STARTUPS+SCORES; no new claims; sample=tracked universe (368).
S0003,PhonePe,fintech payments,"late / pre-IPO (confidential DRHP Sep 2025, UDRHP Jan 2026)",Bengaluru,Karnataka,,,91.7,Fully researched,100.0,100,high,DERIVED analytics view of STARTUPS+SCORES; no new claims; sample=tracked universe (368).
S0004,Razorpay,fintech infra,"unicorn / pre-IPO (confidential DRHP Jun 12, 2026)",Bengaluru,Karnataka,,,64.6,Deep,100.0,100,low,DERIVED analytics view of STARTUPS+SCORES; no new claims; sample=tracked universe (368).
S0005,Zepto,quick commerce,"unicorn / pre-IPO (confidential DRHP Dec 27, 2025; SEBI observations May 2026; UDRHP Jun 2026)",Mumbai,Maharashtra,,,95.8,Fully researched,100.0,100,high,DERIVED analytics view of STARTUPS+SCORES; no new claims; sample=tracked universe (368).
S0006,Neysa,AI cloud infrastructure,Unicorn,Mumbai,Maharashtra,2023,3,83.3,Intelligence-grade,100.0,100,moderate,DERIVED analytics view of STARTUPS+SCORES; no new claims; sample=tracked universe (368).
S0007,Amagi,media-tech SaaS,public,Bengaluru,Karnataka,2008,18,64.6,Deep,100.0,100,low,DERIVED analytics view of STARTUPS+SCORES; no new claims; sample=tracked universe (368).
S0008,CRED,fintech,late (unicorn),Bengaluru,Karnataka,2018,8,64.6,Deep,80.0,100,low,DERIVED analytics view of STARTUPS+SCORES; no new claims; sample=tracked universe (368).
S0009,Darwinbox,HR-tech SaaS,late (unicorn),Hyderabad,Telangana,2015,11,60.4,Deep,100.0,100,low,DERIVED analytics view of STARTUPS+SCORES; no new claims; sample=tracked universe (368).
S0010,Emergent,AI dev-tools / vibe-coding,unicorn,Bengaluru,Karnataka,2024,2,58.3,Enriched,100.0,100,low,DERIVED analytics view of STARTUPS+SCORES; no new claims; sample=tracked universe (368).
S0011,Groww,fintech wealthtech,Public (listed Nov 2025),Bengaluru,Karnataka,2016,10,87.5,Intelligence-grade,100.0,100,high,DERIVED analytics view of STARTUPS+SCORES; no new claims; sample=tracked universe (368).
S0012,Gupshup,AI / conversational SaaS,Late-stage unicorn (valuation disputed),Mumbai,,2004,22,72.9,Deep,100.0,100,moderate,DERIVED analytics view of STARTUPS+SCORES; no new claims; sample=tracked universe (368).
S0013,Krutrim,AI / AI cloud infrastructure,Unicorn,Bengaluru,Karnataka,2023,3,91.7,Fully researched,100.0,100,high,DERIVED analytics view of STARTUPS+SCORES; no new claims; sample=tracked universe (368).
S0014,Sarvam AI,AI / LLMs / sovereign models,Unicorn (June 2026),Bengaluru,,2023,3,56.2,Enriched,100.0,100,low,DERIVED analytics view of STARTUPS+SCORES; no new claims; sample=tracked universe (368).
S0015,Slice,fintech / digital banking,"Unicorn (2021, $1B+); banking pivot with valuation reset 2026",Bengaluru,Karnataka,,,68.8,Deep,90.0,100,low,DERIVED analytics view of STARTUPS+SCORES; no new claims; sample=tracked universe (368).
S0016,upGrad,Edtech / skilling,Unicorn,Mumbai,Maharashtra,2015,11,91.7,Fully researched,100.0,100,high,DERIVED analytics view of STARTUPS+SCORES; no new claims; sample=tracked universe (368).
S0017,BrowserStack,SaaS / dev testing,Unicorn,Mumbai,,2011,15,93.8,Fully researched,100.0,100,high,DERIVED analytics view of STARTUPS+SCORES; no new claims; sample=tracked universe (368).
S0018,Dhan,fintech/broking,unicorn,Mumbai,Maharashtra,2021,5,89.6,Intelligence-grade,100.0,100,high,DERIVED analytics view of STARTUPS+SCORES; no new claims; sample=tracked universe (368).
S0019,PharmEasy,healthtech/pharmacy,unicorn (stressed/down-round),Mumbai,Maharashtra,2015,11,89.6,Intelligence-grade,100.0,100,high,DERIVED analytics view of STARTUPS+SCORES; no new claims; sample=tracked universe (368).
S0020,Snapmint,fintech/bnpl,late-stage (Series B),Mumbai,Maharashtra,2017,9,66.7,Deep,100.0,100,none,DERIVED analytics view of STARTUPS+SCORES; no new claims; sample=tracked universe (368).
S0021,Upstox,fintech/broking,unicorn,Mumbai,Maharashtra,2009,17,89.6,Intelligence-grade,100.0,100,high,DERIVED analytics view of STARTUPS+SCORES; no new claims; sample=tracked universe (368).
S0022,Udaan,b2b commerce,"Series H, IPO-track",Bengaluru,Karnataka,2016,10,72.9,Deep,100.0,100,low,DERIVED analytics view of STARTUPS+SCORES; no new claims; sample=tracked universe (368).
S0023,ACKO,insurtech,"Unicorn (late stage, IPO-bound)",Bengaluru,Karnataka,2016,10,75.0,Intelligence-grade,100.0,100,low,DERIVED analytics view of STARTUPS+SCORES; no new claims; sample=tracked universe (368).
S0024,CoinSwitch Kuber,crypto/fintech,Unicorn (Series C),Bengaluru,,2017,9,66.7,Deep,100.0,100,low,DERIVED analytics view of STARTUPS+SCORES; no new claims; sample=tracked universe (368).
S0025,Cult.fit (CureFit),fitness/healthtech,"Unicorn, DRHP filed Jul 2026",Bengaluru,Karnataka,2016,10,75.0,Intelligence-grade,100.0,100,moderate,DERIVED analytics view of STARTUPS+SCORES; no new claims; sample=tracked universe (368).
S0026,Fireflies AI,AI / meeting transcription,Unicorn (tender valuation),San Francisco / Pleasanton,,,,66.7,Deep,100.0,100,moderate,DERIVED analytics view of STARTUPS+SCORES; no new claims; sample=tracked universe (368).
S0027,Hasura,SaaS / API platform (GraphQL),Unicorn (Series C),Bengaluru,,,,50.0,Enriched,100.0,100,moderate,DERIVED analytics view of STARTUPS+SCORES; no new claims; sample=tracked universe (368).
S0028,Icertis,SaaS / contract lifecycle management,"Unicorn, late-stage",Pune,,,,58.3,Enriched,100.0,100,moderate,DERIVED analytics view of STARTUPS+SCORES; no new claims; sample=tracked universe (368).
S0029,LeadSquared,SaaS / CRM,Unicorn (Series C),Bengaluru,Karnataka,,,93.8,Fully researched,100.0,100,high,DERIVED analytics view of STARTUPS+SCORES; no new claims; sample=tracked universe (368).
S0030,MoEngage,SaaS / customer engagement,"Late (Series F, pre-IPO)",Bengaluru,Karnataka,2014,12,72.9,Deep,100.0,100,moderate,DERIVED analytics view of STARTUPS+SCORES; no new claims; sample=tracked universe (368).
S0031,Moneyview,fintech / digital lending,"Unicorn, IPO-bound (DRHP filed)",Bengaluru,Karnataka,2014,12,66.7,Deep,100.0,100,moderate,DERIVED analytics view of STARTUPS+SCORES; no new claims; sample=tracked universe (368).
S0032,Mu Sigma,analytics / decision sciences / AI,Mature unicorn (private),Bengaluru,Karnataka,2004,22,97.9,Fully researched,100.0,100,high,DERIVED analytics view of STARTUPS+SCORES; no new claims; sample=tracked universe (368).
S0033,Netradyne,AI / computer vision / fleet safety telematics,Unicorn (Series D),Bengaluru,Karnataka,2015,11,72.9,Deep,100.0,100,low,DERIVED analytics view of STARTUPS+SCORES; no new claims; sample=tracked universe (368).
S0034,Postman,saas/api dev,"Unicorn (Series D, private)",Bengaluru,Karnataka,2014,12,91.7,Fully researched,100.0,100,high,DERIVED analytics view of STARTUPS+SCORES; no new claims; sample=tracked universe (368).
S0035,Zeta,fintech/card infra,unicorn,Bengaluru,Karnataka,2015,11,91.7,Fully researched,100.0,100,high,DERIVED analytics view of STARTUPS+SCORES; no new claims; sample=tracked universe (368).
S0036,Flipkart,ecommerce,mature private (decacorn),Bengaluru,Karnataka,2007,19,91.7,Fully researched,86.7,100,high,DERIVED analytics view of STARTUPS+SCORES; no new claims; sample=tracked universe (368).
S0037,Porter,logistics,unicorn (2025),Bengaluru,Karnataka,2014,12,85.4,Intelligence-grade,100.0,100,high,DERIVED analytics view of STARTUPS+SCORES; no new claims; sample=tracked universe (368).
S0038,Unacademy,edtech,acquired/ex-Unicorn,Bengaluru,Karnataka,2015,11,87.5,Intelligence-grade,100.0,100,high,DERIVED analytics view of STARTUPS+SCORES; no new claims; sample=tracked universe (368).
S0039,Vedantu,edtech live classes,unicorn,Bengaluru,Karnataka,2014,12,54.2,Enriched,100.0,100,none,DERIVED analytics view of STARTUPS+SCORES; no new claims; sample=tracked universe (368).
S0040,Zetwerk,b2b manufacturing,"unicorn (late-stage, IPO pipeline)",Bengaluru,Karnataka,2018,8,95.8,Fully researched,100.0,100,high,DERIVED analytics view of STARTUPS+SCORES; no new claims; sample=tracked universe (368).
S0041,Dream11 (Dream Sports),gaming/fantasy sports,Unicorn,Mumbai,Maharashtra,2008,18,68.8,Deep,100.0,100,moderate,DERIVED analytics view of STARTUPS+SCORES; no new claims; sample=tracked universe (368).
S0042,InMobi,adtech,"Unicorn (late stage, IPO-bound)",Bengaluru,Karnataka,2007,19,95.8,Fully researched,100.0,100,high,DERIVED analytics view of STARTUPS+SCORES; no new claims; sample=tracked universe (368).
S0043,Nykaa,D2C beauty / beauty-tech retail,Public,Mumbai,Maharashtra,2012,14,68.8,Deep,100.0,100,none,DERIVED analytics view of STARTUPS+SCORES; no new claims; sample=tracked universe (368).
S0044,Rebel Foods,foodtech/cloud kitchen,"Unicorn (late-stage, pre-IPO)",Mumbai,Maharashtra,2011,15,93.8,Fully researched,100.0,100,high,DERIVED analytics view of STARTUPS+SCORES; no new claims; sample=tracked universe (368).
S0045,Drools,D2C pet food / consumer goods,Late stage / unicorn (May 2025),Bengaluru,,2009,17,81.2,Intelligence-grade,100.0,100,high,DERIVED analytics view of STARTUPS+SCORES; no new claims; sample=tracked universe (368).
S0046,Fractal Analytics,enterprise AI/analytics,Public (listed Feb 2026; ex-unicorn),Mumbai,Maharashtra,2000,26,64.6,Deep,100.0,100,low,DERIVED analytics view of STARTUPS+SCORES; no new claims; sample=tracked universe (368).
S0047,Jumbotail,B2B ecommerce (food & grocery),"Unicorn (Series D, June 2025, >$1B post-money)","Bengaluru, Karnataka",,2015,11,93.8,Fully researched,100.0,100,high,DERIVED analytics view of STARTUPS+SCORES; no new claims; sample=tracked universe (368).
S0048,Livspace,Home interiors marketplace,"Unicorn (Series F, Feb 2022, $1.2B)",Bengaluru,,2014,12,91.7,Fully researched,100.0,100,high,DERIVED analytics view of STARTUPS+SCORES; no new claims; sample=tracked universe (368).
S0049,Meesho,Horizontal ecommerce / social commerce,Public (IPO Dec 2025),"Bengaluru, Karnataka",,2015,11,93.8,Fully researched,100.0,100,high,DERIVED analytics view of STARTUPS+SCORES; no new claims; sample=tracked universe (368).
S0050,Ola (ANI Technologies),Mobility / road transport tech,"Late stage Series J; markdown era (Vanguard marks down to ~$2B Nov 2024, $70M Feb 2026 per ET snippet)",Bengaluru,Karnataka,2010,16,50.0,Enriched,100.0,100,low,DERIVED analytics view of STARTUPS+SCORES; no new claims; sample=tracked universe (368).
S0051,Rapido,Mobility / road transport tech (bike taxi-led multimodal),Series F; $3B post-money (May 2026),"Bengaluru, Karnataka",,2015,11,95.8,Fully researched,100.0,100,high,DERIVED analytics view of STARTUPS+SCORES; no new claims; sample=tracked universe (368).
S0052,ShareChat,social media,late / pre-IPO (unicorn),Bengaluru,Karnataka,2015,11,93.8,Fully researched,100.0,100,high,DERIVED analytics view of STARTUPS+SCORES; no new claims; sample=tracked universe (368).
S0053,Apna,hr-tech/jobs,Series C / unicorn,Bengaluru,Karnataka,2019,7,95.8,Fully researched,100.0,100,high,DERIVED analytics view of STARTUPS+SCORES; no new claims; sample=tracked universe (368).
S0054,BharatPe,fintech payments/lending,Unicorn (Series E),New Delhi,,2018,8,70.8,Deep,63.3,100,low,DERIVED analytics view of STARTUPS+SCORES; no new claims; sample=tracked universe (368).
S0055,Euler Motors,ev commercial,Series E / growth,Delhi,,2018,8,87.5,Intelligence-grade,100.0,100,high,DERIVED analytics view of STARTUPS+SCORES; no new claims; sample=tracked universe (368).
S0056,Fibe (EarlySalary),fintech lending,Series E / IPO-bound (DRHP chatter 2025),Pune,,2015,11,39.6,Basic,50.0,100,moderate,DERIVED analytics view of STARTUPS+SCORES; no new claims; sample=tracked universe (368).
S0057,Innovaccer,healthtech saas/ai,Unicorn (Series F),Noida,Uttar Pradesh,2014,12,56.2,Enriched,60.0,100,low,DERIVED analytics view of STARTUPS+SCORES; no new claims; sample=tracked universe (368).
S0058,Pixxel,spacetech,growth (Series C),Bengaluru,Karnataka,,,79.2,Intelligence-grade,100.0,100,moderate,DERIVED analytics view of STARTUPS+SCORES; no new claims; sample=tracked universe (368).
S0059,Ecofy Finance (Ecofy),fintech lending green,growth (Series B),Mumbai,Maharashtra,2022,4,58.3,Enriched,100.0,100,low,DERIVED analytics view of STARTUPS+SCORES; no new claims; sample=tracked universe (368).
S0060,Miko Technologies,edtech robotics / consumer AI robots,Series D (soonicorn),Mumbai,Maharashtra,2015,11,58.3,Enriched,93.3,100,low,DERIVED analytics view of STARTUPS+SCORES; no new claims; sample=tracked universe (368).
S0061,Nua,healthtech / femtech D2C wellness,Series C,Mumbai,Maharashtra,2017,9,83.3,Intelligence-grade,100.0,100,high,DERIVED analytics view of STARTUPS+SCORES; no new claims; sample=tracked universe (368).
S0062,Truemeds,healthtech pharmacy,Series C,Mumbai,Maharashtra,2019,7,89.6,Intelligence-grade,100.0,100,high,DERIVED analytics view of STARTUPS+SCORES; no new claims; sample=tracked universe (368).
S0063,Weaver Services,fintech (housing finance),Growth,Mumbai,Maharashtra,2024,2,91.7,Fully researched,100.0,100,high,DERIVED analytics view of STARTUPS+SCORES; no new claims; sample=tracked universe (368).
S0064,NoBroker,proptech,Series E / unicorn,Bengaluru,Karnataka,2014,12,93.8,Fully researched,100.0,100,high,DERIVED analytics view of STARTUPS+SCORES; no new claims; sample=tracked universe (368).
S0065,Skyroot Aerospace,spacetech launch,Unicorn,Hyderabad,Telangana,2018,8,60.4,Deep,66.7,100,low,DERIVED analytics view of STARTUPS+SCORES; no new claims; sample=tracked universe (368).
S0066,Digantara,spacetech ssa,Series B / growth,Bengaluru,Karnataka,2020,6,85.4,Intelligence-grade,100.0,100,high,DERIVED analytics view of STARTUPS+SCORES; no new claims; sample=tracked universe (368).
S0067,Games24x7,gaming (real-money skill gaming),"Unicorn (Series C-era; $2.5B, 2022)",Mumbai,Maharashtra,2006,20,89.6,Intelligence-grade,100.0,100,high,DERIVED analytics view of STARTUPS+SCORES; no new claims; sample=tracked universe (368).
S0068,Infra.Market,B2B construction materials,"unicorn, pre-IPO (confidential DRHP filed)",Thane,,2016,10,97.9,Fully researched,100.0,100,high,DERIVED analytics view of STARTUPS+SCORES; no new claims; sample=tracked universe (368).
S0069,Kinara AI,edge-ai chips,acquired,Hyderabad,,2014,12,37.5,Basic,90.0,100,low,DERIVED analytics view of STARTUPS+SCORES; no new claims; sample=tracked universe (368).
S0070,Navi,fintech,late,Bengaluru,Karnataka,2018,8,93.8,Fully researched,100.0,100,high,DERIVED analytics view of STARTUPS+SCORES; no new claims; sample=tracked universe (368).
S0071,Ninjacart,agritech supply chain,Series D/E late,Bengaluru,Karnataka,2015,11,91.7,Fully researched,83.3,100,high,DERIVED analytics view of STARTUPS+SCORES; no new claims; sample=tracked universe (368).
S0072,Pine Labs,fintech,Public (listed Nov 2025),Noida,Uttar Pradesh,1998,28,87.5,Intelligence-grade,100.0,100,high,DERIVED analytics view of STARTUPS+SCORES; no new claims; sample=tracked universe (368).
S0073,River Mobility,EV two-wheeler,Series C,Bengaluru,,2021,5,50.0,Enriched,100.0,100,low,DERIVED analytics view of STARTUPS+SCORES; no new claims; sample=tracked universe (368).
S0074,Rocketlane,SaaS (PSA / onboarding),Series C,Chennai,,2020,6,52.1,Enriched,100.0,100,low,DERIVED analytics view of STARTUPS+SCORES; no new claims; sample=tracked universe (368).
S0075,Ultrahuman,healthtech / wearables,Series C,Bengaluru,Karnataka,2019,7,93.8,Fully researched,100.0,100,high,DERIVED analytics view of STARTUPS+SCORES; no new claims; sample=tracked universe (368).
S0076,Third Wave Coffee,F&B / coffee chain (QSR),Growth (Series C+),Bengaluru,Karnataka,2016,10,81.2,Intelligence-grade,100.0,100,high,DERIVED analytics view of STARTUPS+SCORES; no new claims; sample=tracked universe (368).
S0077,Celcius Logistics,logistics cold chain,Series B,Navi Mumbai,,2020,6,62.5,Deep,56.7,100,low,DERIVED analytics view of STARTUPS+SCORES; no new claims; sample=tracked universe (368).
S0078,Square Yards,proptech,Unicorn (pre-IPO),Gurugram,Haryana,2014,12,91.7,Fully researched,100.0,100,high,DERIVED analytics view of STARTUPS+SCORES; no new claims; sample=tracked universe (368).
S0079,Wint Wealth,fintech wealthtech,Series B,Bengaluru,Karnataka,2020,6,54.2,Enriched,53.3,100,low,DERIVED analytics view of STARTUPS+SCORES; no new claims; sample=tracked universe (368).
S0080,Airbound,Aerospace / drone logistics,Early (Series A),Bengaluru,Karnataka,2023,3,43.8,Enriched,40.0,100,none,DERIVED analytics view of STARTUPS+SCORES; no new claims; sample=tracked universe (368).
S0081,Ati Motors,Robotics / industrial automation (AMR),Growth (Series B),Bengaluru,Karnataka,2017,9,47.9,Enriched,73.3,100,moderate,DERIVED analytics view of STARTUPS+SCORES; no new claims; sample=tracked universe (368).
S0082,Sapiom,AI infrastructure / agentic tooling,Early (Series A),San Francisco,,,,35.4,Basic,50.0,100,low,DERIVED analytics view of STARTUPS+SCORES; no new claims; sample=tracked universe (368).
S0083,boAt,consumer electronics,Late/pre-IPO (UDRHP filed),Delhi NCR,,2016,10,56.2,Enriched,76.7,100,low,DERIVED analytics view of STARTUPS+SCORES; no new claims; sample=tracked universe (368).
S0084,MobiKwik,fintech,Public (listed Dec 2024),Gurugram,Haryana,2008,18,62.5,Deep,100.0,100,low,DERIVED analytics view of STARTUPS+SCORES; no new claims; sample=tracked universe (368).
S0085,OfBusiness,B2B supply-chain commerce / fintech,Unicorn (Series G+),Gurugram,Haryana,2015,11,97.9,Fully researched,100.0,100,high,DERIVED analytics view of STARTUPS+SCORES; no new claims; sample=tracked universe (368).
S0086,Pristyn Care,healthtech (elective surgery chain),Unicorn (Series E),Gurugram,Haryana,2018,8,68.8,Deep,100.0,100,moderate,DERIVED analytics view of STARTUPS+SCORES; no new claims; sample=tracked universe (368).
S0087,Swish,Foodtech / 10-min food delivery,Early (Series B),Bengaluru,Karnataka,2024,2,83.3,Intelligence-grade,100.0,100,high,DERIVED analytics view of STARTUPS+SCORES; no new claims; sample=tracked universe (368).
S0088,Hang Ten Systems,AI enterprise software services,seed,Bengaluru,Karnataka,2026,0,37.5,Basic,53.3,100,none,DERIVED analytics view of STARTUPS+SCORES; no new claims; sample=tracked universe (368).
S0089,Moonrider,EV tractors / agri-tech,series-a,Bengaluru,Karnataka,,,43.8,Enriched,40.0,100,none,DERIVED analytics view of STARTUPS+SCORES; no new claims; sample=tracked universe (368).
S0090,Toddle,edtech SaaS,series-a,Bengaluru,Karnataka,2019,7,100.0,Fully researched,100.0,100,high,DERIVED analytics view of STARTUPS+SCORES; no new claims; sample=tracked universe (368).
S0091,Inito,healthtech diagnostics,series-b,Bengaluru,Karnataka,2015,11,39.6,Basic,53.3,100,low,DERIVED analytics view of STARTUPS+SCORES; no new claims; sample=tracked universe (368).
S0092,Akasa Air,aviation,growth,Mumbai,Maharashtra,2021,5,97.9,Fully researched,100.0,100,high,DERIVED analytics view of STARTUPS+SCORES; no new claims; sample=tracked universe (368).
S0093,EatClub (BOX8),foodtech cloud kitchen,late (Series D),Mumbai,Maharashtra,2012,14,87.5,Intelligence-grade,100.0,100,high,DERIVED analytics view of STARTUPS+SCORES; no new claims; sample=tracked universe (368).
S0094,Eruditus,edtech exec education,late (Series F unicorn),Mumbai,Maharashtra,2010,16,87.5,Intelligence-grade,100.0,100,high,DERIVED analytics view of STARTUPS+SCORES; no new claims; sample=tracked universe (368).
S0095,Innovist,d2c beauty,acquired-majority (Series B),Gurugram,Haryana,2018,8,91.7,Fully researched,100.0,100,high,DERIVED analytics view of STARTUPS+SCORES; no new claims; sample=tracked universe (368).
S0096,Leap (LeapScholar),edtech study-abroad,late (Series E),Bengaluru,Karnataka,2019,7,89.6,Intelligence-grade,100.0,100,high,DERIVED analytics view of STARTUPS+SCORES; no new claims; sample=tracked universe (368).
S0097,Nazara Technologies,gaming diversified,listed,Mumbai,Maharashtra,1999,27,50.0,Enriched,100.0,100,none,DERIVED analytics view of STARTUPS+SCORES; no new claims; sample=tracked universe (368).
S0098,Neo (Neo Wealth),wealthtech / financial services,growth (Series C / PE-backed),Mumbai,Maharashtra,2021,5,95.8,Fully researched,100.0,100,high,DERIVED analytics view of STARTUPS+SCORES; no new claims; sample=tracked universe (368).
S0099,Stellapps,agritech (dairy tech),late (Series C),Bengaluru,Karnataka,2011,15,45.8,Enriched,66.7,100,none,DERIVED analytics view of STARTUPS+SCORES; no new claims; sample=tracked universe (368).
S0100,Purple Style Labs,D2C luxury fashion / fashion-tech,public (IPO Sep 2026; Series E prior),Mumbai,Maharashtra,2015,11,93.8,Fully researched,70.0,100,high,DERIVED analytics view of STARTUPS+SCORES; no new claims; sample=tracked universe (368).
S0101,Zypp Electric,EV fleet / logistics tech,"late (Series C, pre-IPO)",Gurugram,Haryana,2017,9,50.0,Enriched,70.0,100,low,DERIVED analytics view of STARTUPS+SCORES; no new claims; sample=tracked universe (368).
S0102,Business Nextgen Finance,fintech / NBFC,seed/first institutional (RBI CoR Sep 2025),Mumbai,Maharashtra,2025,1,41.7,Enriched,70.0,100,low,DERIVED analytics view of STARTUPS+SCORES; no new claims; sample=tracked universe (368).
S0103,EtherealX (Ethereal Exploration),spacetech launch,Series A,Bengaluru,Karnataka,2022,4,56.2,Enriched,56.7,100,moderate,DERIVED analytics view of STARTUPS+SCORES; no new claims; sample=tracked universe (368).
S0104,QNu Labs,cybersecurity / quantum,Series A,Bengaluru,Karnataka,2016,10,89.6,Intelligence-grade,100.0,100,high,DERIVED analytics view of STARTUPS+SCORES; no new claims; sample=tracked universe (368).
S0105,Ultraviolette,ev motorcycles,Series E,Bengaluru,Karnataka,2016,10,56.2,Enriched,100.0,100,low,DERIVED analytics view of STARTUPS+SCORES; no new claims; sample=tracked universe (368).
S0106,Curefoods,foodtech cloud kitchen,late (Series D + DRHP filed; IPO deferred),Bengaluru,Karnataka,2020,6,87.5,Intelligence-grade,100.0,100,moderate,DERIVED analytics view of STARTUPS+SCORES; no new claims; sample=tracked universe (368).
S0107,Dezerv,wealthtech,Series C,Mumbai,Maharashtra,2021,5,56.2,Enriched,86.7,100,moderate,DERIVED analytics view of STARTUPS+SCORES; no new claims; sample=tracked universe (368).
S0108,Edubuk,edtech / HR-tech (AI + blockchain credentials),Series B,Bengaluru,Karnataka,2019,7,81.2,Intelligence-grade,100.0,100,high,DERIVED analytics view of STARTUPS+SCORES; no new claims; sample=tracked universe (368).
S0109,EloElo,gaming livestream / social entertainment / micro-drama,Series B,Bengaluru,Karnataka,2020,6,89.6,Intelligence-grade,100.0,100,high,DERIVED analytics view of STARTUPS+SCORES; no new claims; sample=tracked universe (368).
S0110,GIVA,D2C jewellery,Series C (extended),Bengaluru,Karnataka,2019,7,87.5,Intelligence-grade,100.0,100,moderate,DERIVED analytics view of STARTUPS+SCORES; no new claims; sample=tracked universe (368).
S0111,Impetus Technologies,enterprise / data & AI services,growth/private (PE-backed),Bengaluru,Karnataka,1991,35,37.5,Basic,73.3,100,none,DERIVED analytics view of STARTUPS+SCORES; no new claims; sample=tracked universe (368).
S0112,Moglix,B2B e-commerce / industrial supply chain,Unicorn (Series F),Noida,Uttar Pradesh,2015,11,75.0,Intelligence-grade,100.0,100,moderate,DERIVED analytics view of STARTUPS+SCORES; no new claims; sample=tracked universe (368).
S0113,MPL (Mobile Premier League),gaming / esports,unicorn (late-stage),Bengaluru,Karnataka,2018,8,39.6,Basic,40.0,100,none,DERIVED analytics view of STARTUPS+SCORES; no new claims; sample=tracked universe (368).
S0114,PhysicsWallah,EdTech,Public / Listed,Noida,Uttar Pradesh,2020,6,56.2,Enriched,50.0,100,none,DERIVED analytics view of STARTUPS+SCORES; no new claims; sample=tracked universe (368).
S0115,Popo Global,FoodTech / QSR,Growth / Late Stage,Bengaluru,Karnataka,2017,9,47.9,Enriched,46.7,100,none,DERIVED analytics view of STARTUPS+SCORES; no new claims; sample=tracked universe (368).
S0116,Shadowfax,Logistics,Public / Listed,Bengaluru,Karnataka,2015,11,60.4,Deep,66.7,100,none,DERIVED analytics view of STARTUPS+SCORES; no new claims; sample=tracked universe (368).
S0117,Smallcase,WealthTech,Late Stage / Series D,Bengaluru,Karnataka,,,62.5,Deep,50.0,100,none,DERIVED analytics view of STARTUPS+SCORES; no new claims; sample=tracked universe (368).
S0118,StockGro,WealthTech / Investment Tech,Growth / Series B,Bengaluru,Karnataka,,,95.8,Fully researched,100.0,100,high,DERIVED analytics view of STARTUPS+SCORES; no new claims; sample=tracked universe (368).
S0119,Yulu,Mobility / EV,Series C,Bengaluru,Karnataka,,,95.8,Fully researched,100.0,100,high,DERIVED analytics view of STARTUPS+SCORES; no new claims; sample=tracked universe (368).
S0120,Zenoti,Beauty-Tech SaaS,Series D / PE-backed,Hyderabad,Telangana,2010,16,91.7,Fully researched,100.0,100,high,DERIVED analytics view of STARTUPS+SCORES; no new claims; sample=tracked universe (368).
S0121,Exxat,EdTech / Healthcare Education SaaS,Series C / PE-backed,Bengaluru,Karnataka,2011,15,45.8,Enriched,100.0,100,low,DERIVED analytics view of STARTUPS+SCORES; no new claims; sample=tracked universe (368).
S0122,Bellatrix Aerospace,Spacetech Propulsion,Pre-Series B,Bengaluru,Karnataka,2015,11,50.0,Enriched,100.0,100,low,DERIVED analytics view of STARTUPS+SCORES; no new claims; sample=tracked universe (368).
S0123,Foxtale,D2C Beauty / Skincare,Series C,Mumbai,Maharashtra,2021,5,87.5,Intelligence-grade,100.0,100,high,DERIVED analytics view of STARTUPS+SCORES; no new claims; sample=tracked universe (368).
S0124,GalaxEye,spacetech EO,Series A (extended),Bengaluru,Karnataka,2021,5,37.5,Basic,73.3,100,none,DERIVED analytics view of STARTUPS+SCORES; no new claims; sample=tracked universe (368).
S0125,HerSpace Manufacturing,proptech / workforce housing,Growth (committed capital),Bengaluru,Karnataka,2023,3,77.1,Intelligence-grade,96.7,100,moderate,DERIVED analytics view of STARTUPS+SCORES; no new claims; sample=tracked universe (368).
S0126,Snitch,D2C fashion,Series B,Bengaluru,Karnataka,2018,8,87.5,Intelligence-grade,100.0,100,moderate,DERIVED analytics view of STARTUPS+SCORES; no new claims; sample=tracked universe (368).
S0127,OneCard (FPL Technologies),fintech/credit cards,Series D (ongoing),Pune,Maharashtra,2019,7,39.6,Basic,66.7,0,none,DERIVED analytics view of STARTUPS+SCORES; no new claims; sample=tracked universe (368).
S0128,Rezolv,fintech,Series A,Mumbai,Maharashtra,2024,2,89.6,Intelligence-grade,100.0,100,high,DERIVED analytics view of STARTUPS+SCORES; no new claims; sample=tracked universe (368).
S0129,JustAI,ai marketing saas,Series A,San Francisco,"California, USA",2024,2,37.5,Basic,86.7,100,moderate,DERIVED analytics view of STARTUPS+SCORES; no new claims; sample=tracked universe (368).
S0130,BGauss,ev two-wheeler,Series D (late stage),Mumbai,Maharashtra,2020,6,89.6,Intelligence-grade,100.0,100,high,DERIVED analytics view of STARTUPS+SCORES; no new claims; sample=tracked universe (368).
S0131,Emo Energy,ev battery fast-charge,pre-Series B,Bengaluru,Karnataka,2022,4,45.8,Enriched,63.3,100,none,DERIVED analytics view of STARTUPS+SCORES; no new claims; sample=tracked universe (368).
S0132,Baaz Bikes,ev mobility,Series A,Delhi NCR,,,,22.9,Basic,86.7,100,low,DERIVED analytics view of STARTUPS+SCORES; no new claims; sample=tracked universe (368).
S0133,Piston,fintech / payments,Series A,Bengaluru,,,,25.0,Basic,50.0,100,none,DERIVED analytics view of STARTUPS+SCORES; no new claims; sample=tracked universe (368).
S0134,Chargebee,saas/billing,Late-stage (Series H),Chennai,Tamil Nadu,2011,15,91.7,Fully researched,100.0,100,high,DERIVED analytics view of STARTUPS+SCORES; no new claims; sample=tracked universe (368).
S0135,Delhivery,logistics,"Listed (NSE/BSE: DELHIVERY, since 24 May 2022)",Gurugram,Haryana,2011,15,93.8,Fully researched,100.0,60,low,DERIVED analytics view of STARTUPS+SCORES; no new claims; sample=tracked universe (368).
S0136,Erisha E Mobility,auto/ev,Series D,Delhi NCR,Delhi,2022,4,37.5,Basic,53.3,100,low,DERIVED analytics view of STARTUPS+SCORES; no new claims; sample=tracked universe (368).
S0137,Freshworks,saas,"Listed (Nasdaq: FRSH, since Sep 2021)",Chennai,Tamil Nadu,2010,16,45.8,Enriched,86.7,100,none,DERIVED analytics view of STARTUPS+SCORES; no new claims; sample=tracked universe (368).
S0138,OYO,hospitality/travel-tech,"Pre-IPO (SEBI-approved; UDRHP filed, Rs 6,650 Cr fresh issue)",Gurugram,Haryana,2013,13,93.8,Fully researched,100.0,100,high,DERIVED analytics view of STARTUPS+SCORES; no new claims; sample=tracked universe (368).
S0139,Policybazaar,Insurtech / Fintech,Public (Listed),Gurugram,Haryana,2008,18,50.0,Enriched,63.3,20,none,DERIVED analytics view of STARTUPS+SCORES; no new claims; sample=tracked universe (368).
S0140,Uniphore,Conversational AI / Enterprise AI,Private (Unicorn),Chennai / Palo Alto,,2008,18,50.0,Enriched,83.3,80,low,DERIVED analytics view of STARTUPS+SCORES; no new claims; sample=tracked universe (368).
S0141,Urban Company,Home Services / Hyperlocal,Public (Listed),Gurugram,Haryana,2014,12,41.7,Enriched,33.3,80,none,DERIVED analytics view of STARTUPS+SCORES; no new claims; sample=tracked universe (368).
S0142,Zomato,FoodTech / Quick Commerce,Public (Listed),Gurugram,Haryana,2008,18,50.0,Enriched,83.3,20,none,DERIVED analytics view of STARTUPS+SCORES; no new claims; sample=tracked universe (368).
S0143,Emversity,EdTech / Workforce Skilling,Private (Series A),Bengaluru,Karnataka,2023,3,50.0,Enriched,100.0,80,low,DERIVED analytics view of STARTUPS+SCORES; no new claims; sample=tracked universe (368).
S0144,KGeN (Kratos Gamer Network),gaming/web3 distribution protocol,Series A (strategic round Sep 2025),Bengaluru,Karnataka,2022,4,87.5,Intelligence-grade,100.0,100,high,DERIVED analytics view of STARTUPS+SCORES; no new claims; sample=tracked universe (368).
S0145,Seekho,edtech short-form,Series B,Bengaluru,Karnataka,2020,6,89.6,Intelligence-grade,100.0,100,high,DERIVED analytics view of STARTUPS+SCORES; no new claims; sample=tracked universe (368).
S0146,Avammune Therapeutics,biotech therapeutics,Series A,Bengaluru,Karnataka,2020,6,70.8,Deep,100.0,60,high,DERIVED analytics view of STARTUPS+SCORES; no new claims; sample=tracked universe (368).
S0147,HexaHealth,healthtech surgical care,Series A,Gurugram,Haryana,2021,5,43.8,Enriched,23.3,0,none,DERIVED analytics view of STARTUPS+SCORES; no new claims; sample=tracked universe (368).
S0148,Escape Plan (travel gear),d2c travel,Series A,Bengaluru,Karnataka,2025,1,87.5,Intelligence-grade,100.0,100,high,DERIVED analytics view of STARTUPS+SCORES; no new claims; sample=tracked universe (368).
S0149,Lendingkart,fintech/sme lending,Late Stage (Series E),Ahmedabad,Gujarat,2014,12,50.0,Enriched,100.0,0,low,DERIVED analytics view of STARTUPS+SCORES; no new claims; sample=tracked universe (368).
S0150,PB Healthcare,healthtech | healthtech integrated care,Seed,Gurugram,Haryana,2025,1,47.9,Enriched,100.0,0,none,DERIVED analytics view of STARTUPS+SCORES; no new claims; sample=tracked universe (368).
S0151,Augnito,healthtech ai scribe,Series A,Mumbai,Maharashtra,2022,4,45.8,Enriched,70.0,100,none,DERIVED analytics view of STARTUPS+SCORES; no new claims; sample=tracked universe (368).
S0152,C2i Semiconductors,semiconductor power,Series A (acquired by Infineon),Bengaluru,Karnataka,2024,2,47.9,Enriched,100.0,0,none,DERIVED analytics view of STARTUPS+SCORES; no new claims; sample=tracked universe (368).
S0153,CynLr,robotics vision,Series A,Bengaluru,Karnataka,2019,7,95.8,Fully researched,100.0,100,high,DERIVED analytics view of STARTUPS+SCORES; no new claims; sample=tracked universe (368).
S0154,Skydo,fintech cross-border payments,Series A,Bengaluru,Karnataka,,,95.8,Fully researched,100.0,100,moderate,DERIVED analytics view of STARTUPS+SCORES; no new claims; sample=tracked universe (368).
S0155,Smart Joules,climate energy efficiency,Series B,Delhi,,,,52.1,Enriched,100.0,0,low,DERIVED analytics view of STARTUPS+SCORES; no new claims; sample=tracked universe (368).
S0156,VerveSemi (Vervesemi),semiconductor motor control,Series A,Greater Noida,,,,89.6,Intelligence-grade,100.0,100,high,DERIVED analytics view of STARTUPS+SCORES; no new claims; sample=tracked universe (368).
S0157,Butterfly Learnings,healthtech,Pre-Series B,Mumbai,Maharashtra,,,91.7,Fully researched,100.0,100,moderate,DERIVED analytics view of STARTUPS+SCORES; no new claims; sample=tracked universe (368).
S0158,Sugar Cosmetics,d2c beauty,Series D7,Mumbai,Maharashtra,2015,11,93.8,Fully researched,100.0,100,high,DERIVED analytics view of STARTUPS+SCORES; no new claims; sample=tracked universe (368).
S0159,Graas.ai (Graas),ai ecommerce growth,Series B,Bengaluru,Karnataka,2022,4,91.7,Fully researched,100.0,100,moderate,DERIVED analytics view of STARTUPS+SCORES; no new claims; sample=tracked universe (368).
S0160,Beepkart,used two-wheelers,,Bengaluru,Karnataka,2020,6,8.3,Candidate,16.7,100,none,DERIVED analytics view of STARTUPS+SCORES; no new claims; sample=tracked universe (368).
S0161,Agrani Labs,semiconductor ai gpu,Seed,Bengaluru,Karnataka,,,72.9,Deep,96.7,100,high,DERIVED analytics view of STARTUPS+SCORES; no new claims; sample=tracked universe (368).
S0162,Mokobara,d2c travel goods,Series C,Bengaluru,Karnataka,2019,7,81.2,Intelligence-grade,100.0,100,moderate,DERIVED analytics view of STARTUPS+SCORES; no new claims; sample=tracked universe (368).
S0163,XpressBees,logistics,Late / Unicorn,Pune,Maharashtra,2015,11,85.4,Intelligence-grade,40.0,100,moderate,DERIVED analytics view of STARTUPS+SCORES; no new claims; sample=tracked universe (368).
S0164,Fundly.ai,fintech / B2B pharma,early (Series A/B),Mumbai,Maharashtra,2021,5,83.3,Intelligence-grade,100.0,100,high,DERIVED analytics view of STARTUPS+SCORES; no new claims; sample=tracked universe (368).
S0165,Mitigata,cybersecurity,Series B,Bengaluru,Karnataka,2023,3,83.3,Intelligence-grade,100.0,100,moderate,DERIVED analytics view of STARTUPS+SCORES; no new claims; sample=tracked universe (368).
S0166,Refold AI,AI devtools,seed,Bengaluru,,2023,3,27.1,Basic,60.0,0,none,DERIVED analytics view of STARTUPS+SCORES; no new claims; sample=tracked universe (368).
S0167,RentoMojo,furniture rental / consumer services,IPO,Bengaluru,Karnataka,2014,12,79.2,Intelligence-grade,100.0,100,high,DERIVED analytics view of STARTUPS+SCORES; no new claims; sample=tracked universe (368).
S0168,Blinkit,quick commerce,mature / subsidiary,Gurugram,Haryana,,,35.4,Basic,66.7,100,none,DERIVED analytics view of STARTUPS+SCORES; no new claims; sample=tracked universe (368).
S0169,Juniper Green Energy,Renewable Energy / IPP,IPO/Public,Gurugram,Haryana,2018,8,45.8,Enriched,30.0,100,none,DERIVED analytics view of STARTUPS+SCORES; no new claims; sample=tracked universe (368).
S0170,Serentica Renewables,Renewable Energy / IPP,Private (Pre-IPO),Gurugram,Haryana,2022,4,47.9,Enriched,50.0,100,low,DERIVED analytics view of STARTUPS+SCORES; no new claims; sample=tracked universe (368).
S0171,Swiggy,Food Delivery / Quick Commerce,Public (Listed),Bengaluru,Karnataka,2014,12,47.9,Enriched,63.3,100,low,DERIVED analytics view of STARTUPS+SCORES; no new claims; sample=tracked universe (368).
S0172,Bonkers Corner,D2C Streetwear / Fashion,Series A,Mumbai,Maharashtra,2020,6,50.0,Enriched,70.0,100,low,DERIVED analytics view of STARTUPS+SCORES; no new claims; sample=tracked universe (368).
S0173,immunitoAI,AI Drug Discovery / Biotech,Series A,Bengaluru,Karnataka,2020,6,62.5,Deep,60.0,100,low,DERIVED analytics view of STARTUPS+SCORES; no new claims; sample=tracked universe (368).
S0174,BigEndian Semiconductors,Semiconductors / Fabless chip design,Growth (Pre-Series A),Bengaluru,Karnataka,2024,2,50.0,Enriched,73.3,0,none,DERIVED analytics view of STARTUPS+SCORES; no new claims; sample=tracked universe (368).
S0175,Mojro Technologies,Logistics SaaS / AI supply chain optimization,Growth (Series A),Bengaluru,Karnataka,2016,10,52.1,Enriched,60.0,0,none,DERIVED analytics view of STARTUPS+SCORES; no new claims; sample=tracked universe (368).
S0176,Neo (Neo Investment Value Advisors),Wealth Management / Fintech,Growth (Series B / Unicorn),Mumbai,Maharashtra,2021,5,50.0,Enriched,50.0,0,none,DERIVED analytics view of STARTUPS+SCORES; no new claims; sample=tracked universe (368).
S0177,Capillary Technologies,SaaS / Customer Loyalty,Public (NSE/BSE),Bengaluru,Karnataka,2012,14,50.0,Enriched,100.0,0,none,DERIVED analytics view of STARTUPS+SCORES; no new claims; sample=tracked universe (368).
S0178,PowerUp Money,Wealthtech / Mutual Fund Advisory,Growth (Series A),Bengaluru,Karnataka,2024,2,52.1,Enriched,100.0,0,none,DERIVED analytics view of STARTUPS+SCORES; no new claims; sample=tracked universe (368).
S0179,Truva,proptech listings,Series A,Mumbai,Maharashtra,2023,3,47.9,Enriched,40.0,0,none,DERIVED analytics view of STARTUPS+SCORES; no new claims; sample=tracked universe (368).
S0180,Tsavorite,AI infra / semiconductor,pre-revenue / product development,Bengaluru,Karnataka,2023,3,41.7,Enriched,86.7,0,none,DERIVED analytics view of STARTUPS+SCORES; no new claims; sample=tracked universe (368).
S0181,Inox Clean Energy,climate renewables,pre-IPO,Noida,Uttar Pradesh,2017,9,54.2,Enriched,70.0,0,none,DERIVED analytics view of STARTUPS+SCORES; no new claims; sample=tracked universe (368).
S0182,Raphe mPhibr,defence drones,Series B / pre-IPO,Noida,Uttar Pradesh,2017,9,60.4,Deep,93.3,0,none,DERIVED analytics view of STARTUPS+SCORES; no new claims; sample=tracked universe (368).
S0183,Battery Smart,ev battery swapping,Series C / pre-IPO,Gurugram,Haryana,2019,7,60.4,Deep,100.0,0,none,DERIVED analytics view of STARTUPS+SCORES; no new claims; sample=tracked universe (368).
S0184,Carrum Mobility,mobility / fleet management,Series B,Bengaluru,Karnataka,,,31.2,Basic,63.3,100,none,DERIVED analytics view of STARTUPS+SCORES; no new claims; sample=tracked universe (368).
S0185,Elivaas,travel villas,Series B,Bengaluru,Karnataka,,,89.6,Intelligence-grade,100.0,100,high,DERIVED analytics view of STARTUPS+SCORES; no new claims; sample=tracked universe (368).
S0186,nCore Games,gaming studio,Series A,Bengaluru,Karnataka,,,27.1,Basic,40.0,100,none,DERIVED analytics view of STARTUPS+SCORES; no new claims; sample=tracked universe (368).
S0187,Stimuler AI,edtech ai tutor,pre-Series A,Bengaluru,Karnataka,2022,4,29.2,Basic,40.0,100,none,DERIVED analytics view of STARTUPS+SCORES; no new claims; sample=tracked universe (368).
S0188,Zerodha,fintech/broking,Bootstrapped / mature private,Bengaluru,Karnataka,2010,16,31.2,Basic,60.0,100,low,DERIVED analytics view of STARTUPS+SCORES; no new claims; sample=tracked universe (368).
S0189,General Autonomy,Robotics / DeepTech,Seed,Bengaluru,Karnataka,2023,3,41.7,Enriched,63.3,0,none,DERIVED analytics view of STARTUPS+SCORES; no new claims; sample=tracked universe (368).
S0190,Otipy,agritech / farm-to-fork,,Delhi NCR,Delhi,2020,6,8.3,Candidate,20.0,100,none,DERIVED analytics view of STARTUPS+SCORES; no new claims; sample=tracked universe (368).
S0191,QOSMIC,Spacetech / Laser Communications,Seed,Bengaluru,Karnataka,2025,1,43.8,Enriched,73.3,0,none,DERIVED analytics view of STARTUPS+SCORES; no new claims; sample=tracked universe (368).
S0192,Hachidori Robotics,Robotics / AMR,Seed,Bengaluru,Karnataka,2019,7,52.1,Enriched,40.0,0,none,DERIVED analytics view of STARTUPS+SCORES; no new claims; sample=tracked universe (368).
S0193,TransBnk,Fintech / Banking Infrastructure,Series B,Gurugram,Haryana,2022,4,41.7,Enriched,86.7,0,none,DERIVED analytics view of STARTUPS+SCORES; no new claims; sample=tracked universe (368).
S0194,Olee Space,spacetech / defence-photonics,seed,Pune,Maharashtra,2023,3,47.9,Enriched,73.3,100,low,DERIVED analytics view of STARTUPS+SCORES; no new claims; sample=tracked universe (368).
S0195,Atlys,travel-tech / visas,Series C,Delhi NCR,Delhi,2020,6,43.8,Enriched,66.7,100,none,DERIVED analytics view of STARTUPS+SCORES; no new claims; sample=tracked universe (368).
S0196,Goldi Solar,climate / solar manufacturing,Series A / pre-IPO,Surat,,2011,15,50.0,Enriched,53.3,100,low,DERIVED analytics view of STARTUPS+SCORES; no new claims; sample=tracked universe (368).
S0197,Kiwi (Gokiwi Tech),fintech / credit cards,Series B,Bengaluru,Karnataka,2022,4,100.0,Fully researched,100.0,100,high,DERIVED analytics view of STARTUPS+SCORES; no new claims; sample=tracked universe (368).
S0198,Circolife,cleantech / cooling,pre-Series A,Mumbai,Maharashtra,2023,3,39.6,Basic,40.0,100,low,DERIVED analytics view of STARTUPS+SCORES; no new claims; sample=tracked universe (368).
S0199,Agnikul Cosmos (AgniKul),spacetech launch,late-stage,Chennai,Tamil Nadu,2017,9,33.3,Basic,20.0,0,none,DERIVED analytics view of STARTUPS+SCORES; no new claims; sample=tracked universe (368).
S0200,Aurm,proptech services,Series A,Mumbai,Maharashtra,2013,13,47.9,Enriched,50.0,0,none,DERIVED analytics view of STARTUPS+SCORES; no new claims; sample=tracked universe (368).
S0201,Syfe,wealthtech,Series C,Gurugram,Haryana,2019,7,50.0,Enriched,50.0,0,none,DERIVED analytics view of STARTUPS+SCORES; no new claims; sample=tracked universe (368).
S0202,Prozo,logistics supply chain,Series A,Gurugram,Haryana,2014,12,54.2,Enriched,50.0,0,none,DERIVED analytics view of STARTUPS+SCORES; no new claims; sample=tracked universe (368).
S0203,Jurisphere.ai,legaltech ai,early-stage,Bengaluru,Karnataka,2024,2,41.7,Enriched,50.0,0,none,DERIVED analytics view of STARTUPS+SCORES; no new claims; sample=tracked universe (368).
S0204,The Energy Company,,,Bengaluru,Karnataka,,,6.2,Candidate,6.7,0,none,DERIVED analytics view of STARTUPS+SCORES; no new claims; sample=tracked universe (368).
S0205,Spike AI,,,Bengaluru,Karnataka,,,6.2,Candidate,10.0,0,none,DERIVED analytics view of STARTUPS+SCORES; no new claims; sample=tracked universe (368).
S0206,Physics Wallah,,,Noida,Uttar Pradesh,,,6.2,Candidate,20.0,0,none,DERIVED analytics view of STARTUPS+SCORES; no new claims; sample=tracked universe (368).
S0207,Arivihan,Edtech / AI,early-stage,Bengaluru,Karnataka,2024,2,43.8,Enriched,80.0,100,none,DERIVED analytics view of STARTUPS+SCORES; no new claims; sample=tracked universe (368).
S0208,Netrasemi (NetraSemi),Semiconductor / AI chip,early-stage,Bengaluru,Karnataka,2020,6,47.9,Enriched,100.0,100,none,DERIVED analytics view of STARTUPS+SCORES; no new claims; sample=tracked universe (368).
S0209,Arohan Financial Services,fintech/microfinance,Late-stage / Pre-IPO,Kolkata,West Bengal,2006,20,95.8,Fully researched,100.0,100,high,DERIVED analytics view of STARTUPS+SCORES; no new claims; sample=tracked universe (368).
S0210,Ather Energy,ev/2-wheeler,Public (Listed),Bengaluru,Karnataka,2013,13,43.8,Enriched,26.7,0,none,DERIVED analytics view of STARTUPS+SCORES; no new claims; sample=tracked universe (368).
S0211,Nexedge Capital,wealthtech,Early-stage (maiden round),Delhi NCR,Delhi,,,91.7,Fully researched,100.0,100,high,DERIVED analytics view of STARTUPS+SCORES; no new claims; sample=tracked universe (368).
S0212,Shiprocket,logistics tech,Public (Listed),Delhi NCR,Delhi,,,37.5,Basic,23.3,0,none,DERIVED analytics view of STARTUPS+SCORES; no new claims; sample=tracked universe (368).
S0213,Navana.ai,ai / voice ai,Series A,Mumbai,Maharashtra,2018,8,89.6,Intelligence-grade,100.0,100,high,DERIVED analytics view of STARTUPS+SCORES; no new claims; sample=tracked universe (368).
S0214,Lickicious,petcare / D2C pet nutrition,Early growth,Mumbai,Maharashtra,2024,2,31.2,Basic,73.3,100,none,DERIVED analytics view of STARTUPS+SCORES; no new claims; sample=tracked universe (368).
S0215,PumPumPum,mobility / used-car leasing,Growth,Mumbai,Maharashtra,2018,8,87.5,Intelligence-grade,43.3,100,moderate,DERIVED analytics view of STARTUPS+SCORES; no new claims; sample=tracked universe (368).
S0216,BimaKavach,insurtech / B2B commercial insurance,Seed / early growth,Bengaluru,Karnataka,2021,5,25.0,Basic,83.3,100,moderate,DERIVED analytics view of STARTUPS+SCORES; no new claims; sample=tracked universe (368).
S0217,CtrlS,data centres / digital infrastructure,Growth / mature private,Hyderabad,Telangana,2008,18,35.4,Basic,73.3,100,moderate,DERIVED analytics view of STARTUPS+SCORES; no new claims; sample=tracked universe (368).
S0218,Watch Your Health,healthtech / insurtech engagement,Growth,Mumbai MMR,,2015,11,22.9,Basic,66.7,100,none,DERIVED analytics view of STARTUPS+SCORES; no new claims; sample=tracked universe (368).
S0219,TrueFan AI,enterprise AI video generation,Series A,Gurugram,Haryana,2020,6,37.5,Basic,73.3,0,none,DERIVED analytics view of STARTUPS+SCORES; no new claims; sample=tracked universe (368).
S0220,Coulomb Litech,EV battery technology,Seed,Mumbai,Maharashtra,2020,6,35.4,Basic,100.0,0,none,DERIVED analytics view of STARTUPS+SCORES; no new claims; sample=tracked universe (368).
S0221,Fermionic Design,"semiconductor design (RF chips, GaN)",Seed,Bengaluru,Karnataka,2020,6,39.6,Basic,100.0,0,none,DERIVED analytics view of STARTUPS+SCORES; no new claims; sample=tracked universe (368).
S0222,ANSCER Robotics,industrial robotics / autonomous mobile robots,Series A,Bengaluru,Karnataka,2020,6,41.7,Enriched,100.0,0,none,DERIVED analytics view of STARTUPS+SCORES; no new claims; sample=tracked universe (368).
S0223,Superleap AI,enterprise AI CRM,pre-Series A / Seed,Bengaluru,Karnataka,2024,2,35.4,Basic,93.3,0,none,DERIVED analytics view of STARTUPS+SCORES; no new claims; sample=tracked universe (368).
S0224,Fire AI (FireAI),AI data infrastructure,pre-seed,Mumbai,Maharashtra,,,20.8,Basic,3.3,100,low,DERIVED analytics view of STARTUPS+SCORES; no new claims; sample=tracked universe (368).
S0225,Matter,EV motorcycles,growth-stage,Ahmedabad,Gujarat,,,20.8,Basic,10.0,100,none,DERIVED analytics view of STARTUPS+SCORES; no new claims; sample=tracked universe (368).
S0226,Comet,D2C footwear,Series B,Mumbai,Maharashtra,2023,3,87.5,Intelligence-grade,100.0,100,high,DERIVED analytics view of STARTUPS+SCORES; no new claims; sample=tracked universe (368).
S0227,Balaji Wafers,consumer/FMCG snacks,mature private company,Rajkot,,,,16.7,Candidate,36.7,100,none,DERIVED analytics view of STARTUPS+SCORES; no new claims; sample=tracked universe (368).
S0228,CleverTap,SaaS/customer engagement,growth-stage,Mumbai,Maharashtra,2013,13,89.6,Intelligence-grade,100.0,100,high,DERIVED analytics view of STARTUPS+SCORES; no new claims; sample=tracked universe (368).
S0229,Drip Capital,fintech/trade finance,Series C,Mumbai,Maharashtra,2016,10,37.5,Basic,100.0,80,none,DERIVED analytics view of STARTUPS+SCORES; no new claims; sample=tracked universe (368).
S0230,Kissht (OnEMI),fintech lending,Public (IPO May 2026),Mumbai,Maharashtra,2016,10,37.5,Basic,100.0,100,none,DERIVED analytics view of STARTUPS+SCORES; no new claims; sample=tracked universe (368).
S0231,Lenskart,ecommerce/eyewear,Public (IPO Nov 2025),Gurugram,Haryana,2008,18,39.6,Basic,100.0,80,none,DERIVED analytics view of STARTUPS+SCORES; no new claims; sample=tracked universe (368).
S0232,Neoble,fintech lending,Seed,Mumbai,Maharashtra,2023,3,37.5,Basic,80.0,60,none,DERIVED analytics view of STARTUPS+SCORES; no new claims; sample=tracked universe (368).
S0233,QubeHealth Pay (QubeHealth),healthtech payments,Series A,Mumbai,Maharashtra,2019,7,37.5,Basic,66.7,100,none,DERIVED analytics view of STARTUPS+SCORES; no new claims; sample=tracked universe (368).
S0234,Qure.ai,healthtech / AI diagnostics,Series D,Mumbai,Maharashtra,2016,10,35.4,Basic,63.3,100,none,DERIVED analytics view of STARTUPS+SCORES; no new claims; sample=tracked universe (368).
S0235,Greenwave Circularity,cleantech / circular economy / PET recycling,Growth / project-financed,Pune,Maharashtra,2024,2,35.4,Basic,76.7,100,low,DERIVED analytics view of STARTUPS+SCORES; no new claims; sample=tracked universe (368).
S0236,Shortgun Games,gaming / PC-console game development,Seed,Mumbai,Maharashtra,2021,5,35.4,Basic,50.0,100,none,DERIVED analytics view of STARTUPS+SCORES; no new claims; sample=tracked universe (368).
S0237,Uolo,edtech / school SaaS / AI learning,Pre-Series B,Gurugram,Haryana,2014,12,47.9,Enriched,40.0,100,none,DERIVED analytics view of STARTUPS+SCORES; no new claims; sample=tracked universe (368).
S0238,AgroStar,agritech / crop inputs,Series E,Pune,Maharashtra,2013,13,97.9,Fully researched,100.0,100,high,DERIVED analytics view of STARTUPS+SCORES; no new claims; sample=tracked universe (368).
S0239,30 Sundays,travel AI,Series A,Gurugram,Haryana,2024,2,41.7,Enriched,43.3,100,none,DERIVED analytics view of STARTUPS+SCORES; no new claims; sample=tracked universe (368).
S0240,Intellend Technologies Advisors,fintech / embedded lending,seed,Thane,,,,37.5,Basic,63.3,100,none,DERIVED analytics view of STARTUPS+SCORES; no new claims; sample=tracked universe (368).
S0241,Arya.ag (Arya),agritech / post-harvest,Series D,Noida,Uttar Pradesh,2013,13,89.6,Intelligence-grade,100.0,100,high,DERIVED analytics view of STARTUPS+SCORES; no new claims; sample=tracked universe (368).
S0242,Hubilo,enterprise tech / events,growth/private (acquired),Ahmedabad,Gujarat,,,41.7,Enriched,63.3,100,low,DERIVED analytics view of STARTUPS+SCORES; no new claims; sample=tracked universe (368).
S0243,ProFound (profound),AI,seed,Bengaluru,Karnataka,,,39.6,Basic,20.0,100,none,DERIVED analytics view of STARTUPS+SCORES; no new claims; sample=tracked universe (368).
S0244,Renee Cosmetics,d2c/beauty,growth (Series C),Ahmedabad,Gujarat,,,12.5,Candidate,20.0,0,none,DERIVED analytics view of STARTUPS+SCORES; no new claims; sample=tracked universe (368).
S0245,Vini Cosmetics (Fogg),d2c/beauty,mature (established FMCG),Ahmedabad,Gujarat,,,6.2,Candidate,10.0,0,none,DERIVED analytics view of STARTUPS+SCORES; no new claims; sample=tracked universe (368).
S0246,Vecton AI,ai (BFSI enterprise),pre-seed,Bengaluru,Karnataka,,,70.8,Deep,100.0,100,none,DERIVED analytics view of STARTUPS+SCORES; no new claims; sample=tracked universe (368).
S0247,Dialflo,ai / contact centre,pre-seed / first round,Bengaluru,Karnataka,,,12.5,Candidate,26.7,0,none,DERIVED analytics view of STARTUPS+SCORES; no new claims; sample=tracked universe (368).
S0248,Ammunic Systems,defence tech,seed,Bengaluru,Karnataka,,,81.2,Intelligence-grade,100.0,100,moderate,DERIVED analytics view of STARTUPS+SCORES; no new claims; sample=tracked universe (368).
S0249,ANS Commerce,enterprise saas,,Bengaluru,Karnataka,,,6.2,Candidate,20.0,100,none,DERIVED analytics view of STARTUPS+SCORES; no new claims; sample=tracked universe (368).
S0250,BharatGPT/Hanooman (Reliance+IIT-Bombay),ai/llm consortium,"model launched Mar 2024 (Hanooman, 11 Indian languages)",Mumbai,,,,6.2,Candidate,16.7,0,none,DERIVED analytics view of STARTUPS+SCORES; no new claims; sample=tracked universe (368).
S0251,Cellogen Therapeutics,biotech cell/gene,early/clinical,Delhi,,,,12.5,Candidate,16.7,0,none,DERIVED analytics view of STARTUPS+SCORES; no new claims; sample=tracked universe (368).
S0252,Morphing Machines,semiconductor cgra,Series A,Bengaluru,,,,16.7,Candidate,20.0,0,none,DERIVED analytics view of STARTUPS+SCORES; no new claims; sample=tracked universe (368).
S0253,NeuroPixel.AI,genai fashion ecommerce,,Bengaluru,Karnataka,,,6.2,Candidate,16.7,100,none,DERIVED analytics view of STARTUPS+SCORES; no new claims; sample=tracked universe (368).
S0254,Niro,fintech lending,,Bengaluru,Karnataka,,,8.3,Candidate,16.7,100,none,DERIVED analytics view of STARTUPS+SCORES; no new claims; sample=tracked universe (368).
S0255,Niyo,fintech / travel-fintech,late-stage (Series C+; acquiring RemitX forex assets Sep 2026),Bengaluru,Karnataka,,,89.6,Intelligence-grade,100.0,100,high,DERIVED analytics view of STARTUPS+SCORES; no new claims; sample=tracked universe (368).
S0256,SatSure,spacetech analytics,growth (Series A+; IN-SPACe tech adoption fund selectee 2026),Bengaluru,Karnataka,,,85.4,Intelligence-grade,100.0,100,high,DERIVED analytics view of STARTUPS+SCORES; no new claims; sample=tracked universe (368).
S0257,Simpl,fintech bnpl,distressed late-stage (RBI halt Sep 2025; ~100 layoffs; collections/ops only),Bengaluru,Karnataka,,,12.5,Candidate,20.0,0,none,DERIVED analytics view of STARTUPS+SCORES; no new claims; sample=tracked universe (368).
S0258,VerSe Innovation,media (Josh/Dailyhunt),late-stage unicorn (~$4-5B valuation band; $1.7-1.9B raised per trackers),Bengaluru,Karnataka,,,87.5,Intelligence-grade,100.0,100,high,DERIVED analytics view of STARTUPS+SCORES; no new claims; sample=tracked universe (368).
S0259,Wow! Momo,foodtech/qsr,"late-stage (Series D+; $150M+ raised; $20M debt raise Jul 2026; FY27 Rs 1,200 cr revenue target)",Kolkata,West Bengal,,,18.8,Candidate,16.7,0,none,DERIVED analytics view of STARTUPS+SCORES; no new claims; sample=tracked universe (368).
S0260,ARC,gaming,pre-seed (Rs 10.5 cr Sep 2026),Bengaluru,Karnataka,,,16.7,Candidate,16.7,0,none,DERIVED analytics view of STARTUPS+SCORES; no new claims; sample=tracked universe (368).
S0261,InstaAstro,spiritual tech,Series A (Aug 2026),Gurugram,Haryana,,,16.7,Candidate,20.0,0,none,DERIVED analytics view of STARTUPS+SCORES; no new claims; sample=tracked universe (368).
S0262,Iztri,homeservices,seed (Rs 10 cr Sep 2026),Bengaluru,Karnataka,,,16.7,Candidate,13.3,0,none,DERIVED analytics view of STARTUPS+SCORES; no new claims; sample=tracked universe (368).
S0263,Qila Games,gaming,pre-seed ($1M),Bengaluru,Karnataka,,,16.7,Candidate,13.3,0,none,DERIVED analytics view of STARTUPS+SCORES; no new claims; sample=tracked universe (368).
S0264,Sasta Sundar,healthtech/e-pharmacy,listed_public,Kolkata,West Bengal,2008,18,29.2,Basic,40.0,0,none,DERIVED analytics view of STARTUPS+SCORES; no new claims; sample=tracked universe (368).
S0265,Astrotalk,consumer services/astrology | spiritual tech,unicorn,Delhi NCR,,2017,9,29.2,Basic,66.7,0,none,DERIVED analytics view of STARTUPS+SCORES; no new claims; sample=tracked universe (368).
S0266,CarDekho (GirnarSoft),auto marketplace,pre_ipo,Jaipur,Rajasthan,2007,19,31.2,Basic,53.3,0,none,DERIVED analytics view of STARTUPS+SCORES; no new claims; sample=tracked universe (368).
S0267,SagarDefence Engineering,defence marine autonomy,series_b,Mumbai,Maharashtra,2015,11,31.2,Basic,30.0,0,none,DERIVED analytics view of STARTUPS+SCORES; no new claims; sample=tracked universe (368).
S0268,InRisk Labs (EarthRe),insurtech reinsurance,series_a,Ahmedabad,Gujarat,2024,2,29.2,Basic,66.7,0,none,DERIVED analytics view of STARTUPS+SCORES; no new claims; sample=tracked universe (368).
S0269,Videonetics,ai/video analytics,series_b,Kolkata,West Bengal,2008,18,27.1,Basic,30.0,0,none,DERIVED analytics view of STARTUPS+SCORES; no new claims; sample=tracked universe (368).
S0270,Drivn (DRIVN),ev/fintech,early_stage,Gurgaon,,2025,1,29.2,Basic,53.3,0,none,DERIVED analytics view of STARTUPS+SCORES; no new claims; sample=tracked universe (368).
S0271,Turtlemint,insurtech,ipo_filed,Mumbai,Maharashtra,2015,11,31.2,Basic,66.7,0,none,DERIVED analytics view of STARTUPS+SCORES; no new claims; sample=tracked universe (368).
S0272,ValuEnable,insurtech policy loans,seed,Mumbai,Maharashtra,2021,5,29.2,Basic,20.0,0,none,DERIVED analytics view of STARTUPS+SCORES; no new claims; sample=tracked universe (368).
S0273,Wellbeing Nutrition,d2c wellness,acquired,Mumbai,Maharashtra,2019,7,29.2,Basic,66.7,0,none,DERIVED analytics view of STARTUPS+SCORES; no new claims; sample=tracked universe (368).
S0274,Alt Carbon,climate / carbon dioxide removal (enhanced rock weathering),seed,Kolkata,West Bengal,2020,6,25.0,Basic,30.0,0,none,DERIVED analytics view of STARTUPS+SCORES; no new claims; sample=tracked universe (368).
S0275,Alphadroid,robotics / service robots (AMR),pre-Series A,Noida,Uttar Pradesh,,,16.7,Candidate,16.7,0,none,DERIVED analytics view of STARTUPS+SCORES; no new claims; sample=tracked universe (368).
S0276,Minfy Technologies,cloud / IT services (AI),profitable scale-up (bootstrapped),Hyderabad,Telangana,2016,10,20.8,Basic,10.0,0,none,DERIVED analytics view of STARTUPS+SCORES; no new claims; sample=tracked universe (368).
S0277,Celebal Technologies,enterprise data & AI solutions / services,Series B+ (debt top-up 2026),Jaipur,Rajasthan,2016,10,18.8,Candidate,16.7,0,none,DERIVED analytics view of STARTUPS+SCORES; no new claims; sample=tracked universe (368).
S0278,Tonbo Imaging,defence imaging / electro-optics,pre-IPO / Series D,Bengaluru,Karnataka,,,89.6,Intelligence-grade,100.0,100,high,DERIVED analytics view of STARTUPS+SCORES; no new claims; sample=tracked universe (368).
S0279,DigitalPaani,watertech / AI water-infrastructure management,early growth,Gurugram,Haryana,2020,6,18.8,Candidate,20.0,0,none,DERIVED analytics view of STARTUPS+SCORES; no new claims; sample=tracked universe (368).
S0280,Yuma Energy,EV battery swapping / Battery-as-a-Service,Series A,Bengaluru,,2022,4,70.8,Deep,100.0,100,moderate,DERIVED analytics view of STARTUPS+SCORES; no new claims; sample=tracked universe (368).
S0281,Solinas Integrity,robotics / water-sanitation infra (pipeline + septic-tank robots),"Series A (ESTIMATE — Series A1 reported via social snippet only, unverified)",Chennai,Tamil Nadu,2018,8,14.6,Candidate,16.7,0,none,DERIVED analytics view of STARTUPS+SCORES; no new claims; sample=tracked universe (368).
S0282,Covrzy,insurtech b2b,,Bengaluru,Karnataka,2022,4,8.3,Candidate,10.0,100,none,DERIVED analytics view of STARTUPS+SCORES; no new claims; sample=tracked universe (368).
S0283,IndiQube,proptech / flex workspace (managed offices),listed,Bengaluru,Karnataka,,,87.5,Intelligence-grade,100.0,100,moderate,DERIVED analytics view of STARTUPS+SCORES; no new claims; sample=tracked universe (368).
S0284,Smartworks,proptech coworking,Public (listed NSE/BSE July 2025),Gurugram,Haryana,2016,10,43.8,Enriched,100.0,60,none,DERIVED analytics view of STARTUPS+SCORES; no new claims; sample=tracked universe (368).
S0285,Amnex Infotechnologies (Amnex),govtech saas,Private (growth stage),Ahmedabad,Gujarat,2008,18,52.1,Enriched,86.7,60,none,DERIVED analytics view of STARTUPS+SCORES; no new claims; sample=tracked universe (368).
S0286,MakeMyTrip,travel-tech,Public (NASDAQ: MMYT),Gurugram,Haryana,2000,26,41.7,Enriched,86.7,60,none,DERIVED analytics view of STARTUPS+SCORES; no new claims; sample=tracked universe (368).
S0287,Spinny,auto/used cars,"Public (converting to public company, IPO planned CY27)",Gurugram,Haryana,2015,11,45.8,Enriched,86.7,80,none,DERIVED analytics view of STARTUPS+SCORES; no new claims; sample=tracked universe (368).
S0288,Traqo,logistics saas,Seed,Gurugram,Haryana,2022,4,47.9,Enriched,73.3,80,none,DERIVED analytics view of STARTUPS+SCORES; no new claims; sample=tracked universe (368).
S0289,Trevel,ev mobility premium,Seed,Gurugram,Haryana,2025,1,45.8,Enriched,86.7,100,none,DERIVED analytics view of STARTUPS+SCORES; no new claims; sample=tracked universe (368).
S0290,Runable,ai agents,Series A,Bengaluru,Karnataka,2025,1,87.5,Intelligence-grade,100.0,100,high,DERIVED analytics view of STARTUPS+SCORES; no new claims; sample=tracked universe (368).
S0291,GreenLine,environment/logistics tech,Series A,Mumbai,Maharashtra,2021,5,45.8,Enriched,86.7,60,none,DERIVED analytics view of STARTUPS+SCORES; no new claims; sample=tracked universe (368).
S0292,IDfy,regtech/id verification,"Private (Series F, IPO-ready)",Mumbai,Maharashtra,2011,15,50.0,Enriched,100.0,100,none,DERIVED analytics view of STARTUPS+SCORES; no new claims; sample=tracked universe (368).
S0293,QWEEN,d2c/jewellery,Series A,Bengaluru,Karnataka,2024,2,52.1,Enriched,86.7,80,none,DERIVED analytics view of STARTUPS+SCORES; no new claims; sample=tracked universe (368).
S0294,The Whole Truth,D2C / healthy snacks,growth,Mumbai,Maharashtra,,,10.4,Candidate,6.7,100,none,DERIVED analytics view of STARTUPS+SCORES; no new claims; sample=tracked universe (368).
S0295,WinZO,gaming / real-money,late,New Delhi,,,,18.8,Candidate,20.0,100,none,DERIVED analytics view of STARTUPS+SCORES; no new claims; sample=tracked universe (368).
S0296,Nestasia,ecommerce / home decor D2C,early-growth,Kolkata,West Bengal,2019,7,79.2,Intelligence-grade,100.0,100,high,DERIVED analytics view of STARTUPS+SCORES; no new claims; sample=tracked universe (368).
S0297,Zettaone,semiconductors / electronics manufacturing,growth,Krishnagiri,,,,16.7,Candidate,100.0,100,none,DERIVED analytics view of STARTUPS+SCORES; no new claims; sample=tracked universe (368).
S0298,Landeed,proptech / property title search,early,Hyderabad,Telangana,,,16.7,Candidate,20.0,100,none,DERIVED analytics view of STARTUPS+SCORES; no new claims; sample=tracked universe (368).
S0299,Milky Mist,dairy / processed foods,listed,Erode / Perundurai,,,,18.8,Candidate,10.0,100,none,DERIVED analytics view of STARTUPS+SCORES; no new claims; sample=tracked universe (368).
S0300,QuickShift,logistics / D2C fulfillment,early,Gurugram,Haryana,,,12.5,Candidate,20.0,100,low,DERIVED analytics view of STARTUPS+SCORES; no new claims; sample=tracked universe (368).
S0301,Atlan,SaaS / data collaboration & governance,late,New Delhi,,,,22.9,Basic,20.0,100,none,DERIVED analytics view of STARTUPS+SCORES; no new claims; sample=tracked universe (368).
S0302,CHOSEN (skin/hair),D2C beauty / science-led skincare,early,Chennai,Tamil Nadu,,,12.5,Candidate,10.0,100,none,DERIVED analytics view of STARTUPS+SCORES; no new claims; sample=tracked universe (368).
S0303,Big Mishra,food / ethnic sweets,growth,UNKNOWN,,,,18.8,Candidate,20.0,100,none,DERIVED analytics view of STARTUPS+SCORES; no new claims; sample=tracked universe (368).
S0304,Centricity,wealthtech,Series A,Gurugram,Haryana,2023,3,27.1,Basic,66.7,0,none,DERIVED analytics view of STARTUPS+SCORES; no new claims; sample=tracked universe (368).
S0305,Graph AI,AI / healthtech (pharmacovigilance),Series A,Pleasanton,,2024,2,70.8,Deep,66.7,100,none,DERIVED analytics view of STARTUPS+SCORES; no new claims; sample=tracked universe (368).
S0306,GROWiT India,agritech (crop protection / protected cultivation),Series A,Surat,,2020,6,27.1,Basic,20.0,100,none,DERIVED analytics view of STARTUPS+SCORES; no new claims; sample=tracked universe (368).
S0307,Mindgrove Technologies,semiconductors,Series A,Chennai,Tamil Nadu,,,68.8,Deep,80.0,100,high,DERIVED analytics view of STARTUPS+SCORES; no new claims; sample=tracked universe (368).
S0308,NeoGeo,geospatial intelligence,Series A,Gurugram,Haryana,2019,7,14.6,Candidate,66.7,0,none,DERIVED analytics view of STARTUPS+SCORES; no new claims; sample=tracked universe (368).
S0309,Kepler Aerospace,spacetech,Seed,Bengaluru,Karnataka,2018,8,77.1,Intelligence-grade,100.0,100,moderate,DERIVED analytics view of STARTUPS+SCORES; no new claims; sample=tracked universe (368).
S0310,CARS24,auto marketplace | used cars,Unicorn,Gurugram,Haryana,,,79.2,Intelligence-grade,100.0,100,high,DERIVED analytics view of STARTUPS+SCORES; no new claims; sample=tracked universe (368).
S0311,DealShare,social commerce,,Jaipur,Rajasthan,,,6.2,Candidate,33.3,100,none,DERIVED analytics view of STARTUPS+SCORES; no new claims; sample=tracked universe (368).
S0312,Chakr Innovation,cleantech (emission control),Series C,Delhi NCR,Delhi,,,20.8,Basic,16.7,100,none,DERIVED analytics view of STARTUPS+SCORES; no new claims; sample=tracked universe (368).
S0313,Dhruva Space,spacetech infra,Growth (institutional space-tech fund backed),Hyderabad,Telangana,2012,14,20.8,Basic,20.0,100,none,DERIVED analytics view of STARTUPS+SCORES; no new claims; sample=tracked universe (368).
S0314,Nawgati,fuel-tech,Series A,Delhi NCR,Delhi,,,29.2,Basic,50.0,0,none,DERIVED analytics view of STARTUPS+SCORES; no new claims; sample=tracked universe (368).
S0315,Zaggle,fintech/spend management,Listed,Hyderabad,Telangana,,,20.8,Basic,50.0,0,none,DERIVED analytics view of STARTUPS+SCORES; no new claims; sample=tracked universe (368).
S0316,R for Rabbit,d2c baby products,Growth,Ahmedabad,Gujarat,2014,12,89.6,Intelligence-grade,100.0,100,high,DERIVED analytics view of STARTUPS+SCORES; no new claims; sample=tracked universe (368).
S0317,BharatAgri,agritech,,Bengaluru,Karnataka,,,6.2,Candidate,16.7,100,none,DERIVED analytics view of STARTUPS+SCORES; no new claims; sample=tracked universe (368).
S0318,BluSmart,ev ride-hailing,,Ahmedabad,Gujarat,,,6.2,Candidate,13.3,100,none,DERIVED analytics view of STARTUPS+SCORES; no new claims; sample=tracked universe (368).
S0319,Yantra Packs,logistics packaging,Seed,Gurugram,Haryana,,,16.7,Candidate,60.0,100,none,DERIVED analytics view of STARTUPS+SCORES; no new claims; sample=tracked universe (368).
S0320,Cradlewise,d2c / baby tech,Series A,Bengaluru,Karnataka,,,83.3,Intelligence-grade,100.0,100,high,DERIVED analytics view of STARTUPS+SCORES; no new claims; sample=tracked universe (368).
S0321,Jaipur Robotics,robotics / computer vision,Seed,"Manno, Switzerland",,,,16.7,Candidate,60.0,0,none,DERIVED analytics view of STARTUPS+SCORES; no new claims; sample=tracked universe (368).
S0322,InsuranceDekho,insurtech,Growth,Gurugram,Haryana,,,83.3,Intelligence-grade,100.0,100,moderate,DERIVED analytics view of STARTUPS+SCORES; no new claims; sample=tracked universe (368).
S0323,MOPP Foods (Moppfoods),foodtech cloud kitchen,Growth,Gurugram,Haryana,2019,7,16.7,Candidate,40.0,0,none,DERIVED analytics view of STARTUPS+SCORES; no new claims; sample=tracked universe (368).
S0324,RenewBuy,insurtech,,Gurugram,Haryana,2015,11,8.3,Candidate,20.0,100,none,DERIVED analytics view of STARTUPS+SCORES; no new claims; sample=tracked universe (368).
S0325,Yubi,fintech/debt marketplace,unicorn,Chennai,Tamil Nadu,2020,6,27.1,Basic,60.0,0,none,DERIVED analytics view of STARTUPS+SCORES; no new claims; sample=tracked universe (368).
S0326,Guickly,AI,seed,Bengaluru,Karnataka,2026,0,29.2,Basic,40.0,0,none,DERIVED analytics view of STARTUPS+SCORES; no new claims; sample=tracked universe (368).
S0327,Zoplar,healthtech,,Unknown,,,,8.3,Candidate,20.0,100,none,DERIVED analytics view of STARTUPS+SCORES; no new claims; sample=tracked universe (368).
S0328,Navata Supply Chain Solutions,logistics last-mile,early_growth,Hyderabad,Telangana,2020,6,29.2,Basic,40.0,100,none,DERIVED analytics view of STARTUPS+SCORES; no new claims; sample=tracked universe (368).
S0329,Astra,AI agents SaaS,,Unknown,,,,8.3,Candidate,16.7,100,none,DERIVED analytics view of STARTUPS+SCORES; no new claims; sample=tracked universe (368).
S0330,mPokket,fintech/lending,growth,Kolkata,West Bengal,2016,10,27.1,Basic,40.0,0,none,DERIVED analytics view of STARTUPS+SCORES; no new claims; sample=tracked universe (368).
S0331,StockEdge/Kredent,fintech/market analytics,growth,Kolkata,West Bengal,,,27.1,Basic,40.0,100,none,DERIVED analytics view of STARTUPS+SCORES; no new claims; sample=tracked universe (368).
S0332,EyeROV,robotics marine,growth,Kochi,Kerala,,,33.3,Basic,80.0,0,none,DERIVED analytics view of STARTUPS+SCORES; no new claims; sample=tracked universe (368).
S0333,iHub Robotics,robotics humanoid,early,Kochi,Kerala,,,29.2,Basic,30.0,0,none,DERIVED analytics view of STARTUPS+SCORES; no new claims; sample=tracked universe (368).
S0334,AU Small Finance Bank,,,Jaipur,Rajasthan,,,6.2,Candidate,100.0,100,none,DERIVED analytics view of STARTUPS+SCORES; no new claims; sample=tracked universe (368).
S0335,Climatech Environment,,,Jaipur,Rajasthan,,,6.2,Candidate,20.0,100,none,DERIVED analytics view of STARTUPS+SCORES; no new claims; sample=tracked universe (368).
S0336,Finova Capital,,,Jaipur,Rajasthan,,,6.2,Candidate,10.0,100,none,DERIVED analytics view of STARTUPS+SCORES; no new claims; sample=tracked universe (368).
S0337,Garuda Aerospace,,,Chennai,Tamil Nadu,,,6.2,Candidate,20.0,100,none,DERIVED analytics view of STARTUPS+SCORES; no new claims; sample=tracked universe (368).
S0338,Hisabkitab,saas accounting,Seed,Surat,Gujarat,,,31.2,Basic,50.0,100,none,DERIVED analytics view of STARTUPS+SCORES; no new claims; sample=tracked universe (368).
S0339,Pickkup,ev logistics,Seed,Chandigarh,Chandigarh,,,35.4,Basic,50.0,40,none,DERIVED analytics view of STARTUPS+SCORES; no new claims; sample=tracked universe (368).
S0340,ShopKirana,b2b retail supply,Acquired,Indore,Madhya Pradesh,2015,11,37.5,Basic,100.0,100,none,DERIVED analytics view of STARTUPS+SCORES; no new claims; sample=tracked universe (368).
S0341,Theater,fashion / d2c,Series A,Chandigarh,Chandigarh,2021,5,33.3,Basic,50.0,100,none,DERIVED analytics view of STARTUPS+SCORES; no new claims; sample=tracked universe (368).
S0342,Advaita Interactive,,,Kolkata,West Bengal,,,6.2,Candidate,20.0,0,none,DERIVED analytics view of STARTUPS+SCORES; no new claims; sample=tracked universe (368).
S0343,Lissun,mental health / healthtech,Series A,Gurugram,Haryana,2021,5,22.9,Basic,70.0,0,none,DERIVED analytics view of STARTUPS+SCORES; no new claims; sample=tracked universe (368).
S0344,Aeron Systems,aerospace / defence deeptech,Pre-Series B,Pune,Maharashtra,,,20.8,Basic,70.0,0,none,DERIVED analytics view of STARTUPS+SCORES; no new claims; sample=tracked universe (368).
S0345,Alle,AI fashion / e-commerce,Shut down,Bengaluru,Karnataka,2023,3,27.1,Basic,60.0,100,none,DERIVED analytics view of STARTUPS+SCORES; no new claims; sample=tracked universe (368).
S0346,Altigreen,electric mobility / EV powertrain,Growth,Bengaluru,Karnataka,,,14.6,Candidate,50.0,100,none,DERIVED analytics view of STARTUPS+SCORES; no new claims; sample=tracked universe (368).
S0347,Clear (ClearTax),fintech saas,Late-stage / Unicorn,Bengaluru,Karnataka,2011,15,25.0,Basic,80.0,0,low,DERIVED analytics view of STARTUPS+SCORES; no new claims; sample=tracked universe (368).
S0348,Gramophone,agritech advisory,Merged,Indore,Madhya Pradesh,,,16.7,Candidate,100.0,100,none,DERIVED analytics view of STARTUPS+SCORES; no new claims; sample=tracked universe (368).
S0349,Indrajaal,defence/counter-drone ai,Growth,Hyderabad,Telangana,,,25.0,Basic,80.0,0,none,DERIVED analytics view of STARTUPS+SCORES; no new claims; sample=tracked universe (368).
S0350,Leap India,supply chain / pallets,Listed,Bengaluru,Karnataka,,,22.9,Basic,86.7,0,none,DERIVED analytics view of STARTUPS+SCORES; no new claims; sample=tracked universe (368).
S0351,Ola Electric,ev (listed),Listed,Bengaluru,Karnataka,,,22.9,Basic,86.7,0,none,DERIVED analytics view of STARTUPS+SCORES; no new claims; sample=tracked universe (368).
S0352,Rilo,martech / ai,Acquired,Mumbai,Maharashtra,,,25.0,Basic,100.0,100,none,DERIVED analytics view of STARTUPS+SCORES; no new claims; sample=tracked universe (368).
S0353,Sanlayan Technologies,defence electronics,Series A,Bengaluru,Karnataka,2023,3,20.8,Basic,100.0,100,none,DERIVED analytics view of STARTUPS+SCORES; no new claims; sample=tracked universe (368).
S0354,Shopflo,fintech / checkout,acquired,Bengaluru,Karnataka,2021,5,25.0,Basic,73.3,0,none,DERIVED analytics view of STARTUPS+SCORES; no new claims; sample=tracked universe (368).
S0355,smallest.ai,ai/voice,Series A,San Francisco,"California, USA",2023,3,31.2,Basic,83.3,0,none,DERIVED analytics view of STARTUPS+SCORES; no new claims; sample=tracked universe (368).
S0356,Dv2js Innovation,defence tech,funded,Delhi,Delhi,2018,8,25.0,Basic,26.7,0,none,DERIVED analytics view of STARTUPS+SCORES; no new claims; sample=tracked universe (368).
S0357,4700BC,d2c foods,acquired,Mumbai,Maharashtra,2012,14,29.2,Basic,100.0,0,none,DERIVED analytics view of STARTUPS+SCORES; no new claims; sample=tracked universe (368).
S0358,Dunzo,hyperlocal delivery / quick commerce,,Bengaluru,Karnataka,2015,11,8.3,Candidate,33.3,100,none,DERIVED analytics view of STARTUPS+SCORES; no new claims; sample=tracked universe (368).
S0359,GamesKraft,gaming rmg,late stage,Bengaluru,Karnataka,2017,9,27.1,Basic,100.0,0,none,DERIVED analytics view of STARTUPS+SCORES; no new claims; sample=tracked universe (368).
S0360,Good Glamm Group,d2c beauty (roll-up),,Mumbai,Maharashtra,2021,5,8.3,Candidate,36.7,100,none,DERIVED analytics view of STARTUPS+SCORES; no new claims; sample=tracked universe (368).
S0361,Head Digital Works,gaming rmg (a23),late stage,Hyderabad,Telangana,2005,21,29.2,Basic,56.7,0,none,DERIVED analytics view of STARTUPS+SCORES; no new claims; sample=tracked universe (368).
S0362,Hike,gaming / web3,,Bengaluru,Karnataka,2012,14,8.3,Candidate,36.7,100,none,DERIVED analytics view of STARTUPS+SCORES; no new claims; sample=tracked universe (368).
S0363,KiranaClub,b2b commerce,acquired,Bengaluru,Karnataka,,,27.1,Basic,100.0,0,none,DERIVED analytics view of STARTUPS+SCORES; no new claims; sample=tracked universe (368).
S0364,Log9 Materials,battery tech / deep-tech,Insolvency (2025),Bengaluru,Karnataka,,,18.8,Candidate,70.0,100,none,DERIVED analytics view of STARTUPS+SCORES; no new claims; sample=tracked universe (368).
S0365,PokerBaazi,online gaming / RMG,Late stage,Kolkata,West Bengal,2014,12,18.8,Candidate,86.7,100,low,DERIVED analytics view of STARTUPS+SCORES; no new claims; sample=tracked universe (368).
S0366,Pync,quick home services,Shut down (2026),Bengaluru,Karnataka,2023,3,25.0,Basic,90.0,100,none,DERIVED analytics view of STARTUPS+SCORES; no new claims; sample=tracked universe (368).
S0367,Zupee,gaming rmg,late-stage,Bengaluru,Karnataka,2018,8,81.2,Intelligence-grade,100.0,100,high,DERIVED analytics view of STARTUPS+SCORES; no new claims; sample=tracked universe (368).
S0368,Vicharak,High Tech / Edge Computing,Seed,Surat,Gujarat,2021,5,60.4,Deep,100.0,100,moderate,DERIVED analytics view of STARTUPS+SCORES; no new claims; sample=tracked universe (368).
